id,timestamp,mac,temperatura,umidade,latencia
1,2025-07-06 16:36:27,40:4c:ca:5e:09:2c,30.33,86.43,58
2,2025-07-06 16:36:29,40:4c:ca:5e:02:44,23.62,86.29,48
3,2025-07-06 16:37:28,40:4c:ca:5e:00:a0,23.62,86.29,56
4,2025-07-06 16:37:29,40:4c:ca:5d:e6:e8,23.62,86.29,60
5,2025-07-06 16:38:29,40:4c:ca:5e:09:2c,23.62,86.29,58
6,2025-07-06 16:38:29,40:4c:ca:5e:09:2c,23.62,86.29,58
7,2025-07-06 16:38:30,40:4c:ca:5e:02:44,25.0,75.08,56
8,2025-07-06 16:39:28,40:4c:ca:5e:00:a0,25.0,75.08,51
9,2025-07-06 16:39:28,40:4c:ca:5d:e6:e8,25.0,75.08,52
10,2025-07-06 16:40:29,40:4c:ca:5e:09:2c,25.0,75.08,52
11,2025-07-06 16:40:29,40:4c:ca:5e:09:2c,25.0,75.08,52
12,2025-07-06 16:40:30,40:4c:ca:5e:02:44,27.52,78.56,48
13,2025-07-06 16:40:31,40:4c:ca:5e:02:44,27.52,78.56,48
14,2025-07-06 16:41:29,40:4c:ca:5e:00:a0,27.52,78.56,77
15,2025-07-06 16:41:29,40:4c:ca:5d:e6:e8,27.52,78.56,75
16,2025-07-06 16:41:29,40:4c:ca:5e:00:a0,27.52,78.56,77
17,2025-07-06 16:42:28,40:4c:ca:5e:09:2c,27.52,78.56,60
18,2025-07-06 16:42:28,40:4c:ca:5e:09:2c,27.52,78.56,60
19,2025-07-06 16:42:30,40:4c:ca:5e:02:44,23.56,64.19,57
20,2025-07-06 16:42:31,40:4c:ca:5e:02:44,23.56,64.19,57
21,2025-07-06 16:43:29,40:4c:ca:5e:00:a0,23.56,64.19,57
22,2025-07-06 16:43:29,40:4c:ca:5d:e6:e8,23.56,64.19,66
23,2025-07-06 16:43:29,40:4c:ca:5e:00:a0,23.56,64.19,57
24,2025-07-06 16:44:28,40:4c:ca:5e:09:2c,23.56,64.19,65
25,2025-07-06 16:44:30,40:4c:ca:5e:09:2c,23.56,64.19,65
26,2025-07-06 16:44:30,40:4c:ca:5e:02:44,20.11,76.51,54
27,2025-07-06 16:45:30,40:4c:ca:5e:00:a0,20.11,76.51,57
28,2025-07-06 16:45:30,40:4c:ca:5e:00:a0,20.11,76.51,57
29,2025-07-06 16:45:30,40:4c:ca:5d:e6:e8,20.11,76.51,52
30,2025-07-06 16:45:31,40:4c:ca:5e:00:a0,20.11,76.51,57
31,2025-07-06 16:46:29,40:4c:ca:5e:09:2c,20.11,76.51,49
32,2025-07-06 16:46:30,40:4c:ca:5e:09:2c,20.11,76.51,49
33,2025-07-06 16:46:30,40:4c:ca:5e:02:44,23.43,82.05,46
34,2025-07-06 16:46:30,40:4c:ca:5e:02:44,23.43,82.05,46
35,2025-07-06 16:47:28,40:4c:ca:5e:00:a0,23.43,82.05,47
36,2025-07-06 16:47:29,40:4c:ca:5d:e6:e8,23.43,82.05,69
37,2025-07-06 16:48:28,40:4c:ca:5e:09:2c,23.43,82.05,61
38,2025-07-06 16:48:30,40:4c:ca:5e:02:44,29.08,88.93,55
39,2025-07-06 16:49:28,40:4c:ca:5e:00:a0,29.08,88.93,59
40,2025-07-06 16:49:28,40:4c:ca:5d:e6:e8,29.08,88.93,50
41,2025-07-06 16:50:28,40:4c:ca:5e:09:2c,29.08,88.93,47
42,2025-07-06 16:50:30,40:4c:ca:5e:02:44,28.3,61.66,57
43,2025-07-06 16:51:28,40:4c:ca:5e:00:a0,28.3,61.66,54
44,2025-07-06 16:51:30,40:4c:ca:5d:e6:e8,28.3,61.66,45
45,2025-07-06 16:52:28,40:4c:ca:5e:09:2c,28.3,61.66,41
46,2025-07-06 16:52:30,40:4c:ca:5e:02:44,27.69,70.32,43
47,2025-07-06 16:53:28,40:4c:ca:5e:00:a0,27.69,70.32,43
48,2025-07-06 16:53:28,40:4c:ca:5d:e6:e8,27.69,70.32,61
49,2025-07-06 16:54:28,40:4c:ca:5e:09:2c,27.69,70.32,62
50,2025-07-06 16:54:29,40:4c:ca:5e:09:2c,27.69,70.32,62
51,2025-07-06 16:54:31,40:4c:ca:5e:02:44,28.17,67.47,43
52,2025-07-06 16:54:31,40:4c:ca:5e:02:44,28.17,67.47,43
53,2025-07-06 16:55:28,40:4c:ca:5e:00:a0,28.17,67.47,44
54,2025-07-06 16:55:28,40:4c:ca:5d:e6:e8,28.17,67.47,52
55,2025-07-06 16:55:29,40:4c:ca:5e:00:a0,28.17,67.47,44
56,2025-07-06 16:56:28,40:4c:ca:5e:09:2c,28.17,67.47,51
57,2025-07-06 16:56:30,40:4c:ca:5e:02:44,23.72,61.68,54
58,2025-07-06 16:57:28,40:4c:ca:5e:00:a0,23.72,61.68,47
59,2025-07-06 16:57:29,40:4c:ca:5d:e6:e8,23.72,61.68,58
60,2025-07-06 16:58:28,40:4c:ca:5e:09:2c,23.72,61.68,58
61,2025-07-06 16:58:29,40:4c:ca:5e:02:44,24.8,69.23,54
62,2025-07-06 16:59:29,40:4c:ca:5e:00:a0,24.8,69.23,54
63,2025-07-06 16:59:29,40:4c:ca:5d:e6:e8,24.8,69.23,60
64,2025-07-06 16:59:31,40:4c:ca:5e:00:a0,24.8,69.23,54
65,2025-07-06 17:00:28,40:4c:ca:5e:09:2c,24.8,69.23,66
66,2025-07-06 17:00:31,40:4c:ca:5e:02:44,24.49,65.92,42
67,2025-07-06 17:00:31,40:4c:ca:5e:02:44,24.49,65.92,42
68,2025-07-06 17:01:29,40:4c:ca:5e:00:a0,24.49,65.92,50
69,2025-07-06 17:01:29,40:4c:ca:5d:e6:e8,24.49,65.92,53
70,2025-07-06 17:01:29,40:4c:ca:5e:00:a0,24.49,65.92,50
71,2025-07-06 17:39:18,40:4c:ca:5e:09:2c,24.49,65.92,62
72,2025-07-06 17:40:29,40:4c:ca:5e:09:2c,20.56,75.32,41
73,2025-07-06 17:40:29,40:4c:ca:5e:09:2c,20.56,75.32,41
74,2025-07-06 17:41:29,40:4c:ca:5e:00:a0,28.72,87.13,40
75,2025-07-06 17:41:29,40:4c:ca:5d:e6:e8,28.72,87.13,41
76,2025-07-06 17:41:29,40:4c:ca:5e:00:a0,28.72,87.13,40
77,2025-07-06 17:42:28,40:4c:ca:5e:09:2c,28.72,87.13,41
78,2025-07-06 17:43:28,40:4c:ca:5e:00:a0,25.9,70.09,42
79,2025-07-06 17:43:28,40:4c:ca:5d:e6:e8,25.9,70.09,42
80,2025-07-06 17:43:29,40:4c:ca:5e:00:a0,25.9,70.09,42
81,2025-07-06 17:44:28,40:4c:ca:5e:09:2c,25.9,70.09,43
82,2025-07-06 17:45:28,40:4c:ca:5e:00:a0,24.19,73.05,30
83,2025-07-06 17:45:28,40:4c:ca:5d:e6:e8,24.19,73.05,33
84,2025-07-06 17:45:30,40:4c:ca:5e:00:a0,24.19,73.05,30
85,2025-07-06 17:46:28,40:4c:ca:5e:09:2c,24.19,73.05,47
86,2025-07-06 17:47:28,40:4c:ca:5e:00:a0,24.95,63.49,40
87,2025-07-06 17:47:28,40:4c:ca:5d:e6:e8,24.95,63.49,43
88,2025-07-06 17:48:28,40:4c:ca:5e:09:2c,24.95,63.49,41
89,2025-07-06 17:49:28,40:4c:ca:5e:00:a0,23.27,61.19,42
90,2025-07-06 17:49:28,40:4c:ca:5d:e6:e8,23.27,61.19,43
91,2025-07-06 17:50:28,40:4c:ca:5e:09:2c,23.27,61.19,45
92,2025-07-06 17:51:28,40:4c:ca:5e:00:a0,23.97,89.24,44
93,2025-07-06 17:51:28,40:4c:ca:5d:e6:e8,23.97,89.24,32
94,2025-07-06 17:52:28,40:4c:ca:5e:09:2c,23.97,89.24,35
95,2025-07-06 17:53:28,40:4c:ca:5e:00:a0,29.96,81.49,39
96,2025-07-06 17:53:29,40:4c:ca:5d:e6:e8,29.96,81.49,43
97,2025-07-06 17:54:28,40:4c:ca:5e:09:2c,29.96,81.49,42
98,2025-07-06 17:55:29,40:4c:ca:5e:00:a0,23.56,63.84,43
99,2025-07-06 17:55:29,40:4c:ca:5d:e6:e8,23.56,63.84,45
100,2025-07-06 17:55:29,40:4c:ca:5e:00:a0,23.56,63.84,43
101,2025-07-06 17:56:28,40:4c:ca:5e:09:2c,23.56,63.84,38
102,2025-07-06 17:57:28,40:4c:ca:5e:00:a0,18.93,69.45,41
103,2025-07-06 17:57:28,40:4c:ca:5d:e6:e8,18.93,69.45,44
104,2025-07-06 17:57:29,40:4c:ca:5e:00:a0,18.93,69.45,41
105,2025-07-06 17:58:27,40:4c:ca:5e:09:2c,18.93,69.45,43
106,2025-07-06 17:59:29,40:4c:ca:5e:00:a0,26.07,88.06,43
107,2025-07-06 17:59:29,40:4c:ca:5d:e6:e8,26.07,88.06,42
108,2025-07-06 17:59:29,40:4c:ca:5e:00:a0,26.07,88.06,43
109,2025-07-06 18:00:29,40:4c:ca:5e:09:2c,26.07,88.06,44
110,2025-07-06 18:00:29,40:4c:ca:5e:09:2c,26.07,88.06,44
111,2025-07-06 18:01:29,40:4c:ca:5e:00:a0,22.09,76.54,43
112,2025-07-06 18:01:29,40:4c:ca:5d:e6:e8,22.09,76.54,52
113,2025-07-06 18:01:29,40:4c:ca:5e:00:a0,22.09,76.54,43
114,2025-07-06 18:02:28,40:4c:ca:5e:09:2c,22.09,76.54,32
115,2025-07-06 18:02:28,40:4c:ca:5e:09:2c,22.09,76.54,32
116,2025-07-06 18:03:30,40:4c:ca:5d:e6:e8,18.52,86.65,60
117,2025-07-06 18:03:30,40:4c:ca:5e:00:a0,18.52,86.65,1562
118,2025-07-06 18:03:31,40:4c:ca:5d:e6:e8,18.52,86.65,60
119,2025-07-06 18:04:28,40:4c:ca:5e:09:2c,18.52,86.65,125
120,2025-07-06 18:04:33,40:4c:ca:5e:02:44,23.62,86.29,55
121,2025-07-06 18:04:35,40:4c:ca:5e:02:44,23.62,86.29,55
122,2025-07-06 18:05:30,40:4c:ca:5d:e6:e8,25.83,61.38,55
123,2025-07-06 18:05:30,40:4c:ca:5e:00:a0,25.83,61.38,57
124,2025-07-06 18:05:31,40:4c:ca:5d:e6:e8,25.83,61.38,55
125,2025-07-06 18:06:29,40:4c:ca:5e:09:2c,25.83,61.38,69
126,2025-07-06 18:06:29,40:4c:ca:5e:09:2c,25.83,61.38,69
127,2025-07-06 18:06:33,40:4c:ca:5e:02:44,25.0,75.08,71
128,2025-07-06 18:07:29,40:4c:ca:5d:e6:e8,30.01,78.9,71
129,2025-07-06 18:07:29,40:4c:ca:5e:00:a0,30.01,78.9,71
130,2025-07-06 18:08:29,40:4c:ca:5e:09:2c,30.01,78.9,60
131,2025-07-06 18:08:29,40:4c:ca:5e:09:2c,30.01,78.9,60
132,2025-07-06 18:08:33,40:4c:ca:5e:02:44,27.52,78.56,55
133,2025-07-06 18:09:29,40:4c:ca:5d:e6:e8,28.3,81.37,73
134,2025-07-06 18:09:30,40:4c:ca:5e:00:a0,28.3,81.37,70
135,2025-07-06 18:10:28,40:4c:ca:5e:09:2c,28.3,81.37,60
136,2025-07-06 18:10:33,40:4c:ca:5e:02:44,23.56,64.19,57
137,2025-07-06 18:10:33,40:4c:ca:5e:02:44,23.56,64.19,57
138,2025-07-06 18:11:30,40:4c:ca:5e:00:a0,24.95,73.56,85
139,2025-07-06 18:12:29,40:4c:ca:5e:09:2c,24.95,73.56,72
140,2025-07-06 18:12:30,40:4c:ca:5e:09:2c,24.95,73.56,72
141,2025-07-06 18:13:30,40:4c:ca:5e:00:a0,25.63,79.11,57
142,2025-07-06 18:14:28,40:4c:ca:5e:09:2c,25.63,79.11,58
143,2025-07-06 18:14:29,40:4c:ca:5e:09:2c,25.63,79.11,58
144,2025-07-06 18:15:30,40:4c:ca:5e:00:a0,20.27,74.42,60
145,2025-07-06 18:15:30,40:4c:ca:5e:00:a0,20.27,74.42,60
146,2025-07-06 18:16:29,40:4c:ca:5e:09:2c,20.27,74.42,56
147,2025-07-06 18:16:29,40:4c:ca:5e:09:2c,20.27,74.42,56
148,2025-07-06 18:17:30,40:4c:ca:5e:00:a0,27.06,80.68,67
149,2025-07-06 18:17:30,40:4c:ca:5e:00:a0,27.06,80.68,67
150,2025-07-06 18:18:28,40:4c:ca:5e:09:2c,27.06,80.68,55
151,2025-07-06 18:19:30,40:4c:ca:5e:00:a0,21.12,75.01,60
152,2025-07-06 18:20:28,40:4c:ca:5e:09:2c,21.12,75.01,65
153,2025-07-06 18:20:29,40:4c:ca:5e:09:2c,21.12,75.01,65
154,2025-07-06 18:21:30,40:4c:ca:5e:00:a0,23.1,76.8,59
155,2025-07-06 18:22:29,40:4c:ca:5e:09:2c,23.1,76.8,61
156,2025-07-06 18:22:30,40:4c:ca:5e:09:2c,23.1,76.8,61
157,2025-07-06 18:23:29,40:4c:ca:5e:00:a0,23.58,70.71,59
158,2025-07-06 18:24:28,40:4c:ca:5e:09:2c,23.58,70.71,61
159,2025-07-06 18:24:30,40:4c:ca:5e:09:2c,23.58,70.71,61
160,2025-07-06 18:26:28,40:4c:ca:5e:09:2c,23.31,75.14,52
161,2025-07-06 18:28:27,40:4c:ca:5e:09:2c,28.47,87.64,48
162,2025-07-06 18:30:28,40:4c:ca:5e:09:2c,30.97,69.25,46
163,2025-07-06 18:32:28,40:4c:ca:5e:09:2c,29.38,84.31,53
164,2025-07-06 18:32:29,40:4c:ca:5e:09:2c,29.38,84.31,53
165,2025-07-06 18:34:28,40:4c:ca:5e:09:2c,19.18,71.87,50
166,2025-07-06 18:34:29,40:4c:ca:5e:09:2c,19.18,71.87,50
167,2025-07-06 18:36:28,40:4c:ca:5e:09:2c,19.51,66.87,58
168,2025-07-06 18:38:28,40:4c:ca:5e:09:2c,28.13,61.79,46
169,2025-07-06 18:40:28,40:4c:ca:5e:09:2c,26.95,90.5,47
170,2025-07-06 18:40:28,40:4c:ca:5e:09:2c,26.95,90.5,47
171,2025-07-06 18:42:27,40:4c:ca:5e:09:2c,29.5,66.13,55
172,2025-07-06 18:44:28,40:4c:ca:5e:09:2c,27.62,78.34,56
173,2025-07-06 18:46:28,40:4c:ca:5e:09:2c,29.73,67.47,48
174,2025-07-06 18:48:28,40:4c:ca:5e:09:2c,25.21,66.3,43
175,2025-07-06 18:50:28,40:4c:ca:5e:09:2c,26.4,68.57,46
176,2025-07-06 18:52:28,40:4c:ca:5e:09:2c,25.78,66.26,50
177,2025-07-06 18:54:29,40:4c:ca:5e:09:2c,18.03,79.97,46
178,2025-07-06 18:56:28,40:4c:ca:5e:09:2c,26.08,89.93,47
179,2025-07-06 18:58:27,40:4c:ca:5e:09:2c,18.88,89.38,55
180,2025-07-06 19:00:28,40:4c:ca:5e:09:2c,24.85,73.93,44
181,2025-07-06 19:02:27,40:4c:ca:5e:09:2c,28.88,68.2,55
182,2025-07-06 19:04:28,40:4c:ca:5e:09:2c,19.11,83.46,49
183,2025-07-06 19:06:28,40:4c:ca:5e:09:2c,20.87,87.1,46
184,2025-07-06 19:08:27,40:4c:ca:5e:09:2c,18.09,70.87,62
185,2025-07-06 19:10:28,40:4c:ca:5e:09:2c,19.68,77.03,49
186,2025-07-06 19:12:28,40:4c:ca:5e:09:2c,26.73,60.0,65
187,2025-07-06 19:14:28,40:4c:ca:5e:09:2c,19.74,63.05,52
188,2025-07-06 19:16:27,40:4c:ca:5e:09:2c,26.83,72.52,54
189,2025-07-06 19:18:28,40:4c:ca:5e:09:2c,21.7,69.87,50
190,2025-07-06 19:20:28,40:4c:ca:5e:09:2c,30.02,69.1,46
191,2025-07-06 19:22:28,40:4c:ca:5e:09:2c,23.05,85.1,46
192,2025-07-06 19:24:27,40:4c:ca:5e:09:2c,29.0,76.96,57
193,2025-07-06 19:26:28,40:4c:ca:5e:09:2c,27.42,70.85,43
194,2025-07-06 19:28:27,40:4c:ca:5e:09:2c,24.6,78.47,46
195,2025-07-06 19:30:27,40:4c:ca:5e:09:2c,25.24,74.31,47
196,2025-07-06 19:32:28,40:4c:ca:5e:09:2c,26.58,72.86,44
197,2025-07-06 19:34:28,40:4c:ca:5e:09:2c,18.19,88.0,54
198,2025-07-06 19:36:27,40:4c:ca:5e:09:2c,19.15,77.55,52
199,2025-07-06 19:38:27,40:4c:ca:5e:09:2c,25.82,66.74,53
200,2025-07-06 19:40:27,40:4c:ca:5e:09:2c,21.61,73.06,59
201,2025-07-06 19:42:27,40:4c:ca:5e:09:2c,27.02,64.68,43
202,2025-07-06 19:44:27,40:4c:ca:5e:09:2c,22.65,79.7,57
203,2025-07-06 19:46:27,40:4c:ca:5e:09:2c,24.18,66.23,42
204,2025-07-06 19:48:28,40:4c:ca:5e:09:2c,25.89,90.06,57
205,2025-07-06 19:50:28,40:4c:ca:5e:09:2c,25.19,69.3,355
206,2025-07-06 19:53:25,40:4c:ca:5e:09:2c,30.33,86.43,44
207,2025-07-06 19:55:28,40:4c:ca:5d:e6:e8,22.95,78.1,20
208,2025-07-06 19:57:28,40:4c:ca:5d:e6:e8,21.73,69.55,30
209,2025-07-06 19:59:29,40:4c:ca:5d:e6:e8,30.3,70.95,41
210,2025-07-06 20:02:25,40:4c:ca:5e:02:44,30.33,86.43,42
211,2025-07-06 20:02:26,40:4c:ca:5d:e6:e8,30.33,86.43,37
212,2025-07-06 20:04:25,40:4c:ca:5e:02:44,23.62,86.29,47
213,2025-07-06 20:04:26,40:4c:ca:5d:e6:e8,23.62,86.29,44
214,2025-07-06 20:06:25,40:4c:ca:5e:02:44,25.0,75.08,44
215,2025-07-06 20:06:26,40:4c:ca:5d:e6:e8,25.0,75.08,43
216,2025-07-06 20:08:25,40:4c:ca:5e:02:44,27.52,78.56,21
217,2025-07-06 20:10:25,40:4c:ca:5e:02:44,23.56,64.19,35
218,2025-07-06 20:12:25,40:4c:ca:5e:02:44,20.11,76.51,44
219,2025-07-06 20:14:26,40:4c:ca:5d:e6:e8,23.43,82.05,33
220,2025-07-06 20:16:26,40:4c:ca:5d:e6:e8,29.08,88.93,32
221,2025-07-06 20:18:26,40:4c:ca:5d:e6:e8,28.3,61.66,16
222,2025-07-06 20:20:26,40:4c:ca:5d:e6:e8,27.69,70.32,19
223,2025-07-06 20:22:26,40:4c:ca:5d:e6:e8,28.17,67.47,14
224,2025-07-06 20:24:26,40:4c:ca:5d:e6:e8,23.72,61.68,13
225,2025-07-06 20:26:26,40:4c:ca:5d:e6:e8,24.8,69.23,17
226,2025-07-06 20:28:26,40:4c:ca:5d:e6:e8,24.49,65.92,20
227,2025-07-06 20:30:26,40:4c:ca:5d:e6:e8,18.64,63.69,21
228,2025-07-06 20:32:26,40:4c:ca:5d:e6:e8,24.51,60.27,16
229,2025-07-06 20:34:26,40:4c:ca:5d:e6:e8,27.9,61.24,18
230,2025-07-06 20:36:26,40:4c:ca:5d:e6:e8,20.35,76.2,15
231,2025-07-06 20:38:26,40:4c:ca:5d:e6:e8,21.44,86.1,20
232,2025-07-06 20:40:26,40:4c:ca:5d:e6:e8,29.62,82.84,18
233,2025-07-06 20:42:27,40:4c:ca:5d:e6:e8,23.63,78.01,18
234,2025-07-06 20:42:27,40:4c:ca:5d:e6:e8,23.63,78.01,18
235,2025-07-06 20:44:26,40:4c:ca:5d:e6:e8,30.1,64.36,18
236,2025-07-06 20:46:26,40:4c:ca:5d:e6:e8,24.76,76.31,18
237,2025-07-06 20:48:26,40:4c:ca:5d:e6:e8,27.29,89.97,19
238,2025-07-06 20:50:26,40:4c:ca:5d:e6:e8,29.75,72.91,18
239,2025-07-06 20:52:26,40:4c:ca:5d:e6:e8,27.9,88.44,17
240,2025-07-12 12:12:32,40:4c:ca:5e:09:2c,30.33,86.43,15
241,2025-07-12 12:14:32,40:4c:ca:5e:09:2c,23.62,86.29,17
242,2025-07-12 12:16:32,40:4c:ca:5e:09:2c,25.0,75.08,7
243,2025-07-12 12:18:32,40:4c:ca:5e:09:2c,27.52,78.56,18
244,2025-07-12 12:20:32,40:4c:ca:5e:09:2c,23.56,64.19,15
245,2025-07-12 12:22:32,40:4c:ca:5e:09:2c,20.11,76.51,16
246,2025-07-12 12:23:32,40:4c:ca:5d:e6:e8,30.33,86.43,30
247,2025-07-12 12:24:32,40:4c:ca:5e:0f:34,30.33,86.43,47
248,2025-07-12 12:24:32,40:4c:ca:5e:09:2c,23.43,82.05,45
249,2025-07-12 12:24:33,40:4c:ca:5e:00:a0,30.33,86.43,46
250,2025-07-12 12:25:32,40:4c:ca:5d:e6:e8,23.62,86.29,44
252,2025-07-12 12:26:32,40:4c:ca:5e:0f:34,23.62,86.29,70
253,2025-07-12 12:26:32,40:4c:ca:5e:09:2c,29.08,88.93,64
254,2025-07-12 12:26:33,40:4c:ca:5e:00:a0,23.62,86.29,68
255,2025-07-12 12:27:32,40:4c:ca:5d:e6:e8,25.0,75.08,66
256,2025-07-12 12:28:32,40:4c:ca:5e:0f:34,25.0,75.08,92
257,2025-07-12 12:28:32,40:4c:ca:5e:09:2c,28.3,61.66,80
258,2025-07-12 12:28:33,40:4c:ca:5e:00:a0,25.0,75.08,101
259,2025-07-12 12:29:32,40:4c:ca:5d:e6:e8,27.52,78.56,107
260,2025-07-12 12:30:32,40:4c:ca:5e:0f:34,27.52,78.56,69
261,2025-07-12 12:30:32,40:4c:ca:5e:09:2c,27.69,70.32,70
262,2025-07-12 12:30:33,40:4c:ca:5e:00:a0,27.52,78.56,83
263,2025-07-12 12:31:32,40:4c:ca:5d:e6:e8,23.56,64.19,78
264,2025-07-12 12:32:32,40:4c:ca:5e:0f:34,23.56,64.19,74
265,2025-07-12 12:32:32,40:4c:ca:5e:09:2c,28.17,67.47,68
266,2025-07-12 12:32:33,40:4c:ca:5e:00:a0,23.56,64.19,70
267,2025-07-12 12:33:32,40:4c:ca:5d:e6:e8,20.11,76.51,68
268,2025-07-12 12:34:32,40:4c:ca:5e:0f:34,20.11,76.51,82
269,2025-07-12 12:34:32,40:4c:ca:5e:09:2c,23.72,61.68,72
270,2025-07-12 12:34:33,40:4c:ca:5e:00:a0,20.11,76.51,74
271,2025-07-12 12:35:32,40:4c:ca:5d:e6:e8,23.43,82.05,67
272,2025-07-12 12:36:32,40:4c:ca:5e:0f:34,23.43,82.05,75
273,2025-07-12 12:36:32,40:4c:ca:5e:09:2c,24.8,69.23,70
274,2025-07-12 12:36:33,40:4c:ca:5e:00:a0,23.43,82.05,83
275,2025-07-12 12:38:32,40:4c:ca:5e:0f:34,29.08,88.93,76
276,2025-07-12 12:38:32,40:4c:ca:5e:09:2c,24.49,65.92,72
277,2025-07-12 12:38:33,40:4c:ca:5e:00:a0,29.08,88.93,79
278,2025-07-12 12:39:32,40:4c:ca:5d:e6:e8,28.3,61.66,79
279,2025-07-12 12:40:32,40:4c:ca:5e:0f:34,28.3,61.66,69
280,2025-07-12 12:40:32,40:4c:ca:5e:09:2c,18.64,63.69,66
281,2025-07-12 12:40:33,40:4c:ca:5e:00:a0,28.3,61.66,70
282,2025-07-12 12:41:32,40:4c:ca:5d:e6:e8,27.69,70.32,72
283,2025-07-12 12:42:32,40:4c:ca:5e:0f:34,27.69,70.32,84
284,2025-07-12 12:42:32,40:4c:ca:5e:09:2c,24.51,60.27,79
285,2025-07-12 12:42:33,40:4c:ca:5e:00:a0,27.69,70.32,84
286,2025-07-12 12:43:28,40:4c:ca:5e:09:2c,30.33,86.43,27
287,2025-07-12 12:45:28,40:4c:ca:5e:09:2c,23.62,86.29,57
288,2025-07-12 12:47:28,40:4c:ca:5e:09:2c,25.0,75.08,64
289,2025-07-12 12:49:10,40:4c:ca:5e:09:2c,30.33,86.43,33
290,2025-07-12 12:50:09,40:4c:ca:5e:0f:34,30.33,86.43,66
291,2025-07-12 12:51:10,40:4c:ca:5e:09:2c,23.62,86.29,62
292,2025-07-12 12:52:09,40:4c:ca:5e:0f:34,23.62,86.29,107
293,2025-07-12 12:53:10,40:4c:ca:5e:09:2c,25.0,75.08,60
294,2025-07-12 12:54:09,40:4c:ca:5e:0f:34,25.0,75.08,71
295,2025-07-12 12:55:10,40:4c:ca:5e:09:2c,27.52,78.56,55
296,2025-07-12 12:56:09,40:4c:ca:5e:0f:34,27.52,78.56,62
297,2025-07-12 12:57:10,40:4c:ca:5e:09:2c,23.56,64.19,70
298,2025-07-12 12:58:09,40:4c:ca:5e:0f:34,23.56,64.19,75
299,2025-07-12 12:59:10,40:4c:ca:5e:09:2c,20.11,76.51,66
300,2025-07-12 13:00:09,40:4c:ca:5e:0f:34,20.11,76.51,77
301,2025-07-12 13:01:10,40:4c:ca:5e:09:2c,23.43,82.05,65
302,2025-07-12 13:02:09,40:4c:ca:5e:0f:34,23.43,82.05,72
303,2025-07-12 13:03:10,40:4c:ca:5e:09:2c,29.08,88.93,54
304,2025-07-12 13:04:09,40:4c:ca:5e:0f:34,29.08,88.93,63
305,2025-07-12 13:05:10,40:4c:ca:5e:09:2c,28.3,61.66,69
306,2025-07-12 13:06:09,40:4c:ca:5e:0f:34,28.3,61.66,80
307,2025-07-12 13:07:10,40:4c:ca:5e:09:2c,27.69,70.32,71
308,2025-07-12 13:08:09,40:4c:ca:5e:0f:34,27.69,70.32,98
309,2025-07-12 13:09:10,40:4c:ca:5e:09:2c,28.17,67.47,67
310,2025-07-12 13:10:09,40:4c:ca:5e:0f:34,28.17,67.47,74
311,2025-07-12 13:11:10,40:4c:ca:5e:09:2c,23.72,61.68,65
312,2025-07-12 13:12:09,40:4c:ca:5e:0f:34,23.72,61.68,65
313,2025-07-12 13:13:10,40:4c:ca:5e:09:2c,24.8,69.23,66
314,2025-07-12 13:14:11,40:4c:ca:5e:0f:34,30.33,86.43,1050
315,2025-07-12 13:14:11,40:4c:ca:5e:09:2c,30.33,86.43,795
316,2025-07-12 13:15:11,40:4c:ca:5d:f7:d4,23.62,86.29,70
317,2025-07-12 13:16:11,40:4c:ca:5e:0f:34,23.62,86.29,57
318,2025-07-12 13:16:11,40:4c:ca:5e:09:2c,23.62,86.29,54
319,2025-07-12 13:17:11,40:4c:ca:5d:f7:d4,25.0,75.08,60
320,2025-07-12 13:18:11,40:4c:ca:5e:0f:34,25.0,75.08,58
321,2025-07-12 13:18:11,40:4c:ca:5e:09:2c,25.0,75.08,58
322,2025-07-12 13:19:11,40:4c:ca:5d:f7:d4,27.52,78.56,59
323,2025-07-12 13:20:11,40:4c:ca:5e:0f:34,27.52,78.56,71
324,2025-07-12 13:20:11,40:4c:ca:5e:09:2c,27.52,78.56,93
325,2025-07-12 13:21:11,40:4c:ca:5d:f7:d4,23.56,64.19,81
326,2025-07-12 13:22:11,40:4c:ca:5e:0f:34,23.56,64.19,86
327,2025-07-12 13:22:11,40:4c:ca:5e:09:2c,23.56,64.19,72
328,2025-07-12 13:23:11,40:4c:ca:5d:f7:d4,20.11,76.51,60
329,2025-07-12 13:24:11,40:4c:ca:5e:0f:34,20.11,76.51,66
330,2025-07-12 13:24:11,40:4c:ca:5e:09:2c,20.11,76.51,66
331,2025-07-12 13:25:11,40:4c:ca:5d:f7:d4,23.43,82.05,61
332,2025-07-12 13:26:11,40:4c:ca:5e:0f:34,23.43,82.05,58
333,2025-07-12 13:26:11,40:4c:ca:5e:09:2c,23.43,82.05,56
334,2025-07-12 13:27:11,40:4c:ca:5d:f7:d4,29.08,88.93,63
335,2025-07-12 13:28:11,40:4c:ca:5e:0f:34,29.08,88.93,65
336,2025-07-12 13:28:11,40:4c:ca:5e:09:2c,29.08,88.93,65
337,2025-07-12 13:29:11,40:4c:ca:5d:f7:d4,28.3,61.66,59
338,2025-07-12 13:30:11,40:4c:ca:5e:0f:34,28.3,61.66,63
339,2025-07-12 13:30:11,40:4c:ca:5e:09:2c,28.3,61.66,60
340,2025-07-12 13:31:11,40:4c:ca:5d:f7:d4,27.69,70.32,70
341,2025-07-12 13:32:11,40:4c:ca:5e:0f:34,27.69,70.32,59
342,2025-07-12 13:32:11,40:4c:ca:5e:09:2c,27.69,70.32,57
343,2025-07-12 13:33:11,40:4c:ca:5d:f7:d4,28.17,67.47,62
344,2025-07-12 13:34:11,40:4c:ca:5e:0f:34,28.17,67.47,72
345,2025-07-12 13:34:11,40:4c:ca:5e:09:2c,28.17,67.47,71
346,2025-07-12 13:35:11,40:4c:ca:5d:f7:d4,23.72,61.68,67
347,2025-07-12 13:36:11,40:4c:ca:5e:0f:34,23.72,61.68,57
348,2025-07-12 13:36:11,40:4c:ca:5e:09:2c,23.72,61.68,58
349,2025-07-12 13:37:11,40:4c:ca:5d:f7:d4,24.8,69.23,69
350,2025-07-12 13:38:11,40:4c:ca:5e:0f:34,24.8,69.23,69
351,2025-07-12 13:38:11,40:4c:ca:5e:09:2c,24.8,69.23,67
352,2025-07-12 13:39:11,40:4c:ca:5d:f7:d4,24.49,65.92,59
353,2025-07-12 13:40:11,40:4c:ca:5e:0f:34,24.49,65.92,56
354,2025-07-12 13:40:11,40:4c:ca:5e:09:2c,24.49,65.92,55
355,2025-07-12 13:41:11,40:4c:ca:5d:f7:d4,18.64,63.69,61
356,2025-07-12 13:42:11,40:4c:ca:5e:0f:34,18.64,63.69,73
357,2025-07-12 13:42:11,40:4c:ca:5e:09:2c,18.64,63.69,71
358,2025-07-12 13:43:11,40:4c:ca:5d:f7:d4,24.51,60.27,58
359,2025-07-12 13:44:11,40:4c:ca:5e:0f:34,24.51,60.27,69
360,2025-07-12 13:44:11,40:4c:ca:5e:09:2c,24.51,60.27,67
361,2025-07-12 13:45:11,40:4c:ca:5d:f7:d4,27.9,61.24,77
362,2025-07-12 13:46:11,40:4c:ca:5e:0f:34,27.9,61.24,58
363,2025-07-12 13:46:11,40:4c:ca:5e:09:2c,27.9,61.24,56
364,2025-07-12 13:47:11,40:4c:ca:5d:f7:d4,20.35,76.2,59
365,2025-07-12 13:48:11,40:4c:ca:5e:0f:34,20.35,76.2,68
366,2025-07-12 13:48:11,40:4c:ca:5e:09:2c,20.35,76.2,69
367,2025-07-12 13:49:11,40:4c:ca:5d:f7:d4,21.44,86.1,73
368,2025-07-12 13:50:11,40:4c:ca:5e:0f:34,21.44,86.1,65
369,2025-07-12 13:50:11,40:4c:ca:5e:09:2c,21.44,86.1,59
370,2025-07-12 13:51:11,40:4c:ca:5d:f7:d4,29.62,82.84,59
371,2025-07-12 13:52:11,40:4c:ca:5e:0f:34,29.62,82.84,56
372,2025-07-12 13:52:11,40:4c:ca:5e:09:2c,29.62,82.84,54
373,2025-07-12 13:53:11,40:4c:ca:5d:f7:d4,23.63,78.01,68
374,2025-07-12 13:54:11,40:4c:ca:5e:0f:34,23.63,78.01,70
375,2025-07-12 13:54:11,40:4c:ca:5e:09:2c,23.63,78.01,69
376,2025-07-12 13:55:11,40:4c:ca:5d:f7:d4,30.1,64.36,69
377,2025-07-12 13:56:11,40:4c:ca:5e:0f:34,30.1,64.36,55
378,2025-07-12 13:56:11,40:4c:ca:5e:09:2c,30.1,64.36,57
379,2025-07-12 13:57:11,40:4c:ca:5d:f7:d4,24.76,76.31,54
380,2025-07-12 13:58:11,40:4c:ca:5e:0f:34,24.76,76.31,71
381,2025-07-12 13:58:11,40:4c:ca:5e:09:2c,24.76,76.31,67
382,2025-07-12 13:59:11,40:4c:ca:5d:f7:d4,27.29,89.97,55
383,2025-07-12 14:00:11,40:4c:ca:5e:0f:34,27.29,89.97,66
384,2025-07-12 14:00:11,40:4c:ca:5e:09:2c,27.29,89.97,65
385,2025-07-12 14:01:11,40:4c:ca:5d:f7:d4,29.75,72.91,60
386,2025-07-12 14:02:11,40:4c:ca:5e:0f:34,29.75,72.91,69
387,2025-07-12 14:02:11,40:4c:ca:5e:09:2c,29.75,72.91,68
388,2025-07-12 14:03:11,40:4c:ca:5d:f7:d4,27.9,88.44,74
389,2025-07-12 14:04:11,40:4c:ca:5e:0f:34,27.9,88.44,67
390,2025-07-12 14:04:11,40:4c:ca:5e:09:2c,27.9,88.44,64
391,2025-07-12 14:05:11,40:4c:ca:5d:f7:d4,29.34,87.25,71
392,2025-07-12 14:06:11,40:4c:ca:5e:0f:34,29.34,87.25,64
393,2025-07-12 14:06:11,40:4c:ca:5e:09:2c,29.34,87.25,60
394,2025-07-12 14:07:11,40:4c:ca:5d:f7:d4,24.29,71.3,72
395,2025-07-12 14:08:11,40:4c:ca:5e:0f:34,24.29,71.3,56
396,2025-07-12 14:08:11,40:4c:ca:5e:09:2c,24.29,71.3,57
397,2025-07-12 14:09:11,40:4c:ca:5d:f7:d4,19.27,88.26,59
398,2025-07-12 14:10:11,40:4c:ca:5e:0f:34,19.27,88.26,73
399,2025-07-12 14:10:11,40:4c:ca:5e:09:2c,19.27,88.26,80
400,2025-07-12 14:11:11,40:4c:ca:5d:f7:d4,29.43,69.34,68
401,2025-07-12 14:12:11,40:4c:ca:5e:0f:34,29.43,69.34,55
402,2025-07-12 14:12:11,40:4c:ca:5e:09:2c,29.43,69.34,54
403,2025-07-12 14:13:11,40:4c:ca:5d:f7:d4,18.04,62.6,60
404,2025-07-12 14:14:11,40:4c:ca:5e:0f:34,18.04,62.6,71
405,2025-07-12 14:14:11,40:4c:ca:5e:09:2c,18.04,62.6,65
406,2025-07-12 14:15:11,40:4c:ca:5d:f7:d4,18.49,62.2,67
407,2025-07-12 14:16:11,40:4c:ca:5e:0f:34,18.49,62.2,71
408,2025-07-12 14:16:11,40:4c:ca:5e:09:2c,18.49,62.2,65
409,2025-07-12 14:17:11,40:4c:ca:5d:f7:d4,20.56,75.32,68
410,2025-07-12 14:18:11,40:4c:ca:5e:0f:34,20.56,75.32,63
411,2025-07-12 14:18:12,40:4c:ca:5e:09:2c,20.56,75.32,58
412,2025-07-12 14:19:11,40:4c:ca:5d:f7:d4,28.72,87.13,69
413,2025-07-12 14:20:11,40:4c:ca:5e:0f:34,28.72,87.13,68
414,2025-07-12 14:20:11,40:4c:ca:5e:09:2c,28.72,87.13,66
415,2025-07-12 14:21:11,40:4c:ca:5d:f7:d4,25.9,70.09,64
416,2025-07-12 14:22:11,40:4c:ca:5e:0f:34,25.9,70.09,58
417,2025-07-12 14:22:11,40:4c:ca:5e:09:2c,25.9,70.09,54
418,2025-07-12 14:23:11,40:4c:ca:5d:f7:d4,24.19,73.05,72
419,2025-07-12 14:24:11,40:4c:ca:5e:0f:34,24.19,73.05,70
420,2025-07-12 14:24:11,40:4c:ca:5e:09:2c,24.19,73.05,67
421,2025-07-12 14:25:11,40:4c:ca:5d:f7:d4,24.95,63.49,67
422,2025-07-12 14:26:11,40:4c:ca:5e:0f:34,24.95,63.49,60
423,2025-07-12 14:26:11,40:4c:ca:5e:09:2c,24.95,63.49,56
424,2025-07-12 14:27:11,40:4c:ca:5d:f7:d4,23.27,61.19,69
425,2025-07-12 14:28:11,40:4c:ca:5e:0f:34,23.27,61.19,56
426,2025-07-12 14:28:11,40:4c:ca:5e:09:2c,23.27,61.19,56
427,2025-07-12 14:29:11,40:4c:ca:5d:f7:d4,23.97,89.24,66
428,2025-07-12 14:30:11,40:4c:ca:5e:0f:34,23.97,89.24,64
429,2025-07-12 14:30:11,40:4c:ca:5e:09:2c,23.97,89.24,62
430,2025-07-12 14:31:11,40:4c:ca:5d:f7:d4,29.96,81.49,61
431,2025-07-12 14:32:11,40:4c:ca:5e:0f:34,29.96,81.49,58
432,2025-07-12 14:32:11,40:4c:ca:5e:09:2c,29.96,81.49,57
433,2025-07-12 14:33:11,40:4c:ca:5d:f7:d4,23.56,63.84,71
434,2025-07-12 14:34:11,40:4c:ca:5e:0f:34,23.56,63.84,61
435,2025-07-12 14:34:11,40:4c:ca:5e:09:2c,23.56,63.84,54
436,2025-07-12 14:35:11,40:4c:ca:5d:f7:d4,18.93,69.45,55
437,2025-07-12 14:36:11,40:4c:ca:5e:0f:34,18.93,69.45,69
438,2025-07-12 14:36:11,40:4c:ca:5e:09:2c,18.93,69.45,67
439,2025-07-12 14:37:11,40:4c:ca:5d:f7:d4,26.07,88.06,72
440,2025-07-12 14:38:11,40:4c:ca:5e:0f:34,26.07,88.06,57
441,2025-07-12 14:38:11,40:4c:ca:5e:09:2c,26.07,88.06,57
442,2025-07-12 14:39:11,40:4c:ca:5d:f7:d4,22.09,76.54,10697
443,2025-07-12 14:40:11,40:4c:ca:5e:0f:34,22.09,76.54,63
444,2025-07-12 14:41:11,40:4c:ca:5d:ec:4c,22.09,76.54,24
445,2025-07-12 14:43:11,40:4c:ca:5d:ec:4c,18.52,86.65,8
446,2025-07-12 14:45:11,40:4c:ca:5d:ec:4c,25.83,61.38,6
447,2025-07-12 14:47:11,40:4c:ca:5d:ec:4c,30.01,78.9,16
448,2025-07-12 14:49:11,40:4c:ca:5d:ec:4c,28.3,81.37,20
449,2025-07-12 14:51:11,40:4c:ca:5d:ec:4c,24.95,73.56,12
450,2025-07-12 16:00:35,40:4c:ca:5e:00:a0,30.33,86.43,45
451,2025-07-12 16:00:36,40:4c:ca:5d:ec:4c,30.33,86.43,46
452,2025-07-12 16:02:08,40:4c:ca:5e:00:a0,30.33,86.43,37
453,2025-07-12 16:02:35,40:4c:ca:5d:e6:e8,23.62,86.29,36
454,2025-07-12 16:08:49,40:4c:ca:5e:09:2c,30.33,86.43,31
455,2025-07-12 16:10:49,40:4c:ca:5e:09:2c,23.62,86.29,31
456,2025-07-12 16:12:49,40:4c:ca:5e:09:2c,25.0,75.08,20
457,2025-07-12 16:13:19,40:4c:ca:5d:ec:4c,30.33,86.43,29
458,2025-07-12 16:14:20,40:4c:ca:5e:02:44,30.33,86.43,43
459,2025-07-12 16:15:19,40:4c:ca:5d:ec:4c,23.62,86.29,42
460,2025-07-12 16:16:20,40:4c:ca:5e:02:44,23.62,86.29,38
461,2025-07-12 16:17:19,40:4c:ca:5d:ec:4c,25.0,75.08,30
462,2025-07-12 16:18:20,40:4c:ca:5e:02:44,25.0,75.08,31
463,2025-07-12 16:19:19,40:4c:ca:5d:ec:4c,27.52,78.56,31
464,2025-07-12 16:20:20,40:4c:ca:5e:02:44,27.52,78.56,32
465,2025-07-12 16:21:19,40:4c:ca:5d:ec:4c,23.56,64.19,30
466,2025-07-12 16:22:20,40:4c:ca:5e:02:44,23.56,64.19,38
467,2025-07-12 16:23:19,40:4c:ca:5d:ec:4c,20.11,76.51,518
468,2025-07-12 16:31:47,40:4c:ca:5d:e6:e8,30.33,86.43,33
469,2025-07-12 16:33:47,40:4c:ca:5d:e6:e8,23.62,86.29,43
470,2025-07-12 16:35:47,40:4c:ca:5d:e6:e8,25.0,75.08,40
471,2025-07-12 16:37:47,40:4c:ca:5d:e6:e8,27.52,78.56,30
472,2025-07-12 16:39:47,40:4c:ca:5d:e6:e8,23.56,64.19,42
473,2025-07-12 16:41:47,40:4c:ca:5d:e6:e8,20.11,76.51,45
474,2025-07-12 16:43:47,40:4c:ca:5d:e6:e8,23.43,82.05,41
475,2025-07-12 16:45:47,40:4c:ca:5d:e6:e8,29.08,88.93,43
476,2025-07-12 16:47:47,40:4c:ca:5d:e6:e8,28.3,61.66,36
477,2025-07-12 16:49:47,40:4c:ca:5d:e6:e8,27.69,70.32,41
478,2025-07-12 16:51:47,40:4c:ca:5d:e6:e8,28.17,67.47,40
479,2025-07-12 16:53:47,40:4c:ca:5d:e6:e8,23.72,61.68,37
480,2025-07-12 16:55:47,40:4c:ca:5d:e6:e8,24.8,69.23,41
481,2025-07-12 16:57:47,40:4c:ca:5d:e6:e8,24.49,65.92,46
482,2025-07-12 16:59:47,40:4c:ca:5d:e6:e8,18.64,63.69,33
483,2025-07-12 17:01:47,40:4c:ca:5d:e6:e8,24.51,60.27,31
484,2025-07-12 17:03:47,40:4c:ca:5d:e6:e8,27.9,61.24,29
485,2025-07-12 17:05:47,40:4c:ca:5d:e6:e8,20.35,76.2,44
486,2025-07-12 17:07:47,40:4c:ca:5d:e6:e8,21.44,86.1,36
487,2025-07-12 17:09:47,40:4c:ca:5d:e6:e8,29.62,82.84,30
488,2025-07-12 17:11:47,40:4c:ca:5d:e6:e8,23.63,78.01,40
489,2025-07-12 17:13:47,40:4c:ca:5d:e6:e8,30.1,64.36,32
490,2025-07-12 17:15:47,40:4c:ca:5d:e6:e8,24.76,76.31,31
491,2025-07-12 17:18:49,40:4c:ca:5d:e6:e8,30.33,86.43,50
492,2025-07-12 17:18:49,40:4c:ca:5d:ec:4c,30.33,86.43,44
493,2025-07-12 17:20:49,40:4c:ca:5d:e6:e8,23.62,86.29,30
494,2025-07-12 17:20:49,40:4c:ca:5d:ec:4c,23.62,86.29,37
495,2025-07-12 17:22:49,40:4c:ca:5d:e6:e8,25.0,75.08,32
496,2025-07-12 17:22:49,40:4c:ca:5d:ec:4c,25.0,75.08,32
497,2025-07-12 17:24:49,40:4c:ca:5d:e6:e8,27.52,78.56,42
498,2025-07-12 17:24:49,40:4c:ca:5d:ec:4c,27.52,78.56,44
499,2025-07-12 17:26:49,40:4c:ca:5d:e6:e8,23.56,64.19,32
500,2025-07-12 17:26:49,40:4c:ca:5d:ec:4c,23.56,64.19,35
501,2025-07-12 17:28:49,40:4c:ca:5d:e6:e8,20.11,76.51,41
502,2025-07-12 17:28:49,40:4c:ca:5d:ec:4c,20.11,76.51,45
503,2025-07-12 17:30:49,40:4c:ca:5d:e6:e8,23.43,82.05,52
504,2025-07-12 17:30:49,40:4c:ca:5d:ec:4c,23.43,82.05,90
505,2025-07-12 17:32:49,40:4c:ca:5d:e6:e8,29.08,88.93,42
506,2025-07-12 17:32:49,40:4c:ca:5d:ec:4c,29.08,88.93,47
507,2025-07-12 17:34:49,40:4c:ca:5d:e6:e8,28.3,61.66,32
508,2025-07-12 17:34:49,40:4c:ca:5d:ec:4c,28.3,61.66,36
509,2025-07-12 17:36:49,40:4c:ca:5d:e6:e8,27.69,70.32,40
510,2025-07-12 17:36:49,40:4c:ca:5d:ec:4c,27.69,70.32,41
511,2025-07-12 17:38:49,40:4c:ca:5d:e6:e8,28.17,67.47,31
512,2025-07-12 17:38:49,40:4c:ca:5d:ec:4c,28.17,67.47,31
513,2025-07-12 17:40:49,40:4c:ca:5d:e6:e8,23.72,61.68,45
514,2025-07-12 17:40:49,40:4c:ca:5d:ec:4c,23.72,61.68,85
515,2025-07-12 17:42:49,40:4c:ca:5d:e6:e8,24.8,69.23,54
516,2025-07-12 17:42:49,40:4c:ca:5d:ec:4c,24.8,69.23,46
517,2025-07-12 17:44:49,40:4c:ca:5d:e6:e8,24.49,65.92,31
518,2025-07-12 17:44:49,40:4c:ca:5d:ec:4c,24.49,65.92,32
519,2025-07-12 17:46:49,40:4c:ca:5d:e6:e8,18.64,63.69,43
520,2025-07-12 17:46:49,40:4c:ca:5d:ec:4c,18.64,63.69,44
521,2025-07-12 17:48:49,40:4c:ca:5d:e6:e8,24.51,60.27,30
522,2025-07-12 17:48:49,40:4c:ca:5d:ec:4c,24.51,60.27,35
523,2025-07-12 17:50:49,40:4c:ca:5d:e6:e8,27.9,61.24,41
524,2025-07-12 17:50:49,40:4c:ca:5d:ec:4c,27.9,61.24,44
525,2025-07-12 17:52:49,40:4c:ca:5d:e6:e8,20.35,76.2,33
526,2025-07-12 17:52:49,40:4c:ca:5d:ec:4c,20.35,76.2,43
527,2025-07-12 17:54:49,40:4c:ca:5d:e6:e8,21.44,86.1,45
528,2025-07-12 17:54:49,40:4c:ca:5d:ec:4c,21.44,86.1,41
529,2025-07-12 17:56:49,40:4c:ca:5d:e6:e8,29.62,82.84,40
530,2025-07-12 17:56:49,40:4c:ca:5d:ec:4c,29.62,82.84,41
531,2025-07-12 17:58:49,40:4c:ca:5d:e6:e8,23.63,78.01,37
532,2025-07-12 17:58:49,40:4c:ca:5d:ec:4c,23.63,78.01,38
533,2025-07-12 18:00:49,40:4c:ca:5d:e6:e8,30.1,64.36,41
534,2025-07-12 18:00:49,40:4c:ca:5d:ec:4c,30.1,64.36,48
535,2025-07-12 18:02:49,40:4c:ca:5d:e6:e8,24.76,76.31,41
536,2025-07-12 18:02:49,40:4c:ca:5d:ec:4c,24.76,76.31,46
537,2025-07-12 18:04:49,40:4c:ca:5d:e6:e8,27.29,89.97,40
538,2025-07-12 18:04:49,40:4c:ca:5d:ec:4c,27.29,89.97,44
539,2025-07-12 18:06:49,40:4c:ca:5d:e6:e8,29.75,72.91,33
540,2025-07-12 18:06:49,40:4c:ca:5d:ec:4c,29.75,72.91,44
541,2025-07-12 18:08:49,40:4c:ca:5d:e6:e8,27.9,88.44,40
542,2025-07-12 18:08:49,40:4c:ca:5d:ec:4c,27.9,88.44,50
543,2025-07-12 18:10:49,40:4c:ca:5d:e6:e8,29.34,87.25,42
544,2025-07-12 18:10:49,40:4c:ca:5d:ec:4c,29.34,87.25,41
545,2025-07-12 18:12:49,40:4c:ca:5d:e6:e8,24.29,71.3,31
546,2025-07-12 18:12:49,40:4c:ca:5d:ec:4c,24.29,71.3,35
547,2025-07-12 18:14:49,40:4c:ca:5d:e6:e8,19.27,88.26,28
548,2025-07-12 18:14:49,40:4c:ca:5d:ec:4c,19.27,88.26,31
549,2025-07-12 18:16:49,40:4c:ca:5d:e6:e8,29.43,69.34,31
550,2025-07-12 18:16:49,40:4c:ca:5d:ec:4c,29.43,69.34,47
551,2025-07-12 18:18:49,40:4c:ca:5d:e6:e8,18.04,62.6,20
552,2025-07-12 18:18:49,40:4c:ca:5d:ec:4c,18.04,62.6,19
553,2025-07-12 18:20:49,40:4c:ca:5d:e6:e8,18.49,62.2,30
554,2025-07-12 18:20:49,40:4c:ca:5d:ec:4c,18.49,62.2,28
555,2025-07-12 18:22:49,40:4c:ca:5d:e6:e8,20.56,75.32,18
556,2025-07-12 18:22:49,40:4c:ca:5d:ec:4c,20.56,75.32,25
557,2025-07-12 18:24:49,40:4c:ca:5d:e6:e8,28.72,87.13,54
558,2025-07-12 18:24:49,40:4c:ca:5d:ec:4c,28.72,87.13,62
559,2025-07-12 18:26:49,40:4c:ca:5d:e6:e8,25.9,70.09,20
560,2025-07-12 18:26:49,40:4c:ca:5d:ec:4c,25.9,70.09,20
561,2025-07-12 18:28:49,40:4c:ca:5d:e6:e8,24.19,73.05,18
562,2025-07-12 18:28:49,40:4c:ca:5d:ec:4c,24.19,73.05,23
563,2025-07-12 18:30:49,40:4c:ca:5d:e6:e8,24.95,63.49,55
564,2025-07-12 18:30:49,40:4c:ca:5d:ec:4c,24.95,63.49,68
565,2025-07-12 18:32:49,40:4c:ca:5d:e6:e8,23.27,61.19,30
566,2025-07-12 18:32:49,40:4c:ca:5d:ec:4c,23.27,61.19,28
567,2025-07-12 18:34:49,40:4c:ca:5d:e6:e8,23.97,89.24,30
568,2025-07-12 18:34:49,40:4c:ca:5d:ec:4c,23.97,89.24,30
569,2025-07-12 18:36:49,40:4c:ca:5d:e6:e8,29.96,81.49,17
570,2025-07-12 18:36:49,40:4c:ca:5d:ec:4c,29.96,81.49,22
571,2025-07-12 18:38:49,40:4c:ca:5d:e6:e8,23.56,63.84,34
572,2025-07-12 18:38:49,40:4c:ca:5d:ec:4c,23.56,63.84,33
573,2025-07-12 18:40:49,40:4c:ca:5d:e6:e8,18.93,69.45,18
574,2025-07-12 18:40:49,40:4c:ca:5d:ec:4c,18.93,69.45,18
575,2025-07-12 18:42:49,40:4c:ca:5d:e6:e8,26.07,88.06,18
576,2025-07-12 18:42:49,40:4c:ca:5d:ec:4c,26.07,88.06,19
577,2025-07-12 18:44:49,40:4c:ca:5d:e6:e8,22.09,76.54,46
578,2025-07-12 18:44:49,40:4c:ca:5d:ec:4c,22.09,76.54,50
579,2025-07-12 18:46:49,40:4c:ca:5d:e6:e8,18.52,86.65,32
580,2025-07-12 18:46:49,40:4c:ca:5d:ec:4c,18.52,86.65,30
581,2025-07-12 18:48:49,40:4c:ca:5d:e6:e8,25.83,61.38,24
582,2025-07-12 18:48:49,40:4c:ca:5d:ec:4c,25.83,61.38,30
583,2025-07-12 18:50:49,40:4c:ca:5d:e6:e8,30.01,78.9,17
584,2025-07-12 18:50:49,40:4c:ca:5d:ec:4c,30.01,78.9,20
585,2025-07-12 18:52:49,40:4c:ca:5d:e6:e8,28.3,81.37,33
586,2025-07-12 18:52:49,40:4c:ca:5d:ec:4c,28.3,81.37,31
587,2025-07-12 18:54:49,40:4c:ca:5d:e6:e8,24.95,73.56,31
588,2025-07-12 18:54:49,40:4c:ca:5d:ec:4c,24.95,73.56,30
589,2025-07-12 18:56:49,40:4c:ca:5d:e6:e8,25.63,79.11,23
590,2025-07-12 18:56:49,40:4c:ca:5d:ec:4c,25.63,79.11,25
591,2025-07-12 18:58:49,40:4c:ca:5d:e6:e8,20.27,74.42,20
592,2025-07-12 18:58:49,40:4c:ca:5d:ec:4c,20.27,74.42,18
593,2025-07-12 19:00:49,40:4c:ca:5d:e6:e8,27.06,80.68,34
594,2025-07-12 19:00:49,40:4c:ca:5d:ec:4c,27.06,80.68,30
595,2025-07-12 19:02:49,40:4c:ca:5d:e6:e8,21.12,75.01,28
596,2025-07-12 19:02:49,40:4c:ca:5d:ec:4c,21.12,75.01,32
597,2025-07-12 19:04:49,40:4c:ca:5d:e6:e8,23.1,76.8,19
598,2025-07-12 19:04:49,40:4c:ca:5d:ec:4c,23.1,76.8,21
599,2025-07-12 19:06:49,40:4c:ca:5d:e6:e8,23.58,70.71,29
600,2025-07-12 19:06:49,40:4c:ca:5d:ec:4c,23.58,70.71,30
601,2025-07-12 19:08:49,40:4c:ca:5d:e6:e8,23.31,75.14,27
602,2025-07-12 19:08:49,40:4c:ca:5d:ec:4c,23.31,75.14,49
603,2025-07-12 19:10:49,40:4c:ca:5d:e6:e8,28.47,87.64,17
604,2025-07-12 19:10:49,40:4c:ca:5d:ec:4c,28.47,87.64,20
605,2025-07-12 19:12:49,40:4c:ca:5d:e6:e8,30.97,69.25,34
606,2025-07-12 19:12:49,40:4c:ca:5d:ec:4c,30.97,69.25,30
607,2025-07-12 19:14:49,40:4c:ca:5d:e6:e8,29.38,84.31,31
608,2025-07-12 19:14:49,40:4c:ca:5d:ec:4c,29.38,84.31,30
609,2025-07-12 19:16:49,40:4c:ca:5d:e6:e8,19.18,71.87,39
610,2025-07-12 19:16:49,40:4c:ca:5d:ec:4c,19.18,71.87,44
611,2025-07-12 19:18:49,40:4c:ca:5d:e6:e8,19.51,66.87,32
612,2025-07-12 19:18:49,40:4c:ca:5d:ec:4c,19.51,66.87,32
613,2025-07-12 19:20:49,40:4c:ca:5d:e6:e8,28.13,61.79,30
614,2025-07-12 19:20:49,40:4c:ca:5d:ec:4c,28.13,61.79,37
615,2025-07-12 19:22:49,40:4c:ca:5d:e6:e8,26.95,90.5,19
616,2025-07-12 19:22:49,40:4c:ca:5d:ec:4c,26.95,90.5,20
617,2025-07-12 19:24:49,40:4c:ca:5d:e6:e8,29.5,66.13,21
618,2025-07-12 19:24:49,40:4c:ca:5d:ec:4c,29.5,66.13,18
619,2025-07-12 19:26:49,40:4c:ca:5d:e6:e8,27.62,78.34,32
620,2025-07-12 19:26:49,40:4c:ca:5d:ec:4c,27.62,78.34,37
621,2025-07-12 19:28:49,40:4c:ca:5d:e6:e8,29.73,67.47,32
622,2025-07-12 19:28:49,40:4c:ca:5d:ec:4c,29.73,67.47,34
623,2025-07-12 19:30:49,40:4c:ca:5d:e6:e8,25.21,66.3,39
624,2025-07-12 19:30:49,40:4c:ca:5d:ec:4c,25.21,66.3,35
625,2025-07-12 19:32:49,40:4c:ca:5d:e6:e8,26.4,68.57,30
626,2025-07-12 19:32:49,40:4c:ca:5d:ec:4c,26.4,68.57,34
627,2025-07-12 19:34:49,40:4c:ca:5d:e6:e8,25.78,66.26,18
628,2025-07-12 19:34:49,40:4c:ca:5d:ec:4c,25.78,66.26,23
629,2025-07-12 19:36:49,40:4c:ca:5d:e6:e8,18.03,79.97,24
630,2025-07-12 19:36:49,40:4c:ca:5d:ec:4c,18.03,79.97,23
631,2025-07-12 19:38:49,40:4c:ca:5d:e6:e8,26.08,89.93,21
632,2025-07-12 19:38:49,40:4c:ca:5d:ec:4c,26.08,89.93,22
633,2025-07-12 19:40:49,40:4c:ca:5d:e6:e8,18.88,89.38,30
634,2025-07-12 19:40:49,40:4c:ca:5d:ec:4c,18.88,89.38,32
635,2025-07-12 19:42:49,40:4c:ca:5d:e6:e8,24.85,73.93,32
636,2025-07-12 19:42:49,40:4c:ca:5d:ec:4c,24.85,73.93,32
637,2025-07-12 19:44:49,40:4c:ca:5d:e6:e8,28.88,68.2,21
638,2025-07-12 19:44:49,40:4c:ca:5d:ec:4c,28.88,68.2,22
639,2025-07-12 19:46:49,40:4c:ca:5d:e6:e8,19.11,83.46,19
640,2025-07-12 19:46:49,40:4c:ca:5d:ec:4c,19.11,83.46,25
641,2025-07-12 19:48:49,40:4c:ca:5d:e6:e8,20.87,87.1,21
642,2025-07-12 19:48:49,40:4c:ca:5d:ec:4c,20.87,87.1,24
643,2025-07-12 19:50:49,40:4c:ca:5d:e6:e8,18.09,70.87,31
644,2025-07-12 19:50:49,40:4c:ca:5d:ec:4c,18.09,70.87,31
645,2025-07-12 19:52:49,40:4c:ca:5d:e6:e8,19.68,77.03,17
646,2025-07-12 19:52:49,40:4c:ca:5d:ec:4c,19.68,77.03,18
647,2025-07-12 19:54:49,40:4c:ca:5d:e6:e8,26.73,60.0,29
648,2025-07-12 19:54:49,40:4c:ca:5d:ec:4c,26.73,60.0,29
649,2025-07-12 19:56:49,40:4c:ca:5d:e6:e8,19.74,63.05,31
650,2025-07-12 19:56:49,40:4c:ca:5d:ec:4c,19.74,63.05,33
651,2025-07-12 19:58:49,40:4c:ca:5d:e6:e8,26.83,72.52,30
652,2025-07-12 19:58:49,40:4c:ca:5d:ec:4c,26.83,72.52,30
653,2025-07-12 20:00:49,40:4c:ca:5d:e6:e8,21.7,69.87,26
654,2025-07-12 20:00:49,40:4c:ca:5d:ec:4c,21.7,69.87,26
655,2025-07-12 20:02:49,40:4c:ca:5d:e6:e8,30.02,69.1,32
656,2025-07-12 20:02:49,40:4c:ca:5d:ec:4c,30.02,69.1,35
657,2025-07-12 20:04:49,40:4c:ca:5d:e6:e8,23.05,85.1,31
658,2025-07-12 20:04:49,40:4c:ca:5d:ec:4c,23.05,85.1,34
659,2025-07-12 20:06:49,40:4c:ca:5d:e6:e8,29.0,76.96,23
660,2025-07-12 20:06:49,40:4c:ca:5d:ec:4c,29.0,76.96,23
661,2025-07-12 20:08:49,40:4c:ca:5d:e6:e8,27.42,70.85,25
662,2025-07-12 20:08:49,40:4c:ca:5d:ec:4c,27.42,70.85,26
663,2025-07-12 20:10:49,40:4c:ca:5d:e6:e8,24.6,78.47,25
664,2025-07-12 20:10:49,40:4c:ca:5d:ec:4c,24.6,78.47,29
665,2025-07-12 20:12:49,40:4c:ca:5d:e6:e8,25.24,74.31,23
666,2025-07-12 20:12:49,40:4c:ca:5d:ec:4c,25.24,74.31,24
667,2025-07-12 20:14:49,40:4c:ca:5d:e6:e8,26.58,72.86,25
668,2025-07-12 20:14:49,40:4c:ca:5d:ec:4c,26.58,72.86,26
669,2025-07-12 20:16:49,40:4c:ca:5d:e6:e8,18.19,88.0,20
670,2025-07-12 20:16:49,40:4c:ca:5d:ec:4c,18.19,88.0,22
671,2025-07-12 20:18:49,40:4c:ca:5d:e6:e8,19.15,77.55,19
672,2025-07-12 20:18:49,40:4c:ca:5d:ec:4c,19.15,77.55,22
673,2025-07-12 20:20:49,40:4c:ca:5d:e6:e8,25.82,66.74,21
674,2025-07-12 20:20:49,40:4c:ca:5d:ec:4c,25.82,66.74,25
675,2025-07-12 20:22:49,40:4c:ca:5d:e6:e8,21.61,73.06,24
676,2025-07-12 20:22:49,40:4c:ca:5d:ec:4c,21.61,73.06,24
677,2025-07-12 20:24:49,40:4c:ca:5d:e6:e8,27.02,64.68,22
678,2025-07-12 20:24:49,40:4c:ca:5d:ec:4c,27.02,64.68,24
679,2025-07-12 20:26:49,40:4c:ca:5d:e6:e8,22.65,79.7,30
680,2025-07-12 20:26:49,40:4c:ca:5d:ec:4c,22.65,79.7,35
681,2025-07-12 20:28:49,40:4c:ca:5d:e6:e8,24.18,66.23,32
682,2025-07-12 20:28:49,40:4c:ca:5d:ec:4c,24.18,66.23,31
683,2025-07-12 20:30:49,40:4c:ca:5d:e6:e8,25.89,90.06,44
684,2025-07-12 20:30:49,40:4c:ca:5d:ec:4c,25.89,90.06,47
685,2025-07-12 20:32:49,40:4c:ca:5d:e6:e8,25.19,69.3,30
686,2025-07-12 20:32:49,40:4c:ca:5d:ec:4c,25.19,69.3,33
687,2025-07-12 20:34:49,40:4c:ca:5d:e6:e8,20.55,86.32,27
688,2025-07-12 20:34:49,40:4c:ca:5d:ec:4c,20.55,86.32,30
689,2025-07-12 20:36:49,40:4c:ca:5d:e6:e8,19.93,89.74,29
690,2025-07-12 20:36:49,40:4c:ca:5d:ec:4c,19.93,89.74,32
691,2025-07-12 20:38:49,40:4c:ca:5d:e6:e8,22.95,78.1,26
692,2025-07-12 20:38:49,40:4c:ca:5d:ec:4c,22.95,78.1,26
693,2025-07-12 20:40:49,40:4c:ca:5d:e6:e8,21.73,69.55,25
694,2025-07-12 20:40:49,40:4c:ca:5d:ec:4c,21.73,69.55,34
695,2025-07-12 20:42:49,40:4c:ca:5d:e6:e8,30.3,70.95,33
696,2025-07-12 20:42:49,40:4c:ca:5d:ec:4c,30.3,70.95,34
697,2025-07-12 20:44:49,40:4c:ca:5d:e6:e8,26.45,80.05,25
698,2025-07-12 20:44:49,40:4c:ca:5d:ec:4c,26.45,80.05,27
699,2025-07-12 20:46:49,40:4c:ca:5d:e6:e8,18.94,72.48,26
700,2025-07-12 20:46:49,40:4c:ca:5d:ec:4c,18.94,72.48,25
701,2025-07-12 20:48:49,40:4c:ca:5d:e6:e8,22.73,76.53,23
702,2025-07-12 20:48:49,40:4c:ca:5d:ec:4c,22.73,76.53,28
703,2025-07-12 20:50:49,40:4c:ca:5d:e6:e8,24.74,76.6,28
704,2025-07-12 20:50:49,40:4c:ca:5d:ec:4c,24.74,76.6,30
705,2025-07-12 20:52:49,40:4c:ca:5d:e6:e8,22.41,88.56,31
706,2025-07-12 20:52:49,40:4c:ca:5d:ec:4c,22.41,88.56,34
707,2025-07-12 20:54:49,40:4c:ca:5d:e6:e8,21.44,80.43,20
708,2025-07-12 20:54:49,40:4c:ca:5d:ec:4c,21.44,80.43,23
709,2025-07-12 20:56:49,40:4c:ca:5d:e6:e8,30.4,82.37,20
710,2025-07-12 20:56:49,40:4c:ca:5d:ec:4c,30.4,82.37,20
711,2025-07-12 20:58:49,40:4c:ca:5d:e6:e8,28.79,69.35,31
712,2025-07-12 20:58:49,40:4c:ca:5d:ec:4c,28.79,69.35,32
713,2025-07-12 21:00:49,40:4c:ca:5d:e6:e8,27.49,69.29,32
714,2025-07-12 21:00:49,40:4c:ca:5d:ec:4c,27.49,69.29,34
715,2025-07-12 21:02:49,40:4c:ca:5d:e6:e8,19.1,80.07,30
716,2025-07-12 21:02:50,40:4c:ca:5d:ec:4c,19.1,80.07,31
717,2025-07-12 21:04:49,40:4c:ca:5d:e6:e8,19.17,84.55,19
718,2025-07-12 21:04:49,40:4c:ca:5d:ec:4c,19.17,84.55,21
719,2025-07-12 21:06:49,40:4c:ca:5d:e6:e8,27.87,80.73,25
720,2025-07-12 21:06:49,40:4c:ca:5d:ec:4c,27.87,80.73,27
721,2025-07-12 21:08:49,40:4c:ca:5d:e6:e8,25.26,60.45,20
722,2025-07-12 21:08:49,40:4c:ca:5d:ec:4c,25.26,60.45,21
723,2025-07-12 21:10:49,40:4c:ca:5d:e6:e8,30.12,76.72,31
724,2025-07-12 21:10:49,40:4c:ca:5d:ec:4c,30.12,76.72,32
725,2025-07-12 21:12:49,40:4c:ca:5d:e6:e8,21.95,80.53,31
726,2025-07-12 21:12:49,40:4c:ca:5d:ec:4c,21.95,80.53,33
727,2025-07-12 21:14:49,40:4c:ca:5d:e6:e8,28.53,65.83,30
728,2025-07-12 21:14:49,40:4c:ca:5d:ec:4c,28.53,65.83,31
729,2025-07-12 21:16:49,40:4c:ca:5d:e6:e8,24.17,90.55,24
730,2025-07-12 21:16:49,40:4c:ca:5d:ec:4c,24.17,90.55,24
731,2025-07-12 21:18:49,40:4c:ca:5d:e6:e8,27.17,71.76,21
732,2025-07-12 21:18:49,40:4c:ca:5d:ec:4c,27.17,71.76,22
733,2025-07-12 21:20:49,40:4c:ca:5d:e6:e8,23.77,64.76,32
734,2025-07-12 21:20:49,40:4c:ca:5d:ec:4c,23.77,64.76,31
735,2025-07-12 21:22:49,40:4c:ca:5d:e6:e8,23.99,76.54,31
736,2025-07-12 21:22:49,40:4c:ca:5d:ec:4c,23.99,76.54,32
737,2025-07-12 21:24:49,40:4c:ca:5d:e6:e8,25.28,71.02,33
738,2025-07-12 21:24:49,40:4c:ca:5d:ec:4c,25.28,71.02,33
739,2025-07-12 21:26:49,40:4c:ca:5d:e6:e8,27.61,61.55,24
740,2025-07-12 21:26:49,40:4c:ca:5d:ec:4c,27.61,61.55,26
741,2025-07-12 21:28:49,40:4c:ca:5d:e6:e8,29.7,87.16,19
742,2025-07-12 21:28:49,40:4c:ca:5d:ec:4c,29.7,87.16,22
743,2025-07-12 21:30:49,40:4c:ca:5d:e6:e8,22.94,82.81,46
744,2025-07-12 21:30:49,40:4c:ca:5d:ec:4c,22.94,82.81,51
745,2025-07-12 21:32:49,40:4c:ca:5d:e6:e8,21.3,72.8,24
746,2025-07-12 21:32:49,40:4c:ca:5d:ec:4c,21.3,72.8,24
747,2025-07-12 21:34:49,40:4c:ca:5d:e6:e8,19.04,66.86,29
748,2025-07-12 21:34:49,40:4c:ca:5d:ec:4c,19.04,66.86,30
749,2025-07-12 21:36:49,40:4c:ca:5d:e6:e8,27.59,79.07,29
750,2025-07-12 21:36:49,40:4c:ca:5d:ec:4c,27.59,79.07,26
751,2025-07-12 21:38:49,40:4c:ca:5d:e6:e8,18.54,76.79,25
752,2025-07-12 21:38:49,40:4c:ca:5d:ec:4c,18.54,76.79,26
753,2025-07-12 21:40:49,40:4c:ca:5d:e6:e8,21.02,63.65,23
754,2025-07-12 21:40:49,40:4c:ca:5d:ec:4c,21.02,63.65,23
755,2025-07-12 21:42:49,40:4c:ca:5d:e6:e8,19.53,66.32,20
756,2025-07-12 21:42:49,40:4c:ca:5d:ec:4c,19.53,66.32,20
757,2025-07-12 21:44:49,40:4c:ca:5d:e6:e8,27.36,90.32,25
758,2025-07-12 21:44:49,40:4c:ca:5d:ec:4c,27.36,90.32,28
759,2025-07-12 21:46:49,40:4c:ca:5d:e6:e8,20.63,67.17,18
760,2025-07-12 21:46:49,40:4c:ca:5d:ec:4c,20.63,67.17,18
761,2025-07-12 21:48:49,40:4c:ca:5d:e6:e8,28.07,68.83,30
762,2025-07-12 21:48:49,40:4c:ca:5d:ec:4c,28.07,68.83,36
763,2025-07-12 21:50:49,40:4c:ca:5d:e6:e8,29.1,64.67,25
764,2025-07-12 21:50:49,40:4c:ca:5d:ec:4c,29.1,64.67,26
765,2025-07-12 21:52:49,40:4c:ca:5d:e6:e8,27.16,85.46,20
766,2025-07-12 21:52:49,40:4c:ca:5d:ec:4c,27.16,85.46,20
767,2025-07-12 21:54:49,40:4c:ca:5d:e6:e8,29.19,76.28,35
768,2025-07-12 21:54:49,40:4c:ca:5d:ec:4c,29.19,76.28,46
769,2025-07-12 21:56:49,40:4c:ca:5d:e6:e8,20.71,89.07,20
770,2025-07-12 21:56:49,40:4c:ca:5d:ec:4c,20.71,89.07,24
771,2025-07-12 21:58:49,40:4c:ca:5d:e6:e8,26.56,89.2,29
772,2025-07-12 21:58:49,40:4c:ca:5d:ec:4c,26.56,89.2,26
773,2025-07-12 22:00:49,40:4c:ca:5d:e6:e8,29.53,90.28,19
774,2025-07-12 22:00:49,40:4c:ca:5d:ec:4c,29.53,90.28,20
775,2025-07-12 22:02:49,40:4c:ca:5d:e6:e8,22.54,64.3,31
776,2025-07-12 22:02:49,40:4c:ca:5d:ec:4c,22.54,64.3,33
777,2025-07-12 22:04:49,40:4c:ca:5d:e6:e8,26.77,79.48,15
778,2025-07-12 22:04:49,40:4c:ca:5d:ec:4c,26.77,79.48,15
779,2025-07-12 22:08:02,40:4c:ca:5e:00:a0,30.33,86.43,59
780,2025-07-12 22:08:02,40:4c:ca:5d:ec:4c,30.33,86.43,54
781,2025-07-12 22:09:06,40:4c:ca:5e:02:44,30.33,86.43,199
782,2025-07-12 22:10:02,40:4c:ca:5e:00:a0,23.62,86.29,88
783,2025-07-12 22:10:02,40:4c:ca:5d:ec:4c,23.62,86.29,173
784,2025-07-12 22:11:02,40:4c:ca:5e:02:44,23.62,86.29,90
785,2025-07-12 22:12:02,40:4c:ca:5e:00:a0,25.0,75.08,87
786,2025-07-12 22:12:02,40:4c:ca:5d:ec:4c,25.0,75.08,86
787,2025-07-12 22:13:02,40:4c:ca:5e:02:44,25.0,75.08,81
788,2025-07-12 22:14:02,40:4c:ca:5e:00:a0,27.52,78.56,70
789,2025-07-12 22:14:02,40:4c:ca:5d:ec:4c,27.52,78.56,67
790,2025-07-12 22:15:02,40:4c:ca:5e:02:44,27.52,78.56,113
791,2025-07-12 22:16:02,40:4c:ca:5e:00:a0,23.56,64.19,69
792,2025-07-12 22:16:02,40:4c:ca:5d:ec:4c,23.56,64.19,65
793,2025-07-12 22:17:02,40:4c:ca:5e:02:44,23.56,64.19,91
794,2025-07-12 22:17:20,40:4c:ca:5d:f7:d4,23.56,64.19,89
795,2025-07-12 22:18:02,40:4c:ca:5e:00:a0,20.11,76.51,83
796,2025-07-12 22:18:02,40:4c:ca:5d:ec:4c,20.11,76.51,76
797,2025-07-12 22:19:02,40:4c:ca:5e:02:44,20.11,76.51,88
798,2025-07-12 22:19:20,40:4c:ca:5d:f7:d4,20.11,76.51,95
799,2025-07-12 22:20:02,40:4c:ca:5e:00:a0,23.43,82.05,79
800,2025-07-12 22:20:02,40:4c:ca:5d:ec:4c,23.43,82.05,78
801,2025-07-12 22:21:02,40:4c:ca:5e:02:44,23.43,82.05,84
802,2025-07-12 22:21:20,40:4c:ca:5d:f7:d4,23.43,82.05,84
803,2025-07-12 22:22:02,40:4c:ca:5e:00:a0,29.08,88.93,78
804,2025-07-12 22:22:02,40:4c:ca:5d:ec:4c,29.08,88.93,71
805,2025-07-12 22:23:02,40:4c:ca:5e:02:44,29.08,88.93,83
806,2025-07-12 22:24:01,40:4c:ca:5e:00:a0,28.3,61.66,86
807,2025-07-12 22:24:02,40:4c:ca:5d:ec:4c,28.3,61.66,78
808,2025-07-12 22:25:02,40:4c:ca:5e:02:44,28.3,61.66,77
809,2025-07-12 22:26:02,40:4c:ca:5e:00:a0,27.69,70.32,84
810,2025-07-12 22:26:02,40:4c:ca:5d:ec:4c,27.69,70.32,80
811,2025-07-12 22:27:02,40:4c:ca:5e:02:44,27.69,70.32,102
812,2025-07-12 22:28:02,40:4c:ca:5e:00:a0,28.17,67.47,69
813,2025-07-12 22:28:02,40:4c:ca:5d:ec:4c,28.17,67.47,67
814,2025-07-12 22:29:02,40:4c:ca:5e:02:44,28.17,67.47,133
815,2025-07-12 22:30:02,40:4c:ca:5e:00:a0,23.72,61.68,66
816,2025-07-12 22:30:02,40:4c:ca:5d:ec:4c,23.72,61.68,62
817,2025-07-12 22:31:02,40:4c:ca:5e:02:44,23.72,61.68,101
818,2025-07-12 22:32:02,40:4c:ca:5e:00:a0,24.8,69.23,73
819,2025-07-12 22:32:02,40:4c:ca:5d:ec:4c,24.8,69.23,72
820,2025-07-12 22:33:02,40:4c:ca:5e:02:44,24.8,69.23,83
821,2025-07-12 22:34:01,40:4c:ca:5e:00:a0,24.49,65.92,71
822,2025-07-12 22:34:02,40:4c:ca:5d:ec:4c,24.49,65.92,68
823,2025-07-12 22:35:02,40:4c:ca:5e:02:44,24.49,65.92,84
824,2025-07-12 22:36:01,40:4c:ca:5e:00:a0,18.64,63.69,84
825,2025-07-12 22:36:02,40:4c:ca:5d:ec:4c,18.64,63.69,78
826,2025-07-12 22:37:02,40:4c:ca:5e:02:44,18.64,63.69,76
827,2025-07-12 22:38:02,40:4c:ca:5e:00:a0,24.51,60.27,71
828,2025-07-12 22:38:02,40:4c:ca:5d:ec:4c,24.51,60.27,68
829,2025-07-12 22:39:02,40:4c:ca:5e:02:44,24.51,60.27,81
830,2025-07-12 22:40:02,40:4c:ca:5e:00:a0,27.9,61.24,75
831,2025-07-12 22:40:02,40:4c:ca:5d:ec:4c,27.9,61.24,69
832,2025-07-12 22:41:02,40:4c:ca:5e:02:44,27.9,61.24,83
833,2025-07-12 22:42:01,40:4c:ca:5e:00:a0,20.35,76.2,96
834,2025-07-12 22:42:02,40:4c:ca:5d:ec:4c,20.35,76.2,89
835,2025-07-12 22:43:02,40:4c:ca:5e:02:44,20.35,76.2,91
836,2025-07-12 22:44:02,40:4c:ca:5e:00:a0,21.44,86.1,86
837,2025-07-12 22:44:02,40:4c:ca:5d:ec:4c,21.44,86.1,80
838,2025-07-12 22:45:02,40:4c:ca:5e:02:44,21.44,86.1,90
839,2025-07-12 22:46:02,40:4c:ca:5e:00:a0,29.62,82.84,79
840,2025-07-12 22:46:02,40:4c:ca:5d:ec:4c,29.62,82.84,70
841,2025-07-12 22:47:02,40:4c:ca:5e:02:44,29.62,82.84,93
842,2025-07-12 22:48:01,40:4c:ca:5e:00:a0,23.63,78.01,69
843,2025-07-12 22:48:02,40:4c:ca:5d:ec:4c,23.63,78.01,67
844,2025-07-12 22:49:02,40:4c:ca:5e:02:44,23.63,78.01,83
845,2025-07-12 22:50:01,40:4c:ca:5e:00:a0,30.1,64.36,69
846,2025-07-12 22:50:02,40:4c:ca:5d:ec:4c,30.1,64.36,67
847,2025-07-12 22:51:02,40:4c:ca:5e:02:44,30.1,64.36,85
848,2025-07-12 22:52:02,40:4c:ca:5e:00:a0,24.76,76.31,81
849,2025-07-12 22:52:02,40:4c:ca:5d:ec:4c,24.76,76.31,80
850,2025-07-12 22:53:02,40:4c:ca:5e:02:44,24.76,76.31,89
851,2025-07-12 22:54:02,40:4c:ca:5e:00:a0,27.29,89.97,83
852,2025-07-12 22:54:02,40:4c:ca:5d:ec:4c,27.29,89.97,81
853,2025-07-12 22:55:02,40:4c:ca:5e:02:44,27.29,89.97,81
854,2025-07-12 22:56:02,40:4c:ca:5e:00:a0,29.75,72.91,80
855,2025-07-12 22:56:02,40:4c:ca:5d:ec:4c,29.75,72.91,80
856,2025-07-12 22:57:02,40:4c:ca:5e:02:44,29.75,72.91,69
857,2025-07-12 22:58:02,40:4c:ca:5e:00:a0,27.9,88.44,83
858,2025-07-12 22:58:02,40:4c:ca:5d:ec:4c,27.9,88.44,79
859,2025-07-12 22:59:02,40:4c:ca:5e:02:44,27.9,88.44,84
860,2025-07-12 23:00:01,40:4c:ca:5e:00:a0,29.34,87.25,72
861,2025-07-12 23:00:02,40:4c:ca:5d:ec:4c,29.34,87.25,71
862,2025-07-12 23:01:02,40:4c:ca:5e:02:44,29.34,87.25,73
863,2025-07-12 23:02:01,40:4c:ca:5e:00:a0,24.29,71.3,80
864,2025-07-12 23:02:02,40:4c:ca:5d:ec:4c,24.29,71.3,79
865,2025-07-12 23:03:02,40:4c:ca:5e:02:44,24.29,71.3,77
866,2025-07-12 23:04:02,40:4c:ca:5e:00:a0,19.27,88.26,78
867,2025-07-12 23:04:02,40:4c:ca:5d:ec:4c,19.27,88.26,80
868,2025-07-12 23:05:02,40:4c:ca:5e:02:44,19.27,88.26,71
869,2025-07-12 23:06:01,40:4c:ca:5e:00:a0,29.43,69.34,72
870,2025-07-12 23:06:02,40:4c:ca:5d:ec:4c,29.43,69.34,69
871,2025-07-12 23:07:02,40:4c:ca:5e:02:44,29.43,69.34,74
872,2025-07-12 23:08:01,40:4c:ca:5e:00:a0,18.04,62.6,82
873,2025-07-12 23:08:02,40:4c:ca:5d:ec:4c,18.04,62.6,86
874,2025-07-12 23:09:02,40:4c:ca:5e:02:44,18.04,62.6,80
875,2025-07-12 23:10:02,40:4c:ca:5e:00:a0,18.49,62.2,81
876,2025-07-12 23:10:02,40:4c:ca:5d:ec:4c,18.49,62.2,77
877,2025-07-12 23:11:02,40:4c:ca:5e:02:44,18.49,62.2,84
878,2025-07-12 23:12:01,40:4c:ca:5e:00:a0,20.56,75.32,67
879,2025-07-12 23:12:02,40:4c:ca:5d:ec:4c,20.56,75.32,67
880,2025-07-12 23:13:02,40:4c:ca:5e:02:44,20.56,75.32,80
881,2025-07-12 23:14:01,40:4c:ca:5e:00:a0,28.72,87.13,86
882,2025-07-12 23:14:02,40:4c:ca:5d:ec:4c,28.72,87.13,83
883,2025-07-12 23:15:02,40:4c:ca:5e:02:44,28.72,87.13,66
884,2025-07-12 23:16:01,40:4c:ca:5e:00:a0,25.9,70.09,69
885,2025-07-12 23:16:02,40:4c:ca:5d:ec:4c,25.9,70.09,67
886,2025-07-12 23:17:02,40:4c:ca:5e:02:44,25.9,70.09,85
887,2025-07-12 23:18:02,40:4c:ca:5e:00:a0,24.19,73.05,82
888,2025-07-12 23:18:02,40:4c:ca:5d:ec:4c,24.19,73.05,80
889,2025-07-12 23:19:02,40:4c:ca:5e:02:44,24.19,73.05,80
890,2025-07-12 23:20:02,40:4c:ca:5e:00:a0,24.95,63.49,81
891,2025-07-12 23:20:02,40:4c:ca:5d:ec:4c,24.95,63.49,78
892,2025-07-12 23:21:02,40:4c:ca:5e:02:44,24.95,63.49,86
893,2025-07-12 23:22:02,40:4c:ca:5e:00:a0,23.27,61.19,72
894,2025-07-12 23:22:02,40:4c:ca:5d:ec:4c,23.27,61.19,69
895,2025-07-12 23:23:02,40:4c:ca:5e:02:44,23.27,61.19,87
896,2025-07-12 23:24:02,40:4c:ca:5e:00:a0,23.97,89.24,73
897,2025-07-12 23:24:02,40:4c:ca:5d:ec:4c,23.97,89.24,69
898,2025-07-12 23:25:02,40:4c:ca:5e:02:44,23.97,89.24,62
899,2025-07-12 23:26:02,40:4c:ca:5e:00:a0,29.96,81.49,66
900,2025-07-12 23:26:02,40:4c:ca:5d:ec:4c,29.96,81.49,67
901,2025-07-12 23:27:02,40:4c:ca:5e:02:44,29.96,81.49,74
902,2025-07-12 23:28:02,40:4c:ca:5e:00:a0,23.56,63.84,64
903,2025-07-12 23:28:02,40:4c:ca:5d:ec:4c,23.56,63.84,57
904,2025-07-12 23:29:02,40:4c:ca:5e:02:44,23.56,63.84,69
905,2025-07-12 23:30:02,40:4c:ca:5e:00:a0,18.93,69.45,70
906,2025-07-12 23:30:02,40:4c:ca:5d:ec:4c,18.93,69.45,70
907,2025-07-12 23:31:02,40:4c:ca:5e:02:44,18.93,69.45,68
908,2025-07-12 23:32:02,40:4c:ca:5e:00:a0,26.07,88.06,56
909,2025-07-12 23:32:02,40:4c:ca:5d:ec:4c,26.07,88.06,54
910,2025-07-12 23:33:02,40:4c:ca:5e:02:44,26.07,88.06,62
911,2025-07-12 23:34:01,40:4c:ca:5e:00:a0,22.09,76.54,71
912,2025-07-12 23:34:02,40:4c:ca:5d:ec:4c,22.09,76.54,68
913,2025-07-12 23:35:02,40:4c:ca:5e:02:44,22.09,76.54,65
914,2025-07-12 23:36:02,40:4c:ca:5e:00:a0,18.52,86.65,74
915,2025-07-12 23:36:02,40:4c:ca:5d:ec:4c,18.52,86.65,67
916,2025-07-12 23:37:02,40:4c:ca:5e:02:44,18.52,86.65,73
917,2025-07-12 23:38:02,40:4c:ca:5e:00:a0,25.83,61.38,57
918,2025-07-12 23:38:02,40:4c:ca:5d:ec:4c,25.83,61.38,58
919,2025-07-12 23:39:02,40:4c:ca:5e:02:44,25.83,61.38,75
920,2025-07-12 23:40:01,40:4c:ca:5e:00:a0,30.01,78.9,55
921,2025-07-12 23:40:02,40:4c:ca:5d:ec:4c,30.01,78.9,54
922,2025-07-12 23:41:02,40:4c:ca:5e:02:44,30.01,78.9,70
923,2025-07-12 23:42:02,40:4c:ca:5e:00:a0,28.3,81.37,72
924,2025-07-12 23:42:02,40:4c:ca:5d:ec:4c,28.3,81.37,68
925,2025-07-12 23:43:02,40:4c:ca:5e:02:44,28.3,81.37,64
926,2025-07-12 23:44:01,40:4c:ca:5e:00:a0,24.95,73.56,67
927,2025-07-12 23:44:02,40:4c:ca:5d:ec:4c,24.95,73.56,66
928,2025-07-12 23:45:02,40:4c:ca:5e:02:44,24.95,73.56,61
929,2025-07-12 23:46:02,40:4c:ca:5e:00:a0,25.63,79.11,71
930,2025-07-12 23:46:02,40:4c:ca:5d:ec:4c,25.63,79.11,68
931,2025-07-12 23:47:02,40:4c:ca:5e:02:44,25.63,79.11,59
932,2025-07-12 23:48:02,40:4c:ca:5e:00:a0,20.27,74.42,70
933,2025-07-12 23:48:02,40:4c:ca:5d:ec:4c,20.27,74.42,67
934,2025-07-12 23:49:02,40:4c:ca:5e:02:44,20.27,74.42,60
935,2025-07-12 23:50:02,40:4c:ca:5e:00:a0,27.06,80.68,61
936,2025-07-12 23:50:02,40:4c:ca:5d:ec:4c,27.06,80.68,63
937,2025-07-12 23:51:02,40:4c:ca:5e:02:44,27.06,80.68,73
938,2025-07-12 23:52:01,40:4c:ca:5e:00:a0,21.12,75.01,115
939,2025-07-12 23:52:02,40:4c:ca:5d:ec:4c,21.12,75.01,65
940,2025-07-12 23:53:02,40:4c:ca:5e:02:44,21.12,75.01,61
941,2025-07-12 23:54:01,40:4c:ca:5e:00:a0,23.1,76.8,67
942,2025-07-12 23:54:02,40:4c:ca:5d:ec:4c,23.1,76.8,66
943,2025-07-12 23:55:02,40:4c:ca:5e:02:44,23.1,76.8,73
944,2025-07-12 23:56:02,40:4c:ca:5e:00:a0,23.58,70.71,70
945,2025-07-12 23:56:02,40:4c:ca:5d:ec:4c,23.58,70.71,68
946,2025-07-12 23:57:02,40:4c:ca:5e:02:44,23.58,70.71,58
947,2025-07-12 23:58:02,40:4c:ca:5e:00:a0,23.31,75.14,58
948,2025-07-12 23:58:02,40:4c:ca:5d:ec:4c,23.31,75.14,55
949,2025-07-12 23:59:02,40:4c:ca:5e:02:44,23.31,75.14,62
950,2025-07-13 00:00:02,40:4c:ca:5e:00:a0,28.47,87.64,75
951,2025-07-13 00:00:02,40:4c:ca:5d:ec:4c,28.47,87.64,72
952,2025-07-13 00:01:02,40:4c:ca:5e:02:44,28.47,87.64,69
953,2025-07-13 00:02:02,40:4c:ca:5e:00:a0,30.97,69.25,72
954,2025-07-13 00:02:02,40:4c:ca:5d:ec:4c,30.97,69.25,68
955,2025-07-13 00:03:02,40:4c:ca:5e:02:44,30.97,69.25,60
956,2025-07-13 00:04:02,40:4c:ca:5e:00:a0,29.38,84.31,59
957,2025-07-13 00:04:02,40:4c:ca:5d:ec:4c,29.38,84.31,55
958,2025-07-13 00:05:02,40:4c:ca:5e:02:44,29.38,84.31,70
959,2025-07-13 00:06:01,40:4c:ca:5e:00:a0,19.18,71.87,68
960,2025-07-13 00:06:02,40:4c:ca:5d:ec:4c,19.18,71.87,70
961,2025-07-13 00:07:02,40:4c:ca:5e:02:44,19.18,71.87,62
962,2025-07-13 00:08:02,40:4c:ca:5e:00:a0,19.51,66.87,66
963,2025-07-13 00:08:02,40:4c:ca:5d:ec:4c,19.51,66.87,62
964,2025-07-13 00:09:02,40:4c:ca:5e:02:44,19.51,66.87,70
965,2025-07-13 00:10:02,40:4c:ca:5e:00:a0,28.13,61.79,57
966,2025-07-13 00:10:02,40:4c:ca:5d:ec:4c,28.13,61.79,55
967,2025-07-13 00:11:02,40:4c:ca:5e:02:44,28.13,61.79,63
968,2025-07-13 00:12:02,40:4c:ca:5e:00:a0,26.95,90.5,71
969,2025-07-13 00:12:02,40:4c:ca:5d:ec:4c,26.95,90.5,68
970,2025-07-13 00:13:02,40:4c:ca:5e:02:44,26.95,90.5,70
971,2025-07-13 00:14:02,40:4c:ca:5e:00:a0,29.5,66.13,69
972,2025-07-13 00:14:02,40:4c:ca:5d:ec:4c,29.5,66.13,67
973,2025-07-13 00:15:02,40:4c:ca:5e:02:44,29.5,66.13,57
974,2025-07-13 00:16:02,40:4c:ca:5e:00:a0,27.62,78.34,77
975,2025-07-13 00:16:02,40:4c:ca:5d:ec:4c,27.62,78.34,72
976,2025-07-13 00:17:02,40:4c:ca:5e:02:44,27.62,78.34,75
977,2025-07-13 00:18:02,40:4c:ca:5e:00:a0,29.73,67.47,76
978,2025-07-13 00:18:02,40:4c:ca:5d:ec:4c,29.73,67.47,65
979,2025-07-13 00:19:02,40:4c:ca:5e:02:44,29.73,67.47,59
980,2025-07-13 00:20:01,40:4c:ca:5e:00:a0,25.21,66.3,68
981,2025-07-13 00:20:02,40:4c:ca:5d:ec:4c,25.21,66.3,68
982,2025-07-13 00:21:02,40:4c:ca:5e:02:44,25.21,66.3,60
983,2025-07-13 00:22:01,40:4c:ca:5e:00:a0,26.4,68.57,69
984,2025-07-13 00:22:02,40:4c:ca:5d:ec:4c,26.4,68.57,65
985,2025-07-13 00:23:02,40:4c:ca:5e:02:44,26.4,68.57,79
986,2025-07-13 00:24:01,40:4c:ca:5e:00:a0,25.78,66.26,59
987,2025-07-13 00:24:02,40:4c:ca:5d:ec:4c,25.78,66.26,56
988,2025-07-13 00:25:02,40:4c:ca:5e:02:44,25.78,66.26,58
989,2025-07-13 00:26:01,40:4c:ca:5e:00:a0,18.03,79.97,74
990,2025-07-13 00:26:02,40:4c:ca:5d:ec:4c,18.03,79.97,65
991,2025-07-13 00:27:02,40:4c:ca:5e:02:44,18.03,79.97,73
992,2025-07-13 00:28:01,40:4c:ca:5e:00:a0,26.08,89.93,61
993,2025-07-13 00:28:02,40:4c:ca:5d:ec:4c,26.08,89.93,57
994,2025-07-13 00:29:02,40:4c:ca:5e:02:44,26.08,89.93,75
995,2025-07-13 00:30:01,40:4c:ca:5e:00:a0,18.88,89.38,55
996,2025-07-13 00:30:02,40:4c:ca:5d:ec:4c,18.88,89.38,56
997,2025-07-13 00:31:02,40:4c:ca:5e:02:44,18.88,89.38,61
998,2025-07-13 00:32:01,40:4c:ca:5e:00:a0,24.85,73.93,81
999,2025-07-13 00:32:02,40:4c:ca:5d:ec:4c,24.85,73.93,66
1000,2025-07-13 00:33:02,40:4c:ca:5e:02:44,24.85,73.93,65
1001,2025-07-13 00:34:01,40:4c:ca:5e:00:a0,28.88,68.2,60
1002,2025-07-13 00:34:02,40:4c:ca:5d:ec:4c,28.88,68.2,54
1003,2025-07-13 00:35:02,40:4c:ca:5e:02:44,28.88,68.2,68
1004,2025-07-13 00:36:01,40:4c:ca:5e:00:a0,19.11,83.46,76
1005,2025-07-13 00:36:02,40:4c:ca:5d:ec:4c,19.11,83.46,71
1006,2025-07-13 00:37:02,40:4c:ca:5e:02:44,19.11,83.46,60
1007,2025-07-13 00:38:01,40:4c:ca:5e:00:a0,20.87,87.1,62
1008,2025-07-13 00:38:02,40:4c:ca:5d:ec:4c,20.87,87.1,54
1009,2025-07-13 00:39:02,40:4c:ca:5e:02:44,20.87,87.1,71
1010,2025-07-13 00:40:02,40:4c:ca:5e:00:a0,18.09,70.87,61
1011,2025-07-13 00:40:02,40:4c:ca:5d:ec:4c,18.09,70.87,55
1012,2025-07-13 00:41:02,40:4c:ca:5e:02:44,18.09,70.87,55
1013,2025-07-13 00:42:01,40:4c:ca:5e:00:a0,19.68,77.03,61
1014,2025-07-13 00:42:02,40:4c:ca:5d:ec:4c,19.68,77.03,56
1015,2025-07-13 00:43:02,40:4c:ca:5e:02:44,19.68,77.03,70
1016,2025-07-13 00:44:01,40:4c:ca:5e:00:a0,26.73,60.0,72
1017,2025-07-13 00:44:02,40:4c:ca:5d:ec:4c,26.73,60.0,64
1018,2025-07-13 00:45:02,40:4c:ca:5e:02:44,26.73,60.0,62
1019,2025-07-13 00:46:02,40:4c:ca:5e:00:a0,19.74,63.05,57
1020,2025-07-13 00:46:02,40:4c:ca:5d:ec:4c,19.74,63.05,54
1021,2025-07-13 00:47:02,40:4c:ca:5e:02:44,19.74,63.05,58
1022,2025-07-13 00:48:01,40:4c:ca:5e:00:a0,26.83,72.52,61
1023,2025-07-13 00:48:02,40:4c:ca:5d:ec:4c,26.83,72.52,55
1024,2025-07-13 00:49:02,40:4c:ca:5e:02:44,26.83,72.52,60
1025,2025-07-13 00:50:01,40:4c:ca:5e:00:a0,21.7,69.87,59
1026,2025-07-13 00:50:02,40:4c:ca:5d:ec:4c,21.7,69.87,55
1027,2025-07-13 00:51:02,40:4c:ca:5e:02:44,21.7,69.87,60
1028,2025-07-13 00:52:01,40:4c:ca:5e:00:a0,30.02,69.1,64
1029,2025-07-13 00:52:02,40:4c:ca:5d:ec:4c,30.02,69.1,57
1030,2025-07-13 00:53:02,40:4c:ca:5e:02:44,30.02,69.1,58
1031,2025-07-13 00:54:01,40:4c:ca:5e:00:a0,23.05,85.1,69
1032,2025-07-13 00:54:02,40:4c:ca:5d:ec:4c,23.05,85.1,65
1033,2025-07-13 00:55:02,40:4c:ca:5e:02:44,23.05,85.1,63
1034,2025-07-13 00:56:01,40:4c:ca:5e:00:a0,29.0,76.96,62
1035,2025-07-13 00:56:02,40:4c:ca:5d:ec:4c,29.0,76.96,58
1036,2025-07-13 00:57:02,40:4c:ca:5e:02:44,29.0,76.96,63
1037,2025-07-13 00:58:01,40:4c:ca:5e:00:a0,27.42,70.85,61
1038,2025-07-13 00:58:02,40:4c:ca:5d:ec:4c,27.42,70.85,56
1039,2025-07-13 00:59:02,40:4c:ca:5e:02:44,27.42,70.85,63
1040,2025-07-13 01:00:01,40:4c:ca:5e:00:a0,24.6,78.47,66
1041,2025-07-13 01:00:02,40:4c:ca:5d:ec:4c,24.6,78.47,58
1042,2025-07-13 01:01:02,40:4c:ca:5e:02:44,24.6,78.47,62
1043,2025-07-13 01:02:01,40:4c:ca:5e:00:a0,25.24,74.31,60
1044,2025-07-13 01:02:02,40:4c:ca:5d:ec:4c,25.24,74.31,55
1045,2025-07-13 01:03:02,40:4c:ca:5e:02:44,25.24,74.31,63
1046,2025-07-13 01:03:20,40:4c:ca:5d:f7:d4,25.24,74.31,73
1047,2025-07-13 01:04:01,40:4c:ca:5e:00:a0,26.58,72.86,70
1048,2025-07-13 01:04:02,40:4c:ca:5d:ec:4c,26.58,72.86,65
1049,2025-07-13 01:05:02,40:4c:ca:5e:02:44,26.58,72.86,58
1050,2025-07-13 01:05:20,40:4c:ca:5d:f7:d4,26.58,72.86,64
1051,2025-07-13 01:06:01,40:4c:ca:5e:00:a0,18.19,88.0,60
1052,2025-07-13 01:06:02,40:4c:ca:5d:ec:4c,18.19,88.0,57
1053,2025-07-13 01:07:02,40:4c:ca:5e:02:44,18.19,88.0,74
1054,2025-07-13 01:07:20,40:4c:ca:5d:f7:d4,18.19,88.0,65
1055,2025-07-13 01:08:01,40:4c:ca:5e:00:a0,19.15,77.55,60
1056,2025-07-13 01:08:02,40:4c:ca:5d:ec:4c,19.15,77.55,58
1057,2025-07-13 01:09:02,40:4c:ca:5e:02:44,19.15,77.55,61
1058,2025-07-13 01:09:20,40:4c:ca:5d:f7:d4,19.15,77.55,75
1059,2025-07-13 01:10:01,40:4c:ca:5e:00:a0,25.82,66.74,68
1060,2025-07-13 01:10:02,40:4c:ca:5d:ec:4c,25.82,66.74,66
1061,2025-07-13 01:11:02,40:4c:ca:5e:02:44,25.82,66.74,71
1062,2025-07-13 01:11:20,40:4c:ca:5d:f7:d4,25.82,66.74,67
1063,2025-07-13 01:12:01,40:4c:ca:5e:00:a0,21.61,73.06,63
1064,2025-07-13 01:12:02,40:4c:ca:5d:ec:4c,21.61,73.06,56
1065,2025-07-13 01:13:02,40:4c:ca:5e:02:44,21.61,73.06,67
1066,2025-07-13 01:13:20,40:4c:ca:5d:f7:d4,21.61,73.06,74
1067,2025-07-13 01:14:01,40:4c:ca:5e:00:a0,27.02,64.68,67
1068,2025-07-13 01:14:02,40:4c:ca:5d:ec:4c,27.02,64.68,66
1069,2025-07-13 01:15:02,40:4c:ca:5e:02:44,27.02,64.68,64
1070,2025-07-13 01:15:20,40:4c:ca:5d:f7:d4,27.02,64.68,76
1071,2025-07-13 01:16:01,40:4c:ca:5e:00:a0,22.65,79.7,74
1072,2025-07-13 01:16:02,40:4c:ca:5d:ec:4c,22.65,79.7,66
1073,2025-07-13 01:17:02,40:4c:ca:5e:02:44,22.65,79.7,69
1074,2025-07-13 01:17:20,40:4c:ca:5d:f7:d4,22.65,79.7,66
1075,2025-07-13 01:18:01,40:4c:ca:5e:00:a0,24.18,66.23,62
1076,2025-07-13 01:18:02,40:4c:ca:5d:ec:4c,24.18,66.23,62
1077,2025-07-13 01:19:02,40:4c:ca:5e:02:44,24.18,66.23,58
1078,2025-07-13 01:19:20,40:4c:ca:5d:f7:d4,24.18,66.23,64
1079,2025-07-13 01:20:01,40:4c:ca:5e:00:a0,25.89,90.06,63
1080,2025-07-13 01:20:02,40:4c:ca:5d:ec:4c,25.89,90.06,59
1081,2025-07-13 01:21:02,40:4c:ca:5e:02:44,25.89,90.06,71
1082,2025-07-13 01:21:20,40:4c:ca:5d:f7:d4,25.89,90.06,74
1083,2025-07-13 01:22:01,40:4c:ca:5e:00:a0,25.19,69.3,72
1084,2025-07-13 01:22:02,40:4c:ca:5d:ec:4c,25.19,69.3,66
1085,2025-07-13 01:23:02,40:4c:ca:5e:02:44,25.19,69.3,90
1086,2025-07-13 01:23:20,40:4c:ca:5d:f7:d4,25.19,69.3,76
1087,2025-07-13 01:24:01,40:4c:ca:5e:00:a0,20.55,86.32,74
1088,2025-07-13 01:24:02,40:4c:ca:5d:ec:4c,20.55,86.32,72
1089,2025-07-13 01:25:02,40:4c:ca:5e:02:44,20.55,86.32,68
1090,2025-07-13 01:25:20,40:4c:ca:5d:f7:d4,20.55,86.32,65
1091,2025-07-13 01:26:01,40:4c:ca:5e:00:a0,19.93,89.74,68
1092,2025-07-13 01:26:02,40:4c:ca:5d:ec:4c,19.93,89.74,57
1093,2025-07-13 01:27:02,40:4c:ca:5e:02:44,19.93,89.74,61
1094,2025-07-13 01:27:20,40:4c:ca:5d:f7:d4,19.93,89.74,74
1095,2025-07-13 01:28:01,40:4c:ca:5e:00:a0,22.95,78.1,68
1096,2025-07-13 01:28:02,40:4c:ca:5d:ec:4c,22.95,78.1,66
1097,2025-07-13 01:29:02,40:4c:ca:5e:02:44,22.95,78.1,59
1098,2025-07-13 01:29:20,40:4c:ca:5d:f7:d4,22.95,78.1,82
1099,2025-07-13 01:30:01,40:4c:ca:5e:00:a0,21.73,69.55,67
1100,2025-07-13 01:30:02,40:4c:ca:5d:ec:4c,21.73,69.55,65
1101,2025-07-13 01:31:02,40:4c:ca:5e:02:44,21.73,69.55,72
1102,2025-07-13 01:31:20,40:4c:ca:5d:f7:d4,21.73,69.55,66
1103,2025-07-13 01:32:01,40:4c:ca:5e:00:a0,30.3,70.95,60
1104,2025-07-13 01:32:02,40:4c:ca:5d:ec:4c,30.3,70.95,58
1105,2025-07-13 01:33:02,40:4c:ca:5e:02:44,30.3,70.95,77
1106,2025-07-13 01:33:20,40:4c:ca:5d:f7:d4,30.3,70.95,78
1107,2025-07-13 01:34:01,40:4c:ca:5e:00:a0,26.45,80.05,71
1108,2025-07-13 01:34:02,40:4c:ca:5d:ec:4c,26.45,80.05,69
1109,2025-07-13 01:35:02,40:4c:ca:5e:02:44,26.45,80.05,75
1110,2025-07-13 01:35:20,40:4c:ca:5d:f7:d4,26.45,80.05,64
1111,2025-07-13 01:36:02,40:4c:ca:5e:00:a0,18.94,72.48,59
1112,2025-07-13 01:36:02,40:4c:ca:5d:ec:4c,18.94,72.48,58
1113,2025-07-13 01:37:02,40:4c:ca:5e:02:44,18.94,72.48,63
1114,2025-07-13 01:37:20,40:4c:ca:5d:f7:d4,18.94,72.48,78
1115,2025-07-13 01:38:02,40:4c:ca:5e:00:a0,22.73,76.53,70
1116,2025-07-13 01:38:02,40:4c:ca:5d:ec:4c,22.73,76.53,68
1117,2025-07-13 01:39:02,40:4c:ca:5e:02:44,22.73,76.53,73
1118,2025-07-13 01:39:20,40:4c:ca:5d:f7:d4,22.73,76.53,76
1119,2025-07-13 01:40:01,40:4c:ca:5e:00:a0,24.74,76.6,72
1120,2025-07-13 01:40:02,40:4c:ca:5d:ec:4c,24.74,76.6,67
1121,2025-07-13 01:41:02,40:4c:ca:5e:02:44,24.74,76.6,61
1122,2025-07-13 01:41:20,40:4c:ca:5d:f7:d4,24.74,76.6,66
1123,2025-07-13 01:42:01,40:4c:ca:5e:00:a0,22.41,88.56,57
1124,2025-07-13 01:42:02,40:4c:ca:5d:ec:4c,22.41,88.56,55
1125,2025-07-13 01:43:02,40:4c:ca:5e:02:44,22.41,88.56,70
1126,2025-07-13 01:43:20,40:4c:ca:5d:f7:d4,22.41,88.56,66
1127,2025-07-13 01:44:01,40:4c:ca:5e:00:a0,21.44,80.43,72
1128,2025-07-13 01:44:02,40:4c:ca:5d:ec:4c,21.44,80.43,64
1129,2025-07-13 01:45:02,40:4c:ca:5e:02:44,21.44,80.43,59
1130,2025-07-13 01:45:20,40:4c:ca:5d:f7:d4,21.44,80.43,76
1131,2025-07-13 01:46:01,40:4c:ca:5e:00:a0,30.4,82.37,72
1132,2025-07-13 01:46:02,40:4c:ca:5d:ec:4c,30.4,82.37,69
1133,2025-07-13 01:47:02,40:4c:ca:5e:02:44,30.4,82.37,62
1134,2025-07-13 01:47:20,40:4c:ca:5d:f7:d4,30.4,82.37,74
1135,2025-07-13 01:48:01,40:4c:ca:5e:00:a0,28.79,69.35,63
1136,2025-07-13 01:48:02,40:4c:ca:5d:ec:4c,28.79,69.35,62
1137,2025-07-13 01:49:02,40:4c:ca:5e:02:44,28.79,69.35,70
1138,2025-07-13 01:49:20,40:4c:ca:5d:f7:d4,28.79,69.35,66
1139,2025-07-13 01:50:01,40:4c:ca:5e:00:a0,27.49,69.29,60
1140,2025-07-13 01:50:02,40:4c:ca:5d:ec:4c,27.49,69.29,61
1141,2025-07-13 01:51:02,40:4c:ca:5e:02:44,27.49,69.29,69
1142,2025-07-13 01:51:20,40:4c:ca:5d:f7:d4,27.49,69.29,76
1143,2025-07-13 01:52:01,40:4c:ca:5e:00:a0,19.1,80.07,68
1144,2025-07-13 01:52:02,40:4c:ca:5d:ec:4c,19.1,80.07,66
1145,2025-07-13 01:53:02,40:4c:ca:5e:02:44,19.1,80.07,68
1146,2025-07-13 01:53:20,40:4c:ca:5d:f7:d4,19.1,80.07,74
1147,2025-07-13 01:54:01,40:4c:ca:5e:00:a0,19.17,84.55,68
1148,2025-07-13 01:54:02,40:4c:ca:5d:ec:4c,19.17,84.55,66
1149,2025-07-13 01:55:02,40:4c:ca:5e:02:44,19.17,84.55,67
1150,2025-07-13 01:55:20,40:4c:ca:5d:f7:d4,19.17,84.55,66
1151,2025-07-13 01:56:02,40:4c:ca:5e:00:a0,27.87,80.73,58
1152,2025-07-13 01:56:02,40:4c:ca:5d:ec:4c,27.87,80.73,57
1153,2025-07-13 01:57:02,40:4c:ca:5e:02:44,27.87,80.73,70
1154,2025-07-13 01:57:20,40:4c:ca:5d:f7:d4,27.87,80.73,77
1155,2025-07-13 01:58:02,40:4c:ca:5e:00:a0,25.26,60.45,75
1156,2025-07-13 01:58:02,40:4c:ca:5d:ec:4c,25.26,60.45,68
1157,2025-07-13 01:59:02,40:4c:ca:5e:02:44,25.26,60.45,71
1158,2025-07-13 01:59:20,40:4c:ca:5d:f7:d4,25.26,60.45,73
1159,2025-07-13 02:00:02,40:4c:ca:5e:00:a0,30.12,76.72,68
1160,2025-07-13 02:00:02,40:4c:ca:5d:ec:4c,30.12,76.72,66
1161,2025-07-13 02:01:02,40:4c:ca:5e:02:44,30.12,76.72,72
1162,2025-07-13 02:01:20,40:4c:ca:5d:f7:d4,30.12,76.72,78
1163,2025-07-13 02:02:01,40:4c:ca:5e:00:a0,21.95,80.53,71
1164,2025-07-13 02:02:02,40:4c:ca:5d:ec:4c,21.95,80.53,68
1165,2025-07-13 02:03:02,40:4c:ca:5e:02:44,21.95,80.53,71
1166,2025-07-13 02:03:20,40:4c:ca:5d:f7:d4,21.95,80.53,78
1167,2025-07-13 02:04:02,40:4c:ca:5e:00:a0,28.53,65.83,72
1168,2025-07-13 02:04:02,40:4c:ca:5d:ec:4c,28.53,65.83,68
1169,2025-07-13 02:05:02,40:4c:ca:5e:02:44,28.53,65.83,71
1170,2025-07-13 02:05:20,40:4c:ca:5d:f7:d4,28.53,65.83,69
1171,2025-07-13 02:06:01,40:4c:ca:5e:00:a0,24.17,90.55,58
1172,2025-07-13 02:06:02,40:4c:ca:5d:ec:4c,24.17,90.55,56
1173,2025-07-13 02:07:02,40:4c:ca:5e:02:44,24.17,90.55,79
1174,2025-07-13 02:07:20,40:4c:ca:5d:f7:d4,24.17,90.55,63
1175,2025-07-13 02:08:01,40:4c:ca:5e:00:a0,27.17,71.76,61
1176,2025-07-13 02:08:02,40:4c:ca:5d:ec:4c,27.17,71.76,58
1177,2025-07-13 02:09:02,40:4c:ca:5e:02:44,27.17,71.76,72
1178,2025-07-13 02:09:20,40:4c:ca:5d:f7:d4,27.17,71.76,78
1179,2025-07-13 02:10:01,40:4c:ca:5e:00:a0,23.77,64.76,67
1180,2025-07-13 02:10:02,40:4c:ca:5d:ec:4c,23.77,64.76,66
1181,2025-07-13 02:11:02,40:4c:ca:5e:02:44,23.77,64.76,63
1182,2025-07-13 02:11:20,40:4c:ca:5d:f7:d4,23.77,64.76,74
1183,2025-07-13 02:12:01,40:4c:ca:5e:00:a0,23.99,76.54,76
1184,2025-07-13 02:12:02,40:4c:ca:5d:ec:4c,23.99,76.54,68
1185,2025-07-13 02:13:02,40:4c:ca:5e:02:44,23.99,76.54,72
1186,2025-07-13 02:13:20,40:4c:ca:5d:f7:d4,23.99,76.54,68
1187,2025-07-13 02:14:01,40:4c:ca:5e:00:a0,25.28,71.02,61
1188,2025-07-13 02:14:02,40:4c:ca:5d:ec:4c,25.28,71.02,56
1189,2025-07-13 02:15:02,40:4c:ca:5e:02:44,25.28,71.02,78
1190,2025-07-13 02:15:20,40:4c:ca:5d:f7:d4,25.28,71.02,76
1191,2025-07-13 02:16:01,40:4c:ca:5e:00:a0,27.61,61.55,67
1192,2025-07-13 02:16:02,40:4c:ca:5d:ec:4c,27.61,61.55,66
1193,2025-07-13 02:17:02,40:4c:ca:5e:02:44,27.61,61.55,67
1194,2025-07-13 02:17:20,40:4c:ca:5d:f7:d4,27.61,61.55,75
1195,2025-07-13 02:18:02,40:4c:ca:5e:00:a0,29.7,87.16,69
1196,2025-07-13 02:18:02,40:4c:ca:5d:ec:4c,29.7,87.16,76
1197,2025-07-13 02:19:02,40:4c:ca:5e:02:44,29.7,87.16,70
1198,2025-07-13 02:19:20,40:4c:ca:5d:f7:d4,29.7,87.16,90
1199,2025-07-13 02:20:01,40:4c:ca:5e:00:a0,22.94,82.81,73
1200,2025-07-13 02:20:02,40:4c:ca:5d:ec:4c,22.94,82.81,69
1201,2025-07-13 02:21:02,40:4c:ca:5e:02:44,22.94,82.81,61
1202,2025-07-13 02:21:20,40:4c:ca:5d:f7:d4,22.94,82.81,90
1203,2025-07-13 02:22:01,40:4c:ca:5e:00:a0,21.3,72.8,70
1204,2025-07-13 02:22:02,40:4c:ca:5d:ec:4c,21.3,72.8,68
1205,2025-07-13 02:23:02,40:4c:ca:5e:02:44,21.3,72.8,72
1206,2025-07-13 02:23:20,40:4c:ca:5d:f7:d4,21.3,72.8,106
1207,2025-07-13 02:24:01,40:4c:ca:5e:00:a0,19.04,66.86,85
1208,2025-07-13 02:24:02,40:4c:ca:5d:ec:4c,19.04,66.86,80
1209,2025-07-13 02:25:02,40:4c:ca:5e:02:44,19.04,66.86,72
1210,2025-07-13 02:25:20,40:4c:ca:5d:f7:d4,19.04,66.86,67
1211,2025-07-13 02:26:01,40:4c:ca:5e:00:a0,27.59,79.07,60
1212,2025-07-13 02:26:02,40:4c:ca:5d:ec:4c,27.59,79.07,57
1213,2025-07-13 02:27:02,40:4c:ca:5e:02:44,27.59,79.07,58
1214,2025-07-13 02:27:20,40:4c:ca:5d:f7:d4,27.59,79.07,76
1215,2025-07-13 02:28:02,40:4c:ca:5e:00:a0,18.54,76.79,69
1216,2025-07-13 02:28:02,40:4c:ca:5d:ec:4c,18.54,76.79,66
1217,2025-07-13 02:29:02,40:4c:ca:5e:02:44,18.54,76.79,59
1218,2025-07-13 02:29:20,40:4c:ca:5d:f7:d4,18.54,76.79,64
1219,2025-07-13 02:30:02,40:4c:ca:5d:ec:4c,21.02,63.65,67
1220,2025-07-13 02:31:02,40:4c:ca:5e:02:44,21.02,63.65,50
1221,2025-07-13 02:31:20,40:4c:ca:5d:f7:d4,21.02,63.65,49
1222,2025-07-13 02:32:02,40:4c:ca:5d:ec:4c,19.53,66.32,57
1223,2025-07-13 02:33:02,40:4c:ca:5e:02:44,19.53,66.32,44
1224,2025-07-13 02:33:20,40:4c:ca:5d:f7:d4,19.53,66.32,47
1225,2025-07-13 02:34:02,40:4c:ca:5d:ec:4c,27.36,90.32,43
1226,2025-07-13 02:35:02,40:4c:ca:5e:02:44,27.36,90.32,63
1227,2025-07-13 02:35:20,40:4c:ca:5d:f7:d4,27.36,90.32,59
1228,2025-07-13 02:36:02,40:4c:ca:5d:ec:4c,20.63,67.17,64
1229,2025-07-13 02:37:02,40:4c:ca:5e:02:44,20.63,67.17,56
1230,2025-07-13 02:37:20,40:4c:ca:5d:f7:d4,20.63,67.17,63
1231,2025-07-13 02:38:02,40:4c:ca:5d:ec:4c,28.07,68.83,55
1232,2025-07-13 02:39:02,40:4c:ca:5e:02:44,28.07,68.83,58
1233,2025-07-13 02:39:20,40:4c:ca:5d:f7:d4,28.07,68.83,53
1234,2025-07-13 02:40:02,40:4c:ca:5d:ec:4c,29.1,64.67,45
1235,2025-07-13 02:41:02,40:4c:ca:5e:02:44,29.1,64.67,61
1236,2025-07-13 02:41:20,40:4c:ca:5d:f7:d4,29.1,64.67,62
1237,2025-07-13 02:42:02,40:4c:ca:5d:ec:4c,27.16,85.46,53
1238,2025-07-13 02:43:02,40:4c:ca:5e:02:44,27.16,85.46,58
1239,2025-07-13 02:43:20,40:4c:ca:5d:f7:d4,27.16,85.46,57
1240,2025-07-13 02:44:02,40:4c:ca:5d:ec:4c,29.19,76.28,44
1241,2025-07-13 02:45:02,40:4c:ca:5e:02:44,29.19,76.28,55
1242,2025-07-13 02:45:20,40:4c:ca:5d:f7:d4,29.19,76.28,58
1243,2025-07-13 02:46:02,40:4c:ca:5d:ec:4c,20.71,89.07,49
1244,2025-07-13 02:47:02,40:4c:ca:5e:02:44,20.71,89.07,55
1245,2025-07-13 02:47:20,40:4c:ca:5d:f7:d4,20.71,89.07,61
1246,2025-07-13 02:48:02,40:4c:ca:5d:ec:4c,26.56,89.2,49
1247,2025-07-13 02:49:02,40:4c:ca:5e:02:44,26.56,89.2,56
1248,2025-07-13 02:49:20,40:4c:ca:5d:f7:d4,26.56,89.2,69
1249,2025-07-13 02:50:02,40:4c:ca:5d:ec:4c,29.53,90.28,54
1250,2025-07-13 02:51:02,40:4c:ca:5e:02:44,29.53,90.28,83
1251,2025-07-13 02:51:20,40:4c:ca:5d:f7:d4,29.53,90.28,94
1252,2025-07-13 02:52:02,40:4c:ca:5d:ec:4c,22.54,64.3,55
1253,2025-07-13 02:53:02,40:4c:ca:5e:02:44,22.54,64.3,46
1254,2025-07-13 02:53:20,40:4c:ca:5d:f7:d4,22.54,64.3,49
1255,2025-07-13 02:54:02,40:4c:ca:5d:ec:4c,26.77,79.48,55
1256,2025-07-13 02:55:02,40:4c:ca:5e:02:44,26.77,79.48,49
1257,2025-07-13 02:55:20,40:4c:ca:5d:f7:d4,26.77,79.48,51
1258,2025-07-13 02:56:02,40:4c:ca:5d:ec:4c,26.2,76.04,45
1259,2025-07-13 02:57:02,40:4c:ca:5e:02:44,26.2,76.04,56
1260,2025-07-13 02:57:20,40:4c:ca:5d:f7:d4,26.2,76.04,62
1261,2025-07-13 02:58:02,40:4c:ca:5d:ec:4c,28.14,75.1,58
1262,2025-07-13 02:59:02,40:4c:ca:5e:02:44,28.14,75.1,45
1263,2025-07-13 02:59:20,40:4c:ca:5d:f7:d4,28.14,75.1,48
1264,2025-07-13 03:00:02,40:4c:ca:5d:ec:4c,19.19,80.25,53
1265,2025-07-13 03:01:02,40:4c:ca:5e:02:44,19.19,80.25,54
1266,2025-07-13 03:01:20,40:4c:ca:5d:f7:d4,19.19,80.25,54
1267,2025-07-13 03:02:02,40:4c:ca:5d:ec:4c,25.98,87.31,56
1268,2025-07-13 03:03:02,40:4c:ca:5e:02:44,25.98,87.31,56
1269,2025-07-13 03:03:20,40:4c:ca:5d:f7:d4,25.98,87.31,56
1270,2025-07-13 03:04:02,40:4c:ca:5d:ec:4c,23.01,67.09,56
1271,2025-07-13 03:05:02,40:4c:ca:5e:02:44,23.01,67.09,61
1272,2025-07-13 03:05:20,40:4c:ca:5d:f7:d4,23.01,67.09,61
1273,2025-07-13 03:06:23,40:4c:ca:5d:ec:4c,30.33,86.43,44
1274,2025-07-13 03:07:02,40:4c:ca:5e:02:44,27.51,72.22,44
1275,2025-07-13 03:07:20,40:4c:ca:5d:f7:d4,27.51,72.22,47
1276,2025-07-13 03:08:24,40:4c:ca:5d:ec:4c,30.33,86.43,55
1277,2025-07-13 03:09:02,40:4c:ca:5e:02:44,25.17,86.52,58
1278,2025-07-13 03:09:20,40:4c:ca:5d:f7:d4,25.17,86.52,59
1279,2025-07-13 03:11:20,40:4c:ca:5d:f7:d4,24.24,66.95,6
1280,2025-07-13 03:13:20,40:4c:ca:5d:f7:d4,22.71,90.53,32
1281,2025-07-13 03:15:20,40:4c:ca:5d:f7:d4,24.25,67.78,33
1282,2025-07-13 03:17:20,40:4c:ca:5d:f7:d4,22.16,80.42,21
1283,2025-07-13 03:19:20,40:4c:ca:5d:f7:d4,27.97,66.88,19
1284,2025-07-13 03:22:02,40:4c:ca:5e:09:2c,29.04,74.43,24
1285,2025-07-13 03:24:02,40:4c:ca:5e:09:2c,29.95,77.49,19
1286,2025-07-13 03:26:02,40:4c:ca:5e:09:2c,18.07,82.36,18
1287,2025-07-13 03:28:02,40:4c:ca:5e:09:2c,28.02,73.67,9
1288,2025-07-13 03:30:02,40:4c:ca:5e:09:2c,25.45,85.63,7
1289,2025-07-13 03:32:02,40:4c:ca:5e:09:2c,28.4,82.98,19
1290,2025-07-13 03:34:02,40:4c:ca:5e:09:2c,24.96,78.51,19
1291,2025-07-13 03:36:02,40:4c:ca:5e:09:2c,30.07,70.67,7
1292,2025-07-13 03:38:02,40:4c:ca:5e:09:2c,18.97,69.78,18
1293,2025-07-13 03:40:02,40:4c:ca:5e:09:2c,24.5,70.09,20
1294,2025-07-13 03:42:02,40:4c:ca:5e:09:2c,22.3,71.6,9
1295,2025-07-13 03:44:02,40:4c:ca:5e:09:2c,18.16,76.61,18
1296,2025-07-13 03:46:02,40:4c:ca:5e:09:2c,30.93,87.09,10
1297,2025-07-13 03:48:02,40:4c:ca:5e:09:2c,19.53,72.98,20
