id,timestamp,mac,rssi
1,2025-07-06 16:36:23,40:4c:ca:5e:02:44,-67
2,2025-07-06 16:36:44,40:4c:ca:5e:00:a0,-86
3,2025-07-06 16:36:44,40:4c:ca:5e:00:a0,-86
4,2025-07-06 16:37:15,40:4c:ca:5d:e6:e8,-76
5,2025-07-06 16:37:32,40:4c:ca:5e:0f:34,-40
6,2025-07-06 16:37:32,40:4c:ca:5e:09:2c,-86
7,2025-07-06 16:38:23,40:4c:ca:5e:02:44,-70
8,2025-07-06 16:38:43,40:4c:ca:5e:00:a0,-83
9,2025-07-06 16:38:43,40:4c:ca:5e:00:a0,-83
10,2025-07-06 16:39:14,40:4c:ca:5d:e6:e8,-76
11,2025-07-06 16:39:32,40:4c:ca:5e:0f:34,-39
12,2025-07-06 16:39:32,40:4c:ca:5e:09:2c,-85
13,2025-07-06 16:40:23,40:4c:ca:5e:02:44,-68
14,2025-07-06 16:40:44,40:4c:ca:5e:00:a0,-86
15,2025-07-06 16:40:44,40:4c:ca:5e:00:a0,-86
16,2025-07-06 16:40:45,40:4c:ca:5e:00:a0,-86
17,2025-07-06 16:41:14,40:4c:ca:5d:e6:e8,-77
18,2025-07-06 16:41:33,40:4c:ca:5e:0f:34,-40
19,2025-07-06 16:41:33,40:4c:ca:5e:09:2c,-86
20,2025-07-06 16:42:24,40:4c:ca:5e:02:44,-67
21,2025-07-06 16:42:44,40:4c:ca:5e:00:a0,-87
22,2025-07-06 16:42:44,40:4c:ca:5e:00:a0,-87
23,2025-07-06 16:42:44,40:4c:ca:5e:00:a0,-87
24,2025-07-06 16:43:14,40:4c:ca:5d:e6:e8,-76
25,2025-07-06 16:43:33,40:4c:ca:5e:0f:34,-39
26,2025-07-06 16:43:33,40:4c:ca:5e:09:2c,-87
27,2025-07-06 16:44:23,40:4c:ca:5e:02:44,-68
28,2025-07-06 16:44:44,40:4c:ca:5e:00:a0,-83
29,2025-07-06 16:44:44,40:4c:ca:5e:00:a0,-83
30,2025-07-06 16:44:44,40:4c:ca:5e:00:a0,-83
31,2025-07-06 16:45:14,40:4c:ca:5d:e6:e8,-78
32,2025-07-06 16:45:31,40:4c:ca:5e:0f:34,-42
33,2025-07-06 16:45:35,40:4c:ca:5e:09:2c,-83
34,2025-07-06 16:45:35,40:4c:ca:5e:09:2c,-83
35,2025-07-06 16:45:35,40:4c:ca:5e:09:2c,-83
36,2025-07-06 16:46:23,40:4c:ca:5e:02:44,-67
37,2025-07-06 16:46:44,40:4c:ca:5e:00:a0,-80
38,2025-07-06 16:46:44,40:4c:ca:5e:00:a0,-80
39,2025-07-06 16:46:44,40:4c:ca:5e:00:a0,-80
40,2025-07-06 16:47:15,40:4c:ca:5d:e6:e8,-79
41,2025-07-06 16:47:32,40:4c:ca:5e:09:2c,-84
42,2025-07-06 16:47:32,40:4c:ca:5e:0f:34,-43
43,2025-07-06 16:48:23,40:4c:ca:5e:02:44,-66
44,2025-07-06 16:48:44,40:4c:ca:5e:00:a0,-81
45,2025-07-06 16:48:44,40:4c:ca:5e:00:a0,-81
46,2025-07-06 16:49:14,40:4c:ca:5d:e6:e8,-78
47,2025-07-06 16:49:33,40:4c:ca:5e:09:2c,-85
48,2025-07-06 16:49:33,40:4c:ca:5e:0f:34,-41
49,2025-07-06 16:50:23,40:4c:ca:5e:02:44,-66
50,2025-07-06 16:50:44,40:4c:ca:5e:00:a0,-81
51,2025-07-06 16:50:44,40:4c:ca:5e:00:a0,-81
52,2025-07-06 16:50:44,40:4c:ca:5e:00:a0,-81
53,2025-07-06 16:51:14,40:4c:ca:5d:e6:e8,-77
54,2025-07-06 16:51:33,40:4c:ca:5e:0f:34,-42
55,2025-07-06 16:51:33,40:4c:ca:5e:09:2c,-86
56,2025-07-06 16:52:23,40:4c:ca:5e:02:44,-66
57,2025-07-06 16:52:44,40:4c:ca:5e:00:a0,-74
58,2025-07-06 16:52:44,40:4c:ca:5e:00:a0,-74
59,2025-07-06 16:52:44,40:4c:ca:5e:00:a0,-74
60,2025-07-06 16:53:14,40:4c:ca:5d:e6:e8,-78
61,2025-07-06 16:53:32,40:4c:ca:5e:0f:34,-39
62,2025-07-06 16:53:33,40:4c:ca:5e:09:2c,-90
63,2025-07-06 16:54:23,40:4c:ca:5e:02:44,-68
64,2025-07-06 16:54:45,40:4c:ca:5e:00:a0,-74
65,2025-07-06 16:54:45,40:4c:ca:5e:00:a0,-74
66,2025-07-06 16:54:45,40:4c:ca:5e:00:a0,-74
67,2025-07-06 16:55:15,40:4c:ca:5d:e6:e8,-79
68,2025-07-06 16:55:32,40:4c:ca:5e:0f:34,-39
69,2025-07-06 16:55:33,40:4c:ca:5e:09:2c,-83
70,2025-07-06 16:56:23,40:4c:ca:5e:02:44,-68
71,2025-07-06 16:56:45,40:4c:ca:5e:00:a0,-73
72,2025-07-06 16:56:45,40:4c:ca:5e:00:a0,-73
73,2025-07-06 16:56:45,40:4c:ca:5e:00:a0,-73
74,2025-07-06 16:56:45,40:4c:ca:5e:00:a0,-73
75,2025-07-06 16:57:15,40:4c:ca:5d:e6:e8,-78
76,2025-07-06 16:57:33,40:4c:ca:5e:0f:34,-39
77,2025-07-06 16:57:33,40:4c:ca:5e:09:2c,-90
78,2025-07-06 16:58:23,40:4c:ca:5e:02:44,-68
79,2025-07-06 16:58:43,40:4c:ca:5e:00:a0,-74
80,2025-07-06 16:58:43,40:4c:ca:5e:00:a0,-74
81,2025-07-06 16:59:14,40:4c:ca:5d:e6:e8,-79
82,2025-07-06 16:59:32,40:4c:ca:5e:0f:34,-41
83,2025-07-06 16:59:32,40:4c:ca:5e:09:2c,-90
84,2025-07-06 17:00:23,40:4c:ca:5e:02:44,-68
85,2025-07-06 17:00:43,40:4c:ca:5e:00:a0,-74
86,2025-07-06 17:00:43,40:4c:ca:5e:00:a0,-74
87,2025-07-06 17:01:14,40:4c:ca:5d:e6:e8,-79
88,2025-07-06 17:01:33,40:4c:ca:5e:0f:34,-39
89,2025-07-06 17:01:33,40:4c:ca:5e:09:2c,-91
90,2025-07-06 17:39:18,40:4c:ca:5e:02:44,-68
91,2025-07-06 17:40:43,40:4c:ca:5e:00:a0,-87
92,2025-07-06 17:40:43,40:4c:ca:5e:00:a0,-87
93,2025-07-06 17:41:14,40:4c:ca:5d:e6:e8,-78
94,2025-07-06 17:41:33,40:4c:ca:5e:0f:34,-42
95,2025-07-06 17:41:33,40:4c:ca:5e:09:2c,-83
96,2025-07-06 17:42:43,40:4c:ca:5e:00:a0,-78
97,2025-07-06 17:42:43,40:4c:ca:5e:00:a0,-78
98,2025-07-06 17:43:14,40:4c:ca:5d:e6:e8,-78
99,2025-07-06 17:43:34,40:4c:ca:5e:09:2c,-79
100,2025-07-06 17:43:34,40:4c:ca:5e:0f:34,-43
101,2025-07-06 17:44:43,40:4c:ca:5e:00:a0,-79
102,2025-07-06 17:44:44,40:4c:ca:5e:00:a0,-79
103,2025-07-06 17:45:14,40:4c:ca:5d:e6:e8,-78
104,2025-07-06 17:45:33,40:4c:ca:5e:0f:34,-43
105,2025-07-06 17:45:33,40:4c:ca:5e:09:2c,-79
106,2025-07-06 17:46:43,40:4c:ca:5e:00:a0,-78
107,2025-07-06 17:46:43,40:4c:ca:5e:00:a0,-78
108,2025-07-06 17:47:14,40:4c:ca:5d:e6:e8,-78
109,2025-07-06 17:47:33,40:4c:ca:5e:0f:34,-44
110,2025-07-06 17:47:33,40:4c:ca:5e:09:2c,-79
111,2025-07-06 17:48:42,40:4c:ca:5e:00:a0,-78
112,2025-07-06 17:48:43,40:4c:ca:5e:00:a0,-78
113,2025-07-06 17:49:14,40:4c:ca:5d:e6:e8,-78
114,2025-07-06 17:49:32,40:4c:ca:5e:0f:34,-43
115,2025-07-06 17:49:33,40:4c:ca:5e:09:2c,-79
116,2025-07-06 17:50:43,40:4c:ca:5e:00:a0,-78
117,2025-07-06 17:50:43,40:4c:ca:5e:00:a0,-78
118,2025-07-06 17:51:14,40:4c:ca:5d:e6:e8,-78
119,2025-07-06 17:51:33,40:4c:ca:5e:0f:34,-44
120,2025-07-06 17:51:33,40:4c:ca:5e:09:2c,-79
121,2025-07-06 17:52:42,40:4c:ca:5e:00:a0,-79
122,2025-07-06 17:53:14,40:4c:ca:5d:e6:e8,-78
123,2025-07-06 17:53:33,40:4c:ca:5e:0f:34,-44
124,2025-07-06 17:53:33,40:4c:ca:5e:09:2c,-80
125,2025-07-06 17:54:42,40:4c:ca:5e:00:a0,-79
126,2025-07-06 17:55:14,40:4c:ca:5d:e6:e8,-78
127,2025-07-06 17:55:34,40:4c:ca:5e:0f:34,-43
128,2025-07-06 17:55:34,40:4c:ca:5e:09:2c,-79
129,2025-07-06 17:56:42,40:4c:ca:5e:00:a0,-79
130,2025-07-06 17:57:14,40:4c:ca:5d:e6:e8,-88
131,2025-07-06 17:57:33,40:4c:ca:5e:0f:34,-53
132,2025-07-06 17:57:33,40:4c:ca:5e:09:2c,-81
133,2025-07-06 17:58:45,40:4c:ca:5e:00:a0,-73
134,2025-07-06 17:58:45,40:4c:ca:5e:00:a0,-73
135,2025-07-06 17:58:46,40:4c:ca:5e:00:a0,-73
136,2025-07-06 17:59:14,40:4c:ca:5d:e6:e8,-83
137,2025-07-06 17:59:34,40:4c:ca:5e:0f:34,-48
138,2025-07-06 17:59:34,40:4c:ca:5e:09:2c,-85
139,2025-07-06 18:00:44,40:4c:ca:5e:00:a0,-74
140,2025-07-06 18:00:47,40:4c:ca:5e:00:a0,-74
141,2025-07-06 18:01:14,40:4c:ca:5d:e6:e8,-84
142,2025-07-06 18:01:33,40:4c:ca:5e:0f:34,-54
143,2025-07-06 18:01:33,40:4c:ca:5e:09:2c,-81
144,2025-07-06 18:02:44,40:4c:ca:5e:00:a0,-72
145,2025-07-06 18:02:44,40:4c:ca:5e:00:a0,-72
146,2025-07-06 18:03:14,40:4c:ca:5d:e6:e8,-83
147,2025-07-06 18:03:33,40:4c:ca:5e:0f:34,-53
148,2025-07-06 18:03:33,40:4c:ca:5e:09:2c,-69
149,2025-07-06 18:04:08,40:4c:ca:5e:02:44,-80
150,2025-07-06 18:04:44,40:4c:ca:5e:00:a0,-90
151,2025-07-06 18:04:45,40:4c:ca:5e:00:a0,-90
152,2025-07-06 18:05:14,40:4c:ca:5d:e6:e8,-81
153,2025-07-06 18:05:34,40:4c:ca:5e:0f:34,-57
154,2025-07-06 18:05:34,40:4c:ca:5e:09:2c,-68
155,2025-07-06 18:06:09,40:4c:ca:5e:02:44,-88
156,2025-07-06 18:06:44,40:4c:ca:5e:00:a0,-91
157,2025-07-06 18:06:44,40:4c:ca:5e:00:a0,-91
158,2025-07-06 18:07:14,40:4c:ca:5d:e6:e8,-80
159,2025-07-06 18:07:34,40:4c:ca:5e:0f:34,-55
160,2025-07-06 18:07:34,40:4c:ca:5e:09:2c,-67
161,2025-07-06 18:08:09,40:4c:ca:5e:02:44,-89
162,2025-07-06 18:08:44,40:4c:ca:5e:00:a0,-92
163,2025-07-06 18:08:44,40:4c:ca:5e:00:a0,-92
164,2025-07-06 18:09:14,40:4c:ca:5d:e6:e8,-81
165,2025-07-06 18:09:33,40:4c:ca:5e:0f:34,-55
166,2025-07-06 18:09:33,40:4c:ca:5e:09:2c,-67
167,2025-07-06 18:10:09,40:4c:ca:5e:02:44,-91
168,2025-07-06 18:10:44,40:4c:ca:5e:00:a0,-85
169,2025-07-06 18:10:45,40:4c:ca:5e:00:a0,-85
170,2025-07-06 18:10:45,40:4c:ca:5e:00:a0,-85
171,2025-07-06 18:11:19,40:4c:ca:5e:0f:34,-56
172,2025-07-06 18:11:34,40:4c:ca:5e:09:2c,-67
173,2025-07-06 18:11:35,40:4c:ca:5e:09:2c,-67
174,2025-07-06 18:12:44,40:4c:ca:5e:00:a0,-92
175,2025-07-06 18:12:44,40:4c:ca:5e:00:a0,-92
176,2025-07-06 18:13:19,40:4c:ca:5e:0f:34,-57
177,2025-07-06 18:13:34,40:4c:ca:5e:09:2c,-67
178,2025-07-06 18:14:44,40:4c:ca:5e:00:a0,-92
179,2025-07-06 18:14:44,40:4c:ca:5e:00:a0,-92
180,2025-07-06 18:15:19,40:4c:ca:5e:0f:34,-55
181,2025-07-06 18:15:34,40:4c:ca:5e:09:2c,-67
182,2025-07-06 18:15:34,40:4c:ca:5e:09:2c,-67
183,2025-07-06 18:16:44,40:4c:ca:5e:00:a0,-92
184,2025-07-06 18:16:46,40:4c:ca:5e:00:a0,-92
185,2025-07-06 18:17:19,40:4c:ca:5e:0f:34,-56
186,2025-07-06 18:17:34,40:4c:ca:5e:09:2c,-68
187,2025-07-06 18:17:35,40:4c:ca:5e:09:2c,-68
188,2025-07-06 18:18:44,40:4c:ca:5e:00:a0,-91
189,2025-07-06 18:18:44,40:4c:ca:5e:00:a0,-91
190,2025-07-06 18:19:19,40:4c:ca:5e:0f:34,-56
191,2025-07-06 18:19:34,40:4c:ca:5e:09:2c,-67
192,2025-07-06 18:19:34,40:4c:ca:5e:09:2c,-67
193,2025-07-06 18:20:44,40:4c:ca:5e:00:a0,-93
194,2025-07-06 18:20:44,40:4c:ca:5e:00:a0,-93
195,2025-07-06 18:21:19,40:4c:ca:5e:0f:34,-55
196,2025-07-06 18:21:33,40:4c:ca:5e:09:2c,-70
197,2025-07-06 18:22:44,40:4c:ca:5e:00:a0,-92
198,2025-07-06 18:22:44,40:4c:ca:5e:00:a0,-92
199,2025-07-06 18:23:19,40:4c:ca:5e:0f:34,-56
200,2025-07-06 18:23:33,40:4c:ca:5e:09:2c,-75
201,2025-07-06 18:23:34,40:4c:ca:5e:09:2c,-75
202,2025-07-06 18:24:44,40:4c:ca:5e:00:a0,-96
203,2025-07-06 18:24:44,40:4c:ca:5e:00:a0,-96
204,2025-07-06 18:25:19,40:4c:ca:5e:0f:34,-56
205,2025-07-06 18:25:34,40:4c:ca:5e:09:2c,-75
206,2025-07-06 18:27:19,40:4c:ca:5e:0f:34,-56
207,2025-07-06 18:27:33,40:4c:ca:5e:09:2c,-76
208,2025-07-06 18:29:19,40:4c:ca:5e:0f:34,-57
209,2025-07-06 18:29:34,40:4c:ca:5e:09:2c,-78
210,2025-07-06 18:29:34,40:4c:ca:5e:09:2c,-78
211,2025-07-06 18:31:19,40:4c:ca:5e:0f:34,-53
212,2025-07-06 18:31:33,40:4c:ca:5e:09:2c,-76
213,2025-07-06 18:33:19,40:4c:ca:5e:0f:34,-56
214,2025-07-06 18:33:33,40:4c:ca:5e:09:2c,-75
215,2025-07-06 18:33:33,40:4c:ca:5e:09:2c,-75
216,2025-07-06 18:35:19,40:4c:ca:5e:0f:34,-57
217,2025-07-06 18:35:34,40:4c:ca:5e:09:2c,-75
218,2025-07-06 18:35:34,40:4c:ca:5e:09:2c,-75
219,2025-07-06 18:37:19,40:4c:ca:5e:0f:34,-57
220,2025-07-06 18:37:34,40:4c:ca:5e:09:2c,-75
221,2025-07-06 18:37:34,40:4c:ca:5e:09:2c,-75
222,2025-07-06 18:39:19,40:4c:ca:5e:0f:34,-56
223,2025-07-06 18:39:33,40:4c:ca:5e:09:2c,-75
224,2025-07-06 18:41:19,40:4c:ca:5e:0f:34,-55
225,2025-07-06 18:41:33,40:4c:ca:5e:09:2c,-75
226,2025-07-06 18:43:19,40:4c:ca:5e:0f:34,-53
227,2025-07-06 18:43:33,40:4c:ca:5e:09:2c,-75
228,2025-07-06 18:45:19,40:4c:ca:5e:0f:34,-57
229,2025-07-06 18:45:33,40:4c:ca:5e:09:2c,-74
230,2025-07-06 18:47:19,40:4c:ca:5e:0f:34,-57
231,2025-07-06 18:47:33,40:4c:ca:5e:09:2c,-75
232,2025-07-06 18:49:19,40:4c:ca:5e:0f:34,-52
233,2025-07-06 18:49:33,40:4c:ca:5e:09:2c,-75
234,2025-07-06 18:51:19,40:4c:ca:5e:0f:34,-53
235,2025-07-06 18:51:33,40:4c:ca:5e:09:2c,-75
236,2025-07-06 18:53:20,40:4c:ca:5e:0f:34,-58
237,2025-07-06 18:53:32,40:4c:ca:5e:09:2c,-75
238,2025-07-06 18:55:20,40:4c:ca:5e:0f:34,-53
239,2025-07-06 18:55:34,40:4c:ca:5e:09:2c,-74
240,2025-07-06 18:57:19,40:4c:ca:5e:0f:34,-57
241,2025-07-06 18:57:33,40:4c:ca:5e:09:2c,-76
242,2025-07-06 18:59:20,40:4c:ca:5e:0f:34,-56
243,2025-07-06 18:59:33,40:4c:ca:5e:09:2c,-75
244,2025-07-06 19:01:19,40:4c:ca:5e:0f:34,-56
245,2025-07-06 19:01:33,40:4c:ca:5e:09:2c,-74
246,2025-07-06 19:03:19,40:4c:ca:5e:0f:34,-55
247,2025-07-06 19:03:33,40:4c:ca:5e:09:2c,-75
248,2025-07-06 19:05:19,40:4c:ca:5e:0f:34,-56
249,2025-07-06 19:05:33,40:4c:ca:5e:09:2c,-76
250,2025-07-06 19:07:19,40:4c:ca:5e:0f:34,-57
251,2025-07-06 19:07:33,40:4c:ca:5e:09:2c,-75
252,2025-07-06 19:09:19,40:4c:ca:5e:0f:34,-57
253,2025-07-06 19:09:33,40:4c:ca:5e:09:2c,-75
254,2025-07-06 19:11:20,40:4c:ca:5e:0f:34,-56
255,2025-07-06 19:11:34,40:4c:ca:5e:09:2c,-75
256,2025-07-06 19:13:20,40:4c:ca:5e:0f:34,-54
257,2025-07-06 19:13:33,40:4c:ca:5e:09:2c,-75
258,2025-07-06 19:15:20,40:4c:ca:5e:0f:34,-57
259,2025-07-06 19:15:33,40:4c:ca:5e:09:2c,-75
260,2025-07-06 19:17:20,40:4c:ca:5e:0f:34,-55
261,2025-07-06 19:17:33,40:4c:ca:5e:09:2c,-75
262,2025-07-06 19:19:20,40:4c:ca:5e:0f:34,-55
263,2025-07-06 19:19:33,40:4c:ca:5e:09:2c,-75
264,2025-07-06 19:21:20,40:4c:ca:5e:0f:34,-57
265,2025-07-06 19:21:33,40:4c:ca:5e:09:2c,-75
266,2025-07-06 19:23:20,40:4c:ca:5e:0f:34,-57
267,2025-07-06 19:23:33,40:4c:ca:5e:09:2c,-75
268,2025-07-06 19:25:20,40:4c:ca:5e:0f:34,-57
269,2025-07-06 19:25:33,40:4c:ca:5e:09:2c,-75
270,2025-07-06 19:27:20,40:4c:ca:5e:0f:34,-55
271,2025-07-06 19:27:33,40:4c:ca:5e:09:2c,-75
272,2025-07-06 19:29:20,40:4c:ca:5e:0f:34,-57
273,2025-07-06 19:29:33,40:4c:ca:5e:09:2c,-75
274,2025-07-06 19:31:20,40:4c:ca:5e:0f:34,-57
275,2025-07-06 19:31:33,40:4c:ca:5e:09:2c,-75
276,2025-07-06 19:33:20,40:4c:ca:5e:0f:34,-55
277,2025-07-06 19:33:33,40:4c:ca:5e:09:2c,-75
278,2025-07-06 19:35:20,40:4c:ca:5e:0f:34,-57
279,2025-07-06 19:35:33,40:4c:ca:5e:09:2c,-75
280,2025-07-06 19:37:20,40:4c:ca:5e:0f:34,-57
281,2025-07-06 19:37:33,40:4c:ca:5e:09:2c,-75
282,2025-07-06 19:39:20,40:4c:ca:5e:0f:34,-57
283,2025-07-06 19:39:32,40:4c:ca:5e:09:2c,-75
284,2025-07-06 19:41:20,40:4c:ca:5e:0f:34,-52
285,2025-07-06 19:41:33,40:4c:ca:5e:09:2c,-75
286,2025-07-06 19:43:20,40:4c:ca:5e:0f:34,-57
287,2025-07-06 19:43:33,40:4c:ca:5e:09:2c,-75
288,2025-07-06 19:45:20,40:4c:ca:5e:0f:34,-57
289,2025-07-06 19:45:33,40:4c:ca:5e:09:2c,-78
290,2025-07-06 19:47:20,40:4c:ca:5e:0f:34,-57
291,2025-07-06 19:47:33,40:4c:ca:5e:09:2c,-75
292,2025-07-06 19:49:20,40:4c:ca:5e:0f:34,-56
293,2025-07-06 19:49:33,40:4c:ca:5e:09:2c,-75
294,2025-07-06 19:51:20,40:4c:ca:5e:0f:34,-54
295,2025-07-06 19:51:33,40:4c:ca:5e:09:2c,-75
296,2025-07-06 19:52:35,40:4c:ca:5e:09:2c,-75
297,2025-07-06 19:53:20,40:4c:ca:5e:0f:34,-55
298,2025-07-06 19:55:14,40:4c:ca:5d:e6:e8,-81
299,2025-07-06 19:55:20,40:4c:ca:5e:0f:34,-53
300,2025-07-06 19:57:14,40:4c:ca:5d:e6:e8,-80
301,2025-07-06 19:57:20,40:4c:ca:5e:0f:34,-57
302,2025-07-06 19:59:14,40:4c:ca:5d:e6:e8,-80
303,2025-07-06 19:59:20,40:4c:ca:5e:0f:34,-55
304,2025-07-06 20:01:14,40:4c:ca:5d:e6:e8,-82
305,2025-07-06 20:01:20,40:4c:ca:5e:0f:34,-54
306,2025-07-06 20:01:44,40:4c:ca:5d:e6:e8,-83
307,2025-07-06 20:01:51,40:4c:ca:5e:02:44,-75
308,2025-07-06 20:03:20,40:4c:ca:5e:0f:34,-56
309,2025-07-06 20:03:44,40:4c:ca:5d:e6:e8,-83
310,2025-07-06 20:03:51,40:4c:ca:5e:02:44,-77
311,2025-07-06 20:05:20,40:4c:ca:5e:0f:34,-56
312,2025-07-06 20:05:44,40:4c:ca:5d:e6:e8,-82
313,2025-07-06 20:05:51,40:4c:ca:5e:02:44,-77
314,2025-07-06 20:07:20,40:4c:ca:5e:0f:34,-56
315,2025-07-06 20:07:44,40:4c:ca:5d:e6:e8,-83
316,2025-07-06 20:07:51,40:4c:ca:5e:02:44,-77
317,2025-07-06 20:09:21,40:4c:ca:5e:0f:34,-57
318,2025-07-06 20:09:51,40:4c:ca:5e:02:44,-78
319,2025-07-06 20:11:20,40:4c:ca:5e:0f:34,-59
320,2025-07-06 20:11:52,40:4c:ca:5e:02:44,-78
321,2025-07-06 20:13:20,40:4c:ca:5e:0f:34,-57
322,2025-07-06 20:15:20,40:4c:ca:5e:0f:34,-56
323,2025-07-06 20:15:44,40:4c:ca:5d:e6:e8,-81
324,2025-07-06 20:17:20,40:4c:ca:5e:0f:34,-54
325,2025-07-06 20:17:44,40:4c:ca:5d:e6:e8,-83
326,2025-07-06 20:19:20,40:4c:ca:5e:0f:34,-57
327,2025-07-06 20:19:45,40:4c:ca:5d:e6:e8,-83
328,2025-07-06 20:21:20,40:4c:ca:5e:0f:34,-55
329,2025-07-06 20:21:44,40:4c:ca:5d:e6:e8,-83
330,2025-07-06 20:23:20,40:4c:ca:5e:0f:34,-57
331,2025-07-06 20:23:44,40:4c:ca:5d:e6:e8,-82
332,2025-07-06 20:25:20,40:4c:ca:5e:0f:34,-58
333,2025-07-06 20:25:44,40:4c:ca:5d:e6:e8,-81
334,2025-07-06 20:27:20,40:4c:ca:5e:0f:34,-57
335,2025-07-06 20:27:44,40:4c:ca:5d:e6:e8,-83
336,2025-07-06 20:29:20,40:4c:ca:5e:0f:34,-57
337,2025-07-06 20:29:45,40:4c:ca:5d:e6:e8,-83
338,2025-07-06 20:31:20,40:4c:ca:5e:0f:34,-53
339,2025-07-06 20:31:44,40:4c:ca:5d:e6:e8,-81
340,2025-07-06 20:33:20,40:4c:ca:5e:0f:34,-56
341,2025-07-06 20:33:45,40:4c:ca:5d:e6:e8,-82
342,2025-07-06 20:35:20,40:4c:ca:5e:0f:34,-56
343,2025-07-06 20:35:45,40:4c:ca:5d:e6:e8,-83
344,2025-07-06 20:37:20,40:4c:ca:5e:0f:34,-57
345,2025-07-06 20:37:44,40:4c:ca:5d:e6:e8,-82
346,2025-07-06 20:39:20,40:4c:ca:5e:0f:34,-55
347,2025-07-06 20:39:45,40:4c:ca:5d:e6:e8,-81
348,2025-07-06 20:41:21,40:4c:ca:5e:0f:34,-55
349,2025-07-06 20:41:45,40:4c:ca:5d:e6:e8,-83
350,2025-07-06 20:43:21,40:4c:ca:5e:0f:34,-57
351,2025-07-06 20:43:45,40:4c:ca:5d:e6:e8,-83
352,2025-07-06 20:45:21,40:4c:ca:5e:0f:34,-56
353,2025-07-06 20:45:45,40:4c:ca:5d:e6:e8,-83
354,2025-07-06 20:47:21,40:4c:ca:5e:0f:34,-57
355,2025-07-06 20:47:45,40:4c:ca:5d:e6:e8,-82
356,2025-07-06 20:49:20,40:4c:ca:5e:0f:34,-57
357,2025-07-06 20:49:45,40:4c:ca:5d:e6:e8,-83
358,2025-07-06 20:51:20,40:4c:ca:5e:0f:34,-57
359,2025-07-06 20:51:45,40:4c:ca:5d:e6:e8,-83
360,2025-07-06 20:53:21,40:4c:ca:5e:0f:34,-56
361,2025-07-12 12:10:33,40:4c:ca:5e:02:44,-51
362,2025-07-12 12:12:12,40:4c:ca:5e:09:2c,-73
363,2025-07-12 12:12:33,40:4c:ca:5e:02:44,-41
364,2025-07-12 12:14:12,40:4c:ca:5e:09:2c,-75
365,2025-07-12 12:14:33,40:4c:ca:5e:02:44,-41
366,2025-07-12 12:16:12,40:4c:ca:5e:09:2c,-75
367,2025-07-12 12:16:33,40:4c:ca:5e:02:44,-41
368,2025-07-12 12:18:12,40:4c:ca:5e:09:2c,-75
369,2025-07-12 12:18:32,40:4c:ca:5e:02:44,-44
370,2025-07-12 12:20:12,40:4c:ca:5e:09:2c,-74
371,2025-07-12 12:20:33,40:4c:ca:5e:02:44,-42
372,2025-07-12 12:22:12,40:4c:ca:5e:09:2c,-73
373,2025-07-12 12:22:33,40:4c:ca:5e:02:44,-43
374,2025-07-12 12:23:32,40:4c:ca:5d:e6:e8,-80
375,2025-07-12 12:23:38,40:4c:ca:5e:0f:34,-91
376,2025-07-12 12:24:12,40:4c:ca:5e:09:2c,-73
377,2025-07-12 12:24:33,40:4c:ca:5e:02:44,-43
378,2025-07-12 12:25:32,40:4c:ca:5d:e6:e8,-80
379,2025-07-12 12:25:38,40:4c:ca:5e:0f:34,-76
380,2025-07-12 12:25:57,40:4c:ca:5e:00:a0,-73
381,2025-07-12 12:26:12,40:4c:ca:5e:09:2c,-72
382,2025-07-12 12:26:14,40:4c:ca:5d:ec:4c,-75
383,2025-07-12 12:26:33,40:4c:ca:5e:02:44,-43
384,2025-07-12 12:27:32,40:4c:ca:5d:e6:e8,-80
385,2025-07-12 12:27:38,40:4c:ca:5e:0f:34,-77
386,2025-07-12 12:27:42,40:4c:ca:5d:ec:4c,-78
387,2025-07-12 12:27:57,40:4c:ca:5e:00:a0,-74
388,2025-07-12 12:28:12,40:4c:ca:5e:09:2c,-74
389,2025-07-12 12:28:33,40:4c:ca:5e:02:44,-47
390,2025-07-12 12:29:32,40:4c:ca:5d:e6:e8,-80
391,2025-07-12 12:29:38,40:4c:ca:5e:0f:34,-77
392,2025-07-12 12:29:57,40:4c:ca:5e:00:a0,-74
393,2025-07-12 12:30:12,40:4c:ca:5e:09:2c,-73
394,2025-07-12 12:30:33,40:4c:ca:5e:02:44,-43
395,2025-07-12 12:31:32,40:4c:ca:5d:e6:e8,-81
396,2025-07-12 12:31:38,40:4c:ca:5e:0f:34,-76
397,2025-07-12 12:31:57,40:4c:ca:5e:00:a0,-74
398,2025-07-12 12:32:12,40:4c:ca:5e:09:2c,-73
399,2025-07-12 12:32:33,40:4c:ca:5e:02:44,-42
400,2025-07-12 12:33:32,40:4c:ca:5d:e6:e8,-82
401,2025-07-12 12:33:38,40:4c:ca:5e:0f:34,-77
402,2025-07-12 12:33:57,40:4c:ca:5e:00:a0,-74
403,2025-07-12 12:34:12,40:4c:ca:5e:09:2c,-73
404,2025-07-12 12:34:33,40:4c:ca:5e:02:44,-42
405,2025-07-12 12:35:32,40:4c:ca:5d:e6:e8,-81
406,2025-07-12 12:35:38,40:4c:ca:5e:0f:34,-77
407,2025-07-12 12:35:57,40:4c:ca:5e:00:a0,-74
408,2025-07-12 12:36:12,40:4c:ca:5e:09:2c,-73
409,2025-07-12 12:36:33,40:4c:ca:5e:02:44,-42
410,2025-07-12 12:37:32,40:4c:ca:5d:e6:e8,-79
411,2025-07-12 12:37:38,40:4c:ca:5e:0f:34,-77
412,2025-07-12 12:37:57,40:4c:ca:5e:00:a0,-75
413,2025-07-12 12:38:12,40:4c:ca:5e:09:2c,-73
414,2025-07-12 12:38:33,40:4c:ca:5e:02:44,-43
415,2025-07-12 12:39:32,40:4c:ca:5d:e6:e8,-79
416,2025-07-12 12:39:38,40:4c:ca:5e:0f:34,-77
417,2025-07-12 12:39:57,40:4c:ca:5e:00:a0,-75
418,2025-07-12 12:40:33,40:4c:ca:5e:02:44,-43
419,2025-07-12 12:41:32,40:4c:ca:5d:e6:e8,-81
420,2025-07-12 12:41:38,40:4c:ca:5e:0f:34,-77
421,2025-07-12 12:41:57,40:4c:ca:5e:00:a0,-73
422,2025-07-12 12:42:12,40:4c:ca:5e:09:2c,-73
423,2025-07-12 12:42:33,40:4c:ca:5e:02:44,-43
424,2025-07-12 12:42:58,40:4c:ca:5e:00:a0,-77
425,2025-07-12 12:43:03,40:4c:ca:5e:09:2c,-75
426,2025-07-12 12:43:28,40:4c:ca:5e:02:44,-45
427,2025-07-12 12:45:03,40:4c:ca:5e:09:2c,-75
428,2025-07-12 12:45:28,40:4c:ca:5e:02:44,-45
429,2025-07-12 12:47:03,40:4c:ca:5e:09:2c,-74
430,2025-07-12 12:47:28,40:4c:ca:5e:02:44,-45
431,2025-07-12 12:48:36,40:4c:ca:5e:00:a0,-76
432,2025-07-12 12:49:09,40:4c:ca:5e:02:44,-49
433,2025-07-12 12:49:10,40:4c:ca:5e:09:2c,-79
434,2025-07-12 12:49:19,40:4c:ca:5e:0f:34,-79
435,2025-07-12 12:51:10,40:4c:ca:5e:02:44,-50
436,2025-07-12 12:51:10,40:4c:ca:5e:09:2c,-79
437,2025-07-12 12:51:19,40:4c:ca:5e:0f:34,-79
438,2025-07-12 12:53:09,40:4c:ca:5e:02:44,-50
439,2025-07-12 12:53:10,40:4c:ca:5e:09:2c,-80
440,2025-07-12 12:53:19,40:4c:ca:5e:0f:34,-80
441,2025-07-12 12:55:09,40:4c:ca:5e:02:44,-50
442,2025-07-12 12:55:10,40:4c:ca:5e:09:2c,-80
443,2025-07-12 12:55:19,40:4c:ca:5e:0f:34,-81
444,2025-07-12 12:57:09,40:4c:ca:5e:02:44,-50
445,2025-07-12 12:57:10,40:4c:ca:5e:09:2c,-80
446,2025-07-12 12:57:19,40:4c:ca:5e:0f:34,-81
447,2025-07-12 12:59:10,40:4c:ca:5e:02:44,-49
448,2025-07-12 12:59:10,40:4c:ca:5e:09:2c,-79
449,2025-07-12 12:59:19,40:4c:ca:5e:0f:34,-80
450,2025-07-12 13:01:10,40:4c:ca:5e:02:44,-50
451,2025-07-12 13:01:10,40:4c:ca:5e:09:2c,-79
452,2025-07-12 13:01:19,40:4c:ca:5e:0f:34,-80
453,2025-07-12 13:03:10,40:4c:ca:5e:02:44,-50
454,2025-07-12 13:03:10,40:4c:ca:5e:09:2c,-79
455,2025-07-12 13:03:19,40:4c:ca:5e:0f:34,-80
456,2025-07-12 13:05:10,40:4c:ca:5e:02:44,-49
457,2025-07-12 13:05:10,40:4c:ca:5e:09:2c,-80
458,2025-07-12 13:05:19,40:4c:ca:5e:0f:34,-80
459,2025-07-12 13:07:10,40:4c:ca:5e:02:44,-50
460,2025-07-12 13:07:10,40:4c:ca:5e:09:2c,-80
461,2025-07-12 13:07:19,40:4c:ca:5e:0f:34,-80
462,2025-07-12 13:09:10,40:4c:ca:5e:02:44,-51
463,2025-07-12 13:09:10,40:4c:ca:5e:09:2c,-80
464,2025-07-12 13:09:19,40:4c:ca:5e:0f:34,-80
465,2025-07-12 13:11:10,40:4c:ca:5e:02:44,-49
466,2025-07-12 13:11:10,40:4c:ca:5e:09:2c,-80
467,2025-07-12 13:11:19,40:4c:ca:5e:0f:34,-80
468,2025-07-12 13:13:10,40:4c:ca:5e:02:44,-49
469,2025-07-12 13:13:10,40:4c:ca:5e:09:2c,-79
470,2025-07-12 13:13:19,40:4c:ca:5e:0f:34,-81
471,2025-07-12 13:13:35,40:4c:ca:5e:09:2c,-77
472,2025-07-12 13:13:43,40:4c:ca:5e:0f:34,-73
473,2025-07-12 13:15:10,40:4c:ca:5e:02:44,-50
474,2025-07-12 13:15:11,40:4c:ca:5d:f7:d4,-79
475,2025-07-12 13:15:35,40:4c:ca:5e:09:2c,-78
476,2025-07-12 13:15:43,40:4c:ca:5e:0f:34,-72
477,2025-07-12 13:17:10,40:4c:ca:5e:02:44,-49
478,2025-07-12 13:17:11,40:4c:ca:5d:f7:d4,-78
479,2025-07-12 13:17:35,40:4c:ca:5e:09:2c,-78
480,2025-07-12 13:17:43,40:4c:ca:5e:0f:34,-73
481,2025-07-12 13:17:58,null,
482,2025-07-12 13:19:10,40:4c:ca:5e:02:44,-49
483,2025-07-12 13:19:11,40:4c:ca:5d:f7:d4,-78
484,2025-07-12 13:19:35,40:4c:ca:5e:09:2c,-77
485,2025-07-12 13:19:43,40:4c:ca:5e:0f:34,-74
486,2025-07-12 13:21:10,40:4c:ca:5e:02:44,-50
487,2025-07-12 13:21:11,40:4c:ca:5d:f7:d4,-78
488,2025-07-12 13:21:35,40:4c:ca:5e:09:2c,-77
489,2025-07-12 13:21:43,40:4c:ca:5e:0f:34,-73
490,2025-07-12 13:23:10,40:4c:ca:5e:02:44,-49
491,2025-07-12 13:23:11,40:4c:ca:5d:f7:d4,-78
492,2025-07-12 13:23:35,40:4c:ca:5e:09:2c,-78
493,2025-07-12 13:23:43,40:4c:ca:5e:0f:34,-73
494,2025-07-12 13:25:10,40:4c:ca:5e:02:44,-49
495,2025-07-12 13:25:11,40:4c:ca:5d:f7:d4,-79
496,2025-07-12 13:25:35,40:4c:ca:5e:09:2c,-79
497,2025-07-12 13:25:43,40:4c:ca:5e:0f:34,-74
498,2025-07-12 13:27:10,40:4c:ca:5e:02:44,-50
499,2025-07-12 13:27:11,40:4c:ca:5d:f7:d4,-79
500,2025-07-12 13:27:35,40:4c:ca:5e:09:2c,-79
501,2025-07-12 13:27:43,40:4c:ca:5e:0f:34,-72
502,2025-07-12 13:29:10,40:4c:ca:5e:02:44,-49
503,2025-07-12 13:29:11,40:4c:ca:5d:f7:d4,-79
504,2025-07-12 13:29:35,40:4c:ca:5e:09:2c,-78
505,2025-07-12 13:29:43,40:4c:ca:5e:0f:34,-72
506,2025-07-12 13:31:10,40:4c:ca:5e:02:44,-50
507,2025-07-12 13:31:11,40:4c:ca:5d:f7:d4,-79
508,2025-07-12 13:31:35,40:4c:ca:5e:09:2c,-78
509,2025-07-12 13:31:43,40:4c:ca:5e:0f:34,-73
510,2025-07-12 13:33:10,40:4c:ca:5e:02:44,-50
511,2025-07-12 13:33:11,40:4c:ca:5d:f7:d4,-79
512,2025-07-12 13:33:35,40:4c:ca:5e:09:2c,-79
513,2025-07-12 13:33:43,40:4c:ca:5e:0f:34,-74
514,2025-07-12 13:35:10,40:4c:ca:5e:02:44,-49
515,2025-07-12 13:35:11,40:4c:ca:5d:f7:d4,-79
516,2025-07-12 13:35:35,40:4c:ca:5e:09:2c,-78
517,2025-07-12 13:35:43,40:4c:ca:5e:0f:34,-74
518,2025-07-12 13:37:10,40:4c:ca:5e:02:44,-50
519,2025-07-12 13:37:11,40:4c:ca:5d:f7:d4,-79
520,2025-07-12 13:37:35,40:4c:ca:5e:09:2c,-78
521,2025-07-12 13:37:43,40:4c:ca:5e:0f:34,-74
522,2025-07-12 13:39:10,40:4c:ca:5e:02:44,-49
523,2025-07-12 13:39:11,40:4c:ca:5d:f7:d4,-79
524,2025-07-12 13:39:35,40:4c:ca:5e:09:2c,-78
525,2025-07-12 13:39:43,40:4c:ca:5e:0f:34,-74
526,2025-07-12 13:41:10,40:4c:ca:5e:02:44,-49
527,2025-07-12 13:41:11,40:4c:ca:5d:f7:d4,-79
528,2025-07-12 13:41:35,40:4c:ca:5e:09:2c,-78
529,2025-07-12 13:41:43,40:4c:ca:5e:0f:34,-74
530,2025-07-12 13:43:10,40:4c:ca:5e:02:44,-49
531,2025-07-12 13:43:11,40:4c:ca:5d:f7:d4,-78
532,2025-07-12 13:43:35,40:4c:ca:5e:09:2c,-78
533,2025-07-12 13:43:43,40:4c:ca:5e:0f:34,-73
534,2025-07-12 13:45:10,40:4c:ca:5e:02:44,-50
535,2025-07-12 13:45:11,40:4c:ca:5d:f7:d4,-78
536,2025-07-12 13:45:35,40:4c:ca:5e:09:2c,-78
537,2025-07-12 13:45:43,40:4c:ca:5e:0f:34,-74
538,2025-07-12 13:47:10,40:4c:ca:5e:02:44,-50
539,2025-07-12 13:47:11,40:4c:ca:5d:f7:d4,-78
540,2025-07-12 13:47:35,40:4c:ca:5e:09:2c,-78
541,2025-07-12 13:47:43,40:4c:ca:5e:0f:34,-74
542,2025-07-12 13:49:10,40:4c:ca:5e:02:44,-49
543,2025-07-12 13:49:11,40:4c:ca:5d:f7:d4,-78
544,2025-07-12 13:49:35,40:4c:ca:5e:09:2c,-79
545,2025-07-12 13:49:43,40:4c:ca:5e:0f:34,-73
546,2025-07-12 13:51:10,40:4c:ca:5e:02:44,-49
547,2025-07-12 13:51:11,40:4c:ca:5d:f7:d4,-79
548,2025-07-12 13:51:35,40:4c:ca:5e:09:2c,-78
549,2025-07-12 13:51:43,40:4c:ca:5e:0f:34,-73
550,2025-07-12 13:53:10,40:4c:ca:5e:02:44,-49
551,2025-07-12 13:53:11,40:4c:ca:5d:f7:d4,-79
552,2025-07-12 13:53:35,40:4c:ca:5e:09:2c,-79
553,2025-07-12 13:53:43,40:4c:ca:5e:0f:34,-74
554,2025-07-12 13:55:10,40:4c:ca:5e:02:44,-49
555,2025-07-12 13:55:11,40:4c:ca:5d:f7:d4,-78
556,2025-07-12 13:55:35,40:4c:ca:5e:09:2c,-78
557,2025-07-12 13:55:43,40:4c:ca:5e:0f:34,-74
558,2025-07-12 13:57:10,40:4c:ca:5e:02:44,-49
559,2025-07-12 13:57:11,40:4c:ca:5d:f7:d4,-79
560,2025-07-12 13:57:35,40:4c:ca:5e:09:2c,-79
561,2025-07-12 13:57:43,40:4c:ca:5e:0f:34,-73
562,2025-07-12 13:59:10,40:4c:ca:5e:02:44,-50
563,2025-07-12 13:59:11,40:4c:ca:5d:f7:d4,-79
564,2025-07-12 13:59:35,40:4c:ca:5e:09:2c,-77
565,2025-07-12 13:59:43,40:4c:ca:5e:0f:34,-72
566,2025-07-12 14:01:10,40:4c:ca:5e:02:44,-49
567,2025-07-12 14:01:11,40:4c:ca:5d:f7:d4,-79
568,2025-07-12 14:01:35,40:4c:ca:5e:09:2c,-77
569,2025-07-12 14:01:43,40:4c:ca:5e:0f:34,-73
570,2025-07-12 14:03:10,40:4c:ca:5e:02:44,-49
571,2025-07-12 14:03:11,40:4c:ca:5d:f7:d4,-82
572,2025-07-12 14:03:35,40:4c:ca:5e:09:2c,-79
573,2025-07-12 14:03:43,40:4c:ca:5e:0f:34,-80
574,2025-07-12 14:05:10,40:4c:ca:5e:02:44,-48
575,2025-07-12 14:05:11,40:4c:ca:5d:f7:d4,-86
576,2025-07-12 14:05:35,40:4c:ca:5e:09:2c,-78
577,2025-07-12 14:05:43,40:4c:ca:5e:0f:34,-81
578,2025-07-12 14:07:10,40:4c:ca:5e:02:44,-48
579,2025-07-12 14:07:11,40:4c:ca:5d:f7:d4,-85
580,2025-07-12 14:07:35,40:4c:ca:5e:09:2c,-79
581,2025-07-12 14:07:43,40:4c:ca:5e:0f:34,-81
582,2025-07-12 14:09:10,40:4c:ca:5e:02:44,-48
583,2025-07-12 14:09:11,40:4c:ca:5d:f7:d4,-89
584,2025-07-12 14:09:35,40:4c:ca:5e:09:2c,-80
585,2025-07-12 14:09:43,40:4c:ca:5e:0f:34,-81
586,2025-07-12 14:11:10,40:4c:ca:5e:02:44,-45
587,2025-07-12 14:11:11,40:4c:ca:5d:f7:d4,-85
588,2025-07-12 14:11:35,40:4c:ca:5e:09:2c,-79
589,2025-07-12 14:11:43,40:4c:ca:5e:0f:34,-81
590,2025-07-12 14:13:10,40:4c:ca:5e:02:44,-45
591,2025-07-12 14:13:11,40:4c:ca:5d:f7:d4,-86
592,2025-07-12 14:13:35,40:4c:ca:5e:09:2c,-78
593,2025-07-12 14:13:43,40:4c:ca:5e:0f:34,-81
594,2025-07-12 14:15:10,40:4c:ca:5e:02:44,-48
595,2025-07-12 14:15:11,40:4c:ca:5d:f7:d4,-86
596,2025-07-12 14:15:35,40:4c:ca:5e:09:2c,-80
597,2025-07-12 14:15:43,40:4c:ca:5e:0f:34,-82
598,2025-07-12 14:17:10,40:4c:ca:5e:02:44,-48
599,2025-07-12 14:17:11,40:4c:ca:5d:f7:d4,-86
600,2025-07-12 14:17:35,40:4c:ca:5e:09:2c,-79
601,2025-07-12 14:17:43,40:4c:ca:5e:0f:34,-81
602,2025-07-12 14:19:10,40:4c:ca:5e:02:44,-48
603,2025-07-12 14:19:11,40:4c:ca:5d:f7:d4,-87
604,2025-07-12 14:19:35,40:4c:ca:5e:09:2c,-79
605,2025-07-12 14:19:43,40:4c:ca:5e:0f:34,-81
606,2025-07-12 14:21:10,40:4c:ca:5e:02:44,-45
607,2025-07-12 14:21:11,40:4c:ca:5d:f7:d4,-87
608,2025-07-12 14:21:35,40:4c:ca:5e:09:2c,-80
609,2025-07-12 14:21:43,40:4c:ca:5e:0f:34,-82
610,2025-07-12 14:23:10,40:4c:ca:5e:02:44,-49
611,2025-07-12 14:23:11,40:4c:ca:5d:f7:d4,-86
612,2025-07-12 14:23:35,40:4c:ca:5e:09:2c,-80
613,2025-07-12 14:23:43,40:4c:ca:5e:0f:34,-81
614,2025-07-12 14:25:10,40:4c:ca:5e:02:44,-46
615,2025-07-12 14:25:11,40:4c:ca:5d:f7:d4,-86
616,2025-07-12 14:25:35,40:4c:ca:5e:09:2c,-78
617,2025-07-12 14:25:43,40:4c:ca:5e:0f:34,-80
618,2025-07-12 14:27:10,40:4c:ca:5e:02:44,-48
619,2025-07-12 14:27:11,40:4c:ca:5d:f7:d4,-85
620,2025-07-12 14:27:35,40:4c:ca:5e:09:2c,-79
621,2025-07-12 14:27:43,40:4c:ca:5e:0f:34,-80
622,2025-07-12 14:29:10,40:4c:ca:5e:02:44,-48
623,2025-07-12 14:29:11,40:4c:ca:5d:f7:d4,-87
624,2025-07-12 14:29:35,40:4c:ca:5e:09:2c,-78
625,2025-07-12 14:29:43,40:4c:ca:5e:0f:34,-82
626,2025-07-12 14:31:11,40:4c:ca:5e:02:44,-48
627,2025-07-12 14:31:11,40:4c:ca:5d:f7:d4,-88
628,2025-07-12 14:31:35,40:4c:ca:5e:09:2c,-79
629,2025-07-12 14:31:43,40:4c:ca:5e:0f:34,-81
630,2025-07-12 14:33:11,40:4c:ca:5e:02:44,-48
631,2025-07-12 14:33:11,40:4c:ca:5d:f7:d4,-87
632,2025-07-12 14:33:35,40:4c:ca:5e:09:2c,-79
633,2025-07-12 14:33:43,40:4c:ca:5e:0f:34,-82
634,2025-07-12 14:35:11,40:4c:ca:5e:02:44,-48
635,2025-07-12 14:35:11,40:4c:ca:5d:f7:d4,-86
636,2025-07-12 14:35:35,40:4c:ca:5e:09:2c,-79
637,2025-07-12 14:35:43,40:4c:ca:5e:0f:34,-81
638,2025-07-12 14:37:11,40:4c:ca:5e:02:44,-48
639,2025-07-12 14:37:11,40:4c:ca:5d:f7:d4,-87
640,2025-07-12 14:37:35,40:4c:ca:5e:09:2c,-78
641,2025-07-12 14:37:43,40:4c:ca:5e:0f:34,-82
642,2025-07-12 14:39:11,40:4c:ca:5e:02:44,-49
643,2025-07-12 14:39:11,40:4c:ca:5d:f7:d4,-82
644,2025-07-12 14:39:43,40:4c:ca:5e:0f:34,-82
645,2025-07-12 14:41:11,40:4c:ca:5d:f7:d4,-52
646,2025-07-12 14:42:47,40:4c:ca:5d:ec:4c,-83
647,2025-07-12 14:43:11,40:4c:ca:5d:f7:d4,-57
648,2025-07-12 14:44:47,40:4c:ca:5d:ec:4c,-81
649,2025-07-12 14:45:11,40:4c:ca:5d:f7:d4,-52
650,2025-07-12 14:46:47,40:4c:ca:5d:ec:4c,-81
651,2025-07-12 14:47:11,40:4c:ca:5d:f7:d4,-52
652,2025-07-12 14:48:47,40:4c:ca:5d:ec:4c,-81
653,2025-07-12 14:49:11,40:4c:ca:5d:f7:d4,-52
654,2025-07-12 14:50:47,40:4c:ca:5d:ec:4c,-81
655,2025-07-12 14:51:11,40:4c:ca:5d:f7:d4,-53
656,2025-07-12 14:53:11,40:4c:ca:5d:f7:d4,-53
657,2025-07-12 14:55:58,null,
658,2025-07-12 14:55:59,null,
659,2025-07-12 14:55:59,null,
660,2025-07-12 14:56:02,null,
661,2025-07-12 15:59:35,40:4c:ca:5d:f7:d4,-49
662,2025-07-12 15:59:53,40:4c:ca:5e:00:a0,-81
663,2025-07-12 16:00:10,40:4c:ca:5d:ec:4c,-92
664,2025-07-12 16:01:35,40:4c:ca:5d:f7:d4,-47
665,2025-07-12 16:02:06,40:4c:ca:5d:e6:e8,-80
666,2025-07-12 16:02:06,40:4c:ca:5e:00:a0,-62
667,2025-07-12 16:02:13,40:4c:ca:5e:09:2c,-54
668,2025-07-12 16:07:48,40:4c:ca:5d:e6:e8,-66
669,2025-07-12 16:08:21,40:4c:ca:5e:09:2c,-82
670,2025-07-12 16:09:48,40:4c:ca:5d:e6:e8,-67
671,2025-07-12 16:10:21,40:4c:ca:5e:09:2c,-83
672,2025-07-12 16:11:48,40:4c:ca:5d:e6:e8,-64
673,2025-07-12 16:12:21,40:4c:ca:5e:09:2c,-84
674,2025-07-12 16:13:19,40:4c:ca:5d:e6:e8,-65
675,2025-07-12 16:13:19,40:4c:ca:5d:ec:4c,-79
676,2025-07-12 16:13:28,40:4c:ca:5e:02:44,-78
677,2025-07-12 16:15:19,40:4c:ca:5d:e6:e8,-73
678,2025-07-12 16:15:19,40:4c:ca:5d:ec:4c,-79
679,2025-07-12 16:15:28,40:4c:ca:5e:02:44,-77
680,2025-07-12 16:17:19,40:4c:ca:5d:e6:e8,-64
681,2025-07-12 16:17:19,40:4c:ca:5d:ec:4c,-80
682,2025-07-12 16:17:28,40:4c:ca:5e:02:44,-78
683,2025-07-12 16:19:19,40:4c:ca:5d:e6:e8,-73
684,2025-07-12 16:19:19,40:4c:ca:5d:ec:4c,-79
685,2025-07-12 16:19:28,40:4c:ca:5e:02:44,-78
686,2025-07-12 16:21:19,40:4c:ca:5d:e6:e8,-72
687,2025-07-12 16:21:19,40:4c:ca:5d:ec:4c,-79
688,2025-07-12 16:21:28,40:4c:ca:5e:02:44,-78
689,2025-07-12 16:23:19,40:4c:ca:5d:e6:e8,-67
690,2025-07-12 16:23:19,40:4c:ca:5d:ec:4c,-80
691,2025-07-12 16:23:27,40:4c:ca:5e:02:44,-78
692,2025-07-12 16:30:47,40:4c:ca:5e:02:44,-50
693,2025-07-12 16:31:07,40:4c:ca:5d:e6:e8,-79
694,2025-07-12 16:32:47,40:4c:ca:5e:02:44,-50
695,2025-07-12 16:33:07,40:4c:ca:5d:e6:e8,-80
696,2025-07-12 16:34:47,40:4c:ca:5e:02:44,-49
697,2025-07-12 16:35:07,40:4c:ca:5d:e6:e8,-80
698,2025-07-12 16:36:47,40:4c:ca:5e:02:44,-50
699,2025-07-12 16:37:07,40:4c:ca:5d:e6:e8,-79
700,2025-07-12 16:38:47,40:4c:ca:5e:02:44,-49
701,2025-07-12 16:39:07,40:4c:ca:5d:e6:e8,-80
702,2025-07-12 16:40:47,40:4c:ca:5e:02:44,-50
703,2025-07-12 16:41:07,40:4c:ca:5d:e6:e8,-81
704,2025-07-12 16:42:47,40:4c:ca:5e:02:44,-50
705,2025-07-12 16:43:07,40:4c:ca:5d:e6:e8,-80
706,2025-07-12 16:44:47,40:4c:ca:5e:02:44,-50
707,2025-07-12 16:45:07,40:4c:ca:5d:e6:e8,-80
708,2025-07-12 16:46:47,40:4c:ca:5e:02:44,-50
709,2025-07-12 16:47:07,40:4c:ca:5d:e6:e8,-79
710,2025-07-12 16:48:47,40:4c:ca:5e:02:44,-50
711,2025-07-12 16:49:07,40:4c:ca:5d:e6:e8,-80
712,2025-07-12 16:50:47,40:4c:ca:5e:02:44,-50
713,2025-07-12 16:51:07,40:4c:ca:5d:e6:e8,-80
714,2025-07-12 16:52:47,40:4c:ca:5e:02:44,-50
715,2025-07-12 16:53:07,40:4c:ca:5d:e6:e8,-80
716,2025-07-12 16:54:47,40:4c:ca:5e:02:44,-50
717,2025-07-12 16:55:07,40:4c:ca:5d:e6:e8,-81
718,2025-07-12 16:56:48,40:4c:ca:5e:02:44,-51
719,2025-07-12 16:57:07,40:4c:ca:5d:e6:e8,-80
720,2025-07-12 16:58:48,40:4c:ca:5e:02:44,-50
721,2025-07-12 16:59:07,40:4c:ca:5d:e6:e8,-79
722,2025-07-12 17:00:48,40:4c:ca:5e:02:44,-53
723,2025-07-12 17:01:07,40:4c:ca:5d:e6:e8,-80
724,2025-07-12 17:02:48,40:4c:ca:5e:02:44,-53
725,2025-07-12 17:03:07,40:4c:ca:5d:e6:e8,-80
726,2025-07-12 17:04:48,40:4c:ca:5e:02:44,-50
727,2025-07-12 17:05:07,40:4c:ca:5d:e6:e8,-79
728,2025-07-12 17:06:48,40:4c:ca:5e:02:44,-50
729,2025-07-12 17:07:07,40:4c:ca:5d:e6:e8,-80
730,2025-07-12 17:08:48,40:4c:ca:5e:02:44,-54
731,2025-07-12 17:09:07,40:4c:ca:5d:e6:e8,-80
732,2025-07-12 17:10:48,40:4c:ca:5e:02:44,-51
733,2025-07-12 17:11:07,40:4c:ca:5d:e6:e8,-80
734,2025-07-12 17:12:48,40:4c:ca:5e:02:44,-50
735,2025-07-12 17:13:07,40:4c:ca:5d:e6:e8,-81
736,2025-07-12 17:14:48,40:4c:ca:5e:02:44,-50
737,2025-07-12 17:15:07,40:4c:ca:5d:e6:e8,-80
738,2025-07-12 17:16:48,40:4c:ca:5e:02:44,-50
739,2025-07-12 17:17:07,40:4c:ca:5d:e6:e8,-79
740,2025-07-12 17:17:55,40:4c:ca:5d:ec:4c,-79
741,2025-07-12 17:18:05,40:4c:ca:5d:e6:e8,-81
742,2025-07-12 17:18:48,40:4c:ca:5e:02:44,-50
743,2025-07-12 17:19:55,40:4c:ca:5d:ec:4c,-78
744,2025-07-12 17:20:05,40:4c:ca:5d:e6:e8,-84
745,2025-07-12 17:20:48,40:4c:ca:5e:02:44,-50
746,2025-07-12 17:21:55,40:4c:ca:5d:ec:4c,-78
747,2025-07-12 17:22:05,40:4c:ca:5d:e6:e8,-81
748,2025-07-12 17:22:48,40:4c:ca:5e:02:44,-50
749,2025-07-12 17:23:55,40:4c:ca:5d:ec:4c,-78
750,2025-07-12 17:24:05,40:4c:ca:5d:e6:e8,-79
751,2025-07-12 17:24:48,40:4c:ca:5e:02:44,-50
752,2025-07-12 17:25:55,40:4c:ca:5d:ec:4c,-78
753,2025-07-12 17:26:05,40:4c:ca:5d:e6:e8,-82
754,2025-07-12 17:26:48,40:4c:ca:5e:02:44,-50
755,2025-07-12 17:27:55,40:4c:ca:5d:ec:4c,-79
756,2025-07-12 17:28:05,40:4c:ca:5d:e6:e8,-81
757,2025-07-12 17:28:48,40:4c:ca:5e:02:44,-50
758,2025-07-12 17:29:55,40:4c:ca:5d:ec:4c,-78
759,2025-07-12 17:30:05,40:4c:ca:5d:e6:e8,-82
760,2025-07-12 17:30:48,40:4c:ca:5e:02:44,-50
761,2025-07-12 17:31:55,40:4c:ca:5d:ec:4c,-78
762,2025-07-12 17:32:05,40:4c:ca:5d:e6:e8,-81
763,2025-07-12 17:32:48,40:4c:ca:5e:02:44,-50
764,2025-07-12 17:33:55,40:4c:ca:5d:ec:4c,-79
765,2025-07-12 17:34:05,40:4c:ca:5d:e6:e8,-82
766,2025-07-12 17:34:48,40:4c:ca:5e:02:44,-50
767,2025-07-12 17:35:55,40:4c:ca:5d:ec:4c,-79
768,2025-07-12 17:36:05,40:4c:ca:5d:e6:e8,-82
769,2025-07-12 17:36:48,40:4c:ca:5e:02:44,-50
770,2025-07-12 17:37:55,40:4c:ca:5d:ec:4c,-79
771,2025-07-12 17:38:05,40:4c:ca:5d:e6:e8,-81
772,2025-07-12 17:38:48,40:4c:ca:5e:02:44,-50
773,2025-07-12 17:39:55,40:4c:ca:5d:ec:4c,-82
774,2025-07-12 17:40:05,40:4c:ca:5d:e6:e8,-83
775,2025-07-12 17:40:48,40:4c:ca:5e:02:44,-51
776,2025-07-12 17:41:55,40:4c:ca:5d:ec:4c,-87
777,2025-07-12 17:42:05,40:4c:ca:5d:e6:e8,-81
778,2025-07-12 17:42:48,40:4c:ca:5e:02:44,-50
779,2025-07-12 17:43:55,40:4c:ca:5d:ec:4c,-81
780,2025-07-12 17:44:05,40:4c:ca:5d:e6:e8,-81
781,2025-07-12 17:44:48,40:4c:ca:5e:02:44,-50
782,2025-07-12 17:45:55,40:4c:ca:5d:ec:4c,-79
783,2025-07-12 17:46:05,40:4c:ca:5d:e6:e8,-78
784,2025-07-12 17:46:48,40:4c:ca:5e:02:44,-49
785,2025-07-12 17:47:55,40:4c:ca:5d:ec:4c,-77
786,2025-07-12 17:48:05,40:4c:ca:5d:e6:e8,-81
787,2025-07-12 17:48:48,40:4c:ca:5e:02:44,-50
788,2025-07-12 17:49:55,40:4c:ca:5d:ec:4c,-79
789,2025-07-12 17:50:05,40:4c:ca:5d:e6:e8,-80
790,2025-07-12 17:50:48,40:4c:ca:5e:02:44,-50
791,2025-07-12 17:51:55,40:4c:ca:5d:ec:4c,-78
792,2025-07-12 17:52:05,40:4c:ca:5d:e6:e8,-82
793,2025-07-12 17:52:48,40:4c:ca:5e:02:44,-49
794,2025-07-12 17:53:55,40:4c:ca:5d:ec:4c,-77
795,2025-07-12 17:54:05,40:4c:ca:5d:e6:e8,-82
796,2025-07-12 17:54:49,40:4c:ca:5e:02:44,-50
797,2025-07-12 17:55:55,40:4c:ca:5d:ec:4c,-82
798,2025-07-12 17:56:05,40:4c:ca:5d:e6:e8,-80
799,2025-07-12 17:56:48,40:4c:ca:5e:02:44,-50
800,2025-07-12 17:57:55,40:4c:ca:5d:ec:4c,-79
801,2025-07-12 17:58:05,40:4c:ca:5d:e6:e8,-82
802,2025-07-12 17:58:48,40:4c:ca:5e:02:44,-50
803,2025-07-12 17:59:55,40:4c:ca:5d:ec:4c,-80
804,2025-07-12 18:00:05,40:4c:ca:5d:e6:e8,-81
805,2025-07-12 18:00:48,40:4c:ca:5e:02:44,-50
806,2025-07-12 18:01:55,40:4c:ca:5d:ec:4c,-78
807,2025-07-12 18:02:05,40:4c:ca:5d:e6:e8,-82
808,2025-07-12 18:02:48,40:4c:ca:5e:02:44,-50
809,2025-07-12 18:03:55,40:4c:ca:5d:ec:4c,-80
810,2025-07-12 18:04:05,40:4c:ca:5d:e6:e8,-80
811,2025-07-12 18:04:48,40:4c:ca:5e:02:44,-50
812,2025-07-12 18:05:55,40:4c:ca:5d:ec:4c,-78
813,2025-07-12 18:06:05,40:4c:ca:5d:e6:e8,-82
814,2025-07-12 18:06:48,40:4c:ca:5e:02:44,-49
815,2025-07-12 18:07:55,40:4c:ca:5d:ec:4c,-81
816,2025-07-12 18:08:05,40:4c:ca:5d:e6:e8,-83
817,2025-07-12 18:08:48,40:4c:ca:5e:02:44,-50
818,2025-07-12 18:09:55,40:4c:ca:5d:ec:4c,-80
819,2025-07-12 18:10:05,40:4c:ca:5d:e6:e8,-82
820,2025-07-12 18:10:48,40:4c:ca:5e:02:44,-52
821,2025-07-12 18:11:55,40:4c:ca:5d:ec:4c,-79
822,2025-07-12 18:12:05,40:4c:ca:5d:e6:e8,-83
823,2025-07-12 18:12:48,40:4c:ca:5e:02:44,-50
824,2025-07-12 18:13:55,40:4c:ca:5d:ec:4c,-82
825,2025-07-12 18:14:05,40:4c:ca:5d:e6:e8,-83
826,2025-07-12 18:14:48,40:4c:ca:5e:02:44,-50
827,2025-07-12 18:15:55,40:4c:ca:5d:ec:4c,-81
828,2025-07-12 18:16:05,40:4c:ca:5d:e6:e8,-81
829,2025-07-12 18:16:48,40:4c:ca:5e:02:44,-50
830,2025-07-12 18:17:55,40:4c:ca:5d:ec:4c,-80
831,2025-07-12 18:18:05,40:4c:ca:5d:e6:e8,-83
832,2025-07-12 18:18:48,40:4c:ca:5e:02:44,-50
833,2025-07-12 18:19:55,40:4c:ca:5d:ec:4c,-81
834,2025-07-12 18:20:05,40:4c:ca:5d:e6:e8,-81
835,2025-07-12 18:20:48,40:4c:ca:5e:02:44,-51
836,2025-07-12 18:21:55,40:4c:ca:5d:ec:4c,-82
837,2025-07-12 18:22:05,40:4c:ca:5d:e6:e8,-80
838,2025-07-12 18:22:48,40:4c:ca:5e:02:44,-51
839,2025-07-12 18:23:55,40:4c:ca:5d:ec:4c,-80
840,2025-07-12 18:24:05,40:4c:ca:5d:e6:e8,-82
841,2025-07-12 18:24:48,40:4c:ca:5e:02:44,-51
842,2025-07-12 18:25:55,40:4c:ca:5d:ec:4c,-80
843,2025-07-12 18:26:05,40:4c:ca:5d:e6:e8,-80
844,2025-07-12 18:26:48,40:4c:ca:5e:02:44,-51
845,2025-07-12 18:27:55,40:4c:ca:5d:ec:4c,-83
846,2025-07-12 18:28:05,40:4c:ca:5d:e6:e8,-81
847,2025-07-12 18:28:48,40:4c:ca:5e:02:44,-50
848,2025-07-12 18:29:55,40:4c:ca:5d:ec:4c,-84
849,2025-07-12 18:30:05,40:4c:ca:5d:e6:e8,-78
850,2025-07-12 18:30:48,40:4c:ca:5e:02:44,-49
851,2025-07-12 18:31:55,40:4c:ca:5d:ec:4c,-85
852,2025-07-12 18:32:05,40:4c:ca:5d:e6:e8,-80
853,2025-07-12 18:32:48,40:4c:ca:5e:02:44,-50
854,2025-07-12 18:33:55,40:4c:ca:5d:ec:4c,-80
855,2025-07-12 18:34:05,40:4c:ca:5d:e6:e8,-80
856,2025-07-12 18:34:48,40:4c:ca:5e:02:44,-50
857,2025-07-12 18:35:55,40:4c:ca:5d:ec:4c,-82
858,2025-07-12 18:36:05,40:4c:ca:5d:e6:e8,-80
859,2025-07-12 18:36:49,40:4c:ca:5e:02:44,-50
860,2025-07-12 18:37:55,40:4c:ca:5d:ec:4c,-82
861,2025-07-12 18:38:05,40:4c:ca:5d:e6:e8,-81
862,2025-07-12 18:38:49,40:4c:ca:5e:02:44,-50
863,2025-07-12 18:39:55,40:4c:ca:5d:ec:4c,-79
864,2025-07-12 18:40:05,40:4c:ca:5d:e6:e8,-80
865,2025-07-12 18:40:49,40:4c:ca:5e:02:44,-50
866,2025-07-12 18:41:55,40:4c:ca:5d:ec:4c,-81
867,2025-07-12 18:42:05,40:4c:ca:5d:e6:e8,-80
868,2025-07-12 18:42:49,40:4c:ca:5e:02:44,-50
869,2025-07-12 18:43:55,40:4c:ca:5d:ec:4c,-82
870,2025-07-12 18:44:05,40:4c:ca:5d:e6:e8,-81
871,2025-07-12 18:44:49,40:4c:ca:5e:02:44,-50
872,2025-07-12 18:45:55,40:4c:ca:5d:ec:4c,-82
873,2025-07-12 18:46:05,40:4c:ca:5d:e6:e8,-79
874,2025-07-12 18:46:49,40:4c:ca:5e:02:44,-49
875,2025-07-12 18:47:55,40:4c:ca:5d:ec:4c,-82
876,2025-07-12 18:48:05,40:4c:ca:5d:e6:e8,-79
877,2025-07-12 18:48:49,40:4c:ca:5e:02:44,-49
878,2025-07-12 18:49:55,40:4c:ca:5d:ec:4c,-81
879,2025-07-12 18:50:05,40:4c:ca:5d:e6:e8,-79
880,2025-07-12 18:50:49,40:4c:ca:5e:02:44,-50
881,2025-07-12 18:51:55,40:4c:ca:5d:ec:4c,-81
882,2025-07-12 18:52:05,40:4c:ca:5d:e6:e8,-80
883,2025-07-12 18:52:49,40:4c:ca:5e:02:44,-49
884,2025-07-12 18:53:55,40:4c:ca:5d:ec:4c,-81
885,2025-07-12 18:54:05,40:4c:ca:5d:e6:e8,-81
886,2025-07-12 18:54:49,40:4c:ca:5e:02:44,-50
887,2025-07-12 18:55:55,40:4c:ca:5d:ec:4c,-81
888,2025-07-12 18:56:05,40:4c:ca:5d:e6:e8,-81
889,2025-07-12 18:56:49,40:4c:ca:5e:02:44,-49
890,2025-07-12 18:57:55,40:4c:ca:5d:ec:4c,-81
891,2025-07-12 18:58:05,40:4c:ca:5d:e6:e8,-82
892,2025-07-12 18:58:49,40:4c:ca:5e:02:44,-49
893,2025-07-12 18:59:55,40:4c:ca:5d:ec:4c,-81
894,2025-07-12 19:00:05,40:4c:ca:5d:e6:e8,-83
895,2025-07-12 19:00:49,40:4c:ca:5e:02:44,-50
896,2025-07-12 19:01:55,40:4c:ca:5d:ec:4c,-81
897,2025-07-12 19:02:05,40:4c:ca:5d:e6:e8,-82
898,2025-07-12 19:02:49,40:4c:ca:5e:02:44,-50
899,2025-07-12 19:03:55,40:4c:ca:5d:ec:4c,-81
900,2025-07-12 19:04:05,40:4c:ca:5d:e6:e8,-82
901,2025-07-12 19:04:49,40:4c:ca:5e:02:44,-50
902,2025-07-12 19:05:55,40:4c:ca:5d:ec:4c,-81
903,2025-07-12 19:06:05,40:4c:ca:5d:e6:e8,-82
904,2025-07-12 19:06:49,40:4c:ca:5e:02:44,-50
905,2025-07-12 19:07:55,40:4c:ca:5d:ec:4c,-81
906,2025-07-12 19:08:05,40:4c:ca:5d:e6:e8,-83
907,2025-07-12 19:08:49,40:4c:ca:5e:02:44,-50
908,2025-07-12 19:09:55,40:4c:ca:5d:ec:4c,-80
909,2025-07-12 19:10:05,40:4c:ca:5d:e6:e8,-80
910,2025-07-12 19:10:49,40:4c:ca:5e:02:44,-51
911,2025-07-12 19:11:55,40:4c:ca:5d:ec:4c,-81
912,2025-07-12 19:12:05,40:4c:ca:5d:e6:e8,-83
913,2025-07-12 19:12:49,40:4c:ca:5e:02:44,-53
914,2025-07-12 19:13:55,40:4c:ca:5d:ec:4c,-81
915,2025-07-12 19:14:05,40:4c:ca:5d:e6:e8,-82
916,2025-07-12 19:14:49,40:4c:ca:5e:02:44,-49
917,2025-07-12 19:15:55,40:4c:ca:5d:ec:4c,-81
918,2025-07-12 19:16:05,40:4c:ca:5d:e6:e8,-83
919,2025-07-12 19:16:49,40:4c:ca:5e:02:44,-50
920,2025-07-12 19:17:55,40:4c:ca:5d:ec:4c,-81
921,2025-07-12 19:18:05,40:4c:ca:5d:e6:e8,-84
922,2025-07-12 19:18:49,40:4c:ca:5e:02:44,-50
923,2025-07-12 19:19:55,40:4c:ca:5d:ec:4c,-81
924,2025-07-12 19:20:05,40:4c:ca:5d:e6:e8,-84
925,2025-07-12 19:20:49,40:4c:ca:5e:02:44,-50
926,2025-07-12 19:21:55,40:4c:ca:5d:ec:4c,-82
927,2025-07-12 19:22:05,40:4c:ca:5d:e6:e8,-84
928,2025-07-12 19:22:49,40:4c:ca:5e:02:44,-50
929,2025-07-12 19:23:55,40:4c:ca:5d:ec:4c,-81
930,2025-07-12 19:24:05,40:4c:ca:5d:e6:e8,-81
931,2025-07-12 19:24:49,40:4c:ca:5e:02:44,-50
932,2025-07-12 19:25:55,40:4c:ca:5d:ec:4c,-81
933,2025-07-12 19:26:05,40:4c:ca:5d:e6:e8,-84
934,2025-07-12 19:26:49,40:4c:ca:5e:02:44,-50
935,2025-07-12 19:27:55,40:4c:ca:5d:ec:4c,-82
936,2025-07-12 19:28:05,40:4c:ca:5d:e6:e8,-82
937,2025-07-12 19:28:49,40:4c:ca:5e:02:44,-49
938,2025-07-12 19:29:55,40:4c:ca:5d:ec:4c,-82
939,2025-07-12 19:30:05,40:4c:ca:5d:e6:e8,-84
940,2025-07-12 19:30:49,40:4c:ca:5e:02:44,-49
941,2025-07-12 19:31:55,40:4c:ca:5d:ec:4c,-81
942,2025-07-12 19:32:05,40:4c:ca:5d:e6:e8,-84
943,2025-07-12 19:32:49,40:4c:ca:5e:02:44,-50
944,2025-07-12 19:33:55,40:4c:ca:5d:ec:4c,-81
945,2025-07-12 19:34:05,40:4c:ca:5d:e6:e8,-84
946,2025-07-12 19:34:49,40:4c:ca:5e:02:44,-50
947,2025-07-12 19:35:55,40:4c:ca:5d:ec:4c,-81
948,2025-07-12 19:36:05,40:4c:ca:5d:e6:e8,-84
949,2025-07-12 19:36:49,40:4c:ca:5e:02:44,-50
950,2025-07-12 19:37:55,40:4c:ca:5d:ec:4c,-81
951,2025-07-12 19:38:05,40:4c:ca:5d:e6:e8,-81
952,2025-07-12 19:38:49,40:4c:ca:5e:02:44,-49
953,2025-07-12 19:39:55,40:4c:ca:5d:ec:4c,-81
954,2025-07-12 19:40:05,40:4c:ca:5d:e6:e8,-84
955,2025-07-12 19:40:49,40:4c:ca:5e:02:44,-48
956,2025-07-12 19:41:55,40:4c:ca:5d:ec:4c,-81
957,2025-07-12 19:42:05,40:4c:ca:5d:e6:e8,-83
958,2025-07-12 19:42:49,40:4c:ca:5e:02:44,-49
959,2025-07-12 19:43:55,40:4c:ca:5d:ec:4c,-80
960,2025-07-12 19:44:05,40:4c:ca:5d:e6:e8,-84
961,2025-07-12 19:44:49,40:4c:ca:5e:02:44,-50
962,2025-07-12 19:45:55,40:4c:ca:5d:ec:4c,-81
963,2025-07-12 19:46:05,40:4c:ca:5d:e6:e8,-83
964,2025-07-12 19:46:49,40:4c:ca:5e:02:44,-50
965,2025-07-12 19:47:55,40:4c:ca:5d:ec:4c,-80
966,2025-07-12 19:48:05,40:4c:ca:5d:e6:e8,-83
967,2025-07-12 19:48:49,40:4c:ca:5e:02:44,-50
968,2025-07-12 19:49:55,40:4c:ca:5d:ec:4c,-81
969,2025-07-12 19:50:05,40:4c:ca:5d:e6:e8,-84
970,2025-07-12 19:50:49,40:4c:ca:5e:02:44,-50
971,2025-07-12 19:51:55,40:4c:ca:5d:ec:4c,-81
972,2025-07-12 19:52:05,40:4c:ca:5d:e6:e8,-83
973,2025-07-12 19:52:49,40:4c:ca:5e:02:44,-49
974,2025-07-12 19:53:55,40:4c:ca:5d:ec:4c,-80
975,2025-07-12 19:54:05,40:4c:ca:5d:e6:e8,-85
976,2025-07-12 19:54:49,40:4c:ca:5e:02:44,-50
977,2025-07-12 19:55:55,40:4c:ca:5d:ec:4c,-78
978,2025-07-12 19:56:05,40:4c:ca:5d:e6:e8,-83
979,2025-07-12 19:56:49,40:4c:ca:5e:02:44,-49
980,2025-07-12 19:57:55,40:4c:ca:5d:ec:4c,-78
981,2025-07-12 19:58:05,40:4c:ca:5d:e6:e8,-84
982,2025-07-12 19:58:49,40:4c:ca:5e:02:44,-48
983,2025-07-12 19:59:55,40:4c:ca:5d:ec:4c,-78
984,2025-07-12 20:00:05,40:4c:ca:5d:e6:e8,-84
985,2025-07-12 20:00:49,40:4c:ca:5e:02:44,-48
986,2025-07-12 20:01:55,40:4c:ca:5d:ec:4c,-78
987,2025-07-12 20:02:05,40:4c:ca:5d:e6:e8,-83
988,2025-07-12 20:02:49,40:4c:ca:5e:02:44,-49
989,2025-07-12 20:03:55,40:4c:ca:5d:ec:4c,-78
990,2025-07-12 20:04:05,40:4c:ca:5d:e6:e8,-84
991,2025-07-12 20:04:49,40:4c:ca:5e:02:44,-49
992,2025-07-12 20:05:55,40:4c:ca:5d:ec:4c,-78
993,2025-07-12 20:06:05,40:4c:ca:5d:e6:e8,-84
994,2025-07-12 20:06:49,40:4c:ca:5e:02:44,-49
995,2025-07-12 20:07:55,40:4c:ca:5d:ec:4c,-78
996,2025-07-12 20:08:05,40:4c:ca:5d:e6:e8,-84
997,2025-07-12 20:08:49,40:4c:ca:5e:02:44,-48
998,2025-07-12 20:09:55,40:4c:ca:5d:ec:4c,-78
999,2025-07-12 20:10:05,40:4c:ca:5d:e6:e8,-84
1000,2025-07-12 20:10:49,40:4c:ca:5e:02:44,-49
1001,2025-07-12 20:11:55,40:4c:ca:5d:ec:4c,-78
1002,2025-07-12 20:12:05,40:4c:ca:5d:e6:e8,-82
1003,2025-07-12 20:12:49,40:4c:ca:5e:02:44,-48
1004,2025-07-12 20:13:55,40:4c:ca:5d:ec:4c,-78
1005,2025-07-12 20:14:05,40:4c:ca:5d:e6:e8,-84
1006,2025-07-12 20:14:49,40:4c:ca:5e:02:44,-49
1007,2025-07-12 20:15:55,40:4c:ca:5d:ec:4c,-77
1008,2025-07-12 20:16:05,40:4c:ca:5d:e6:e8,-84
1009,2025-07-12 20:16:49,40:4c:ca:5e:02:44,-47
1010,2025-07-12 20:17:55,40:4c:ca:5d:ec:4c,-78
1011,2025-07-12 20:18:05,40:4c:ca:5d:e6:e8,-84
1012,2025-07-12 20:18:49,40:4c:ca:5e:02:44,-49
1013,2025-07-12 20:19:55,40:4c:ca:5d:ec:4c,-77
1014,2025-07-12 20:20:05,40:4c:ca:5d:e6:e8,-86
1015,2025-07-12 20:20:50,40:4c:ca:5e:02:44,-48
1016,2025-07-12 20:21:55,40:4c:ca:5d:ec:4c,-77
1017,2025-07-12 20:22:05,40:4c:ca:5d:e6:e8,-85
1018,2025-07-12 20:22:50,40:4c:ca:5e:02:44,-49
1019,2025-07-12 20:23:55,40:4c:ca:5d:ec:4c,-77
1020,2025-07-12 20:24:05,40:4c:ca:5d:e6:e8,-85
1021,2025-07-12 20:24:50,40:4c:ca:5e:02:44,-49
1022,2025-07-12 20:25:55,40:4c:ca:5d:ec:4c,-78
1023,2025-07-12 20:26:05,40:4c:ca:5d:e6:e8,-82
1024,2025-07-12 20:26:50,40:4c:ca:5e:02:44,-49
1025,2025-07-12 20:27:55,40:4c:ca:5d:ec:4c,-78
1026,2025-07-12 20:28:05,40:4c:ca:5d:e6:e8,-84
1027,2025-07-12 20:28:50,40:4c:ca:5e:02:44,-48
1028,2025-07-12 20:29:55,40:4c:ca:5d:ec:4c,-77
1029,2025-07-12 20:30:05,40:4c:ca:5d:e6:e8,-84
1030,2025-07-12 20:30:50,40:4c:ca:5e:02:44,-49
1031,2025-07-12 20:31:55,40:4c:ca:5d:ec:4c,-78
1032,2025-07-12 20:32:05,40:4c:ca:5d:e6:e8,-83
1033,2025-07-12 20:32:50,40:4c:ca:5e:02:44,-49
1034,2025-07-12 20:33:55,40:4c:ca:5d:ec:4c,-78
1035,2025-07-12 20:34:05,40:4c:ca:5d:e6:e8,-86
1036,2025-07-12 20:34:50,40:4c:ca:5e:02:44,-49
1037,2025-07-12 20:35:55,40:4c:ca:5d:ec:4c,-78
1038,2025-07-12 20:36:05,40:4c:ca:5d:e6:e8,-85
1039,2025-07-12 20:36:50,40:4c:ca:5e:02:44,-49
1040,2025-07-12 20:37:55,40:4c:ca:5d:ec:4c,-77
1041,2025-07-12 20:38:05,40:4c:ca:5d:e6:e8,-86
1042,2025-07-12 20:38:50,40:4c:ca:5e:02:44,-49
1043,2025-07-12 20:39:55,40:4c:ca:5d:ec:4c,-78
1044,2025-07-12 20:40:05,40:4c:ca:5d:e6:e8,-86
1045,2025-07-12 20:40:50,40:4c:ca:5e:02:44,-49
1046,2025-07-12 20:41:55,40:4c:ca:5d:ec:4c,-78
1047,2025-07-12 20:42:05,40:4c:ca:5d:e6:e8,-86
1048,2025-07-12 20:42:50,40:4c:ca:5e:02:44,-49
1049,2025-07-12 20:43:55,40:4c:ca:5d:ec:4c,-78
1050,2025-07-12 20:44:05,40:4c:ca:5d:e6:e8,-86
1051,2025-07-12 20:44:50,40:4c:ca:5e:02:44,-48
1052,2025-07-12 20:45:55,40:4c:ca:5d:ec:4c,-77
1053,2025-07-12 20:46:05,40:4c:ca:5d:e6:e8,-85
1054,2025-07-12 20:46:50,40:4c:ca:5e:02:44,-49
1055,2025-07-12 20:47:55,40:4c:ca:5d:ec:4c,-77
1056,2025-07-12 20:48:05,40:4c:ca:5d:e6:e8,-86
1057,2025-07-12 20:48:50,40:4c:ca:5e:02:44,-48
1058,2025-07-12 20:49:55,40:4c:ca:5d:ec:4c,-78
1059,2025-07-12 20:50:05,40:4c:ca:5d:e6:e8,-85
1060,2025-07-12 20:50:50,40:4c:ca:5e:02:44,-48
1061,2025-07-12 20:51:55,40:4c:ca:5d:ec:4c,-78
1062,2025-07-12 20:52:05,40:4c:ca:5d:e6:e8,-85
1063,2025-07-12 20:52:50,40:4c:ca:5e:02:44,-49
1064,2025-07-12 20:53:55,40:4c:ca:5d:ec:4c,-78
1065,2025-07-12 20:54:05,40:4c:ca:5d:e6:e8,-83
1066,2025-07-12 20:54:50,40:4c:ca:5e:02:44,-49
1067,2025-07-12 20:55:55,40:4c:ca:5d:ec:4c,-78
1068,2025-07-12 20:56:05,40:4c:ca:5d:e6:e8,-84
1069,2025-07-12 20:56:50,40:4c:ca:5e:02:44,-49
1070,2025-07-12 20:57:55,40:4c:ca:5d:ec:4c,-79
1071,2025-07-12 20:58:05,40:4c:ca:5d:e6:e8,-83
1072,2025-07-12 20:58:50,40:4c:ca:5e:02:44,-49
1073,2025-07-12 20:59:55,40:4c:ca:5d:ec:4c,-78
1074,2025-07-12 21:00:05,40:4c:ca:5d:e6:e8,-85
1075,2025-07-12 21:00:50,40:4c:ca:5e:02:44,-49
1076,2025-07-12 21:01:55,40:4c:ca:5d:ec:4c,-78
1077,2025-07-12 21:02:05,40:4c:ca:5d:e6:e8,-83
1078,2025-07-12 21:02:50,40:4c:ca:5e:02:44,-49
1079,2025-07-12 21:03:55,40:4c:ca:5d:ec:4c,-78
1080,2025-07-12 21:04:05,40:4c:ca:5d:e6:e8,-84
1081,2025-07-12 21:04:50,40:4c:ca:5e:02:44,-49
1082,2025-07-12 21:05:55,40:4c:ca:5d:ec:4c,-79
1083,2025-07-12 21:06:05,40:4c:ca:5d:e6:e8,-84
1084,2025-07-12 21:06:50,40:4c:ca:5e:02:44,-49
1085,2025-07-12 21:07:55,40:4c:ca:5d:ec:4c,-78
1086,2025-07-12 21:08:05,40:4c:ca:5d:e6:e8,-84
1087,2025-07-12 21:08:50,40:4c:ca:5e:02:44,-49
1088,2025-07-12 21:09:55,40:4c:ca:5d:ec:4c,-78
1089,2025-07-12 21:10:05,40:4c:ca:5d:e6:e8,-85
1090,2025-07-12 21:10:50,40:4c:ca:5e:02:44,-49
1091,2025-07-12 21:11:55,40:4c:ca:5d:ec:4c,-78
1092,2025-07-12 21:12:05,40:4c:ca:5d:e6:e8,-84
1093,2025-07-12 21:12:50,40:4c:ca:5e:02:44,-50
1094,2025-07-12 21:13:55,40:4c:ca:5d:ec:4c,-78
1095,2025-07-12 21:14:05,40:4c:ca:5d:e6:e8,-84
1096,2025-07-12 21:14:50,40:4c:ca:5e:02:44,-50
1097,2025-07-12 21:15:55,40:4c:ca:5d:ec:4c,-79
1098,2025-07-12 21:16:05,40:4c:ca:5d:e6:e8,-84
1099,2025-07-12 21:16:50,40:4c:ca:5e:02:44,-49
1100,2025-07-12 21:17:55,40:4c:ca:5d:ec:4c,-78
1101,2025-07-12 21:18:05,40:4c:ca:5d:e6:e8,-83
1102,2025-07-12 21:18:50,40:4c:ca:5e:02:44,-50
1103,2025-07-12 21:19:55,40:4c:ca:5d:ec:4c,-78
1104,2025-07-12 21:20:05,40:4c:ca:5d:e6:e8,-82
1105,2025-07-12 21:20:50,40:4c:ca:5e:02:44,-50
1106,2025-07-12 21:21:55,40:4c:ca:5d:ec:4c,-79
1107,2025-07-12 21:22:05,40:4c:ca:5d:e6:e8,-83
1108,2025-07-12 21:22:50,40:4c:ca:5e:02:44,-50
1109,2025-07-12 21:23:55,40:4c:ca:5d:ec:4c,-78
1110,2025-07-12 21:24:05,40:4c:ca:5d:e6:e8,-85
1111,2025-07-12 21:24:50,40:4c:ca:5e:02:44,-49
1112,2025-07-12 21:25:55,40:4c:ca:5d:ec:4c,-78
1113,2025-07-12 21:26:05,40:4c:ca:5d:e6:e8,-85
1114,2025-07-12 21:26:50,40:4c:ca:5e:02:44,-50
1115,2025-07-12 21:27:55,40:4c:ca:5d:ec:4c,-79
1116,2025-07-12 21:28:05,40:4c:ca:5d:e6:e8,-84
1117,2025-07-12 21:28:50,40:4c:ca:5e:02:44,-50
1118,2025-07-12 21:29:55,40:4c:ca:5d:ec:4c,-79
1119,2025-07-12 21:30:05,40:4c:ca:5d:e6:e8,-84
1120,2025-07-12 21:30:50,40:4c:ca:5e:02:44,-50
1121,2025-07-12 21:31:55,40:4c:ca:5d:ec:4c,-79
1122,2025-07-12 21:32:05,40:4c:ca:5d:e6:e8,-84
1123,2025-07-12 21:32:50,40:4c:ca:5e:02:44,-50
1124,2025-07-12 21:33:55,40:4c:ca:5d:ec:4c,-79
1125,2025-07-12 21:34:05,40:4c:ca:5d:e6:e8,-83
1126,2025-07-12 21:34:50,40:4c:ca:5e:02:44,-48
1127,2025-07-12 21:35:55,40:4c:ca:5d:ec:4c,-78
1128,2025-07-12 21:36:05,40:4c:ca:5d:e6:e8,-84
1129,2025-07-12 21:36:50,40:4c:ca:5e:02:44,-49
1130,2025-07-12 21:37:55,40:4c:ca:5d:ec:4c,-79
1131,2025-07-12 21:38:05,40:4c:ca:5d:e6:e8,-85
1132,2025-07-12 21:38:50,40:4c:ca:5e:02:44,-50
1133,2025-07-12 21:39:55,40:4c:ca:5d:ec:4c,-78
1134,2025-07-12 21:40:05,40:4c:ca:5d:e6:e8,-85
1135,2025-07-12 21:40:50,40:4c:ca:5e:02:44,-50
1136,2025-07-12 21:41:55,40:4c:ca:5d:ec:4c,-78
1137,2025-07-12 21:42:05,40:4c:ca:5d:e6:e8,-84
1138,2025-07-12 21:42:50,40:4c:ca:5e:02:44,-49
1139,2025-07-12 21:43:55,40:4c:ca:5d:ec:4c,-78
1140,2025-07-12 21:44:05,40:4c:ca:5d:e6:e8,-86
1141,2025-07-12 21:44:50,40:4c:ca:5e:02:44,-49
1142,2025-07-12 21:45:55,40:4c:ca:5d:ec:4c,-78
1143,2025-07-12 21:46:05,40:4c:ca:5d:e6:e8,-84
1144,2025-07-12 21:46:50,40:4c:ca:5e:02:44,-48
1145,2025-07-12 21:47:55,40:4c:ca:5d:ec:4c,-78
1146,2025-07-12 21:48:05,40:4c:ca:5d:e6:e8,-84
1147,2025-07-12 21:48:50,40:4c:ca:5e:02:44,-49
1148,2025-07-12 21:49:55,40:4c:ca:5d:ec:4c,-78
1149,2025-07-12 21:50:05,40:4c:ca:5d:e6:e8,-84
1150,2025-07-12 21:50:51,40:4c:ca:5e:02:44,-48
1151,2025-07-12 21:51:55,40:4c:ca:5d:ec:4c,-79
1152,2025-07-12 21:52:05,40:4c:ca:5d:e6:e8,-85
1153,2025-07-12 21:52:51,40:4c:ca:5e:02:44,-49
1154,2025-07-12 21:53:55,40:4c:ca:5d:ec:4c,-78
1155,2025-07-12 21:54:05,40:4c:ca:5d:e6:e8,-84
1156,2025-07-12 21:54:51,40:4c:ca:5e:02:44,-49
1157,2025-07-12 21:55:55,40:4c:ca:5d:ec:4c,-78
1158,2025-07-12 21:56:05,40:4c:ca:5d:e6:e8,-84
1159,2025-07-12 21:56:51,40:4c:ca:5e:02:44,-49
1160,2025-07-12 21:57:55,40:4c:ca:5d:ec:4c,-79
1161,2025-07-12 21:58:05,40:4c:ca:5d:e6:e8,-84
1162,2025-07-12 21:58:51,40:4c:ca:5e:02:44,-49
1163,2025-07-12 21:59:55,40:4c:ca:5d:ec:4c,-78
1164,2025-07-12 22:00:05,40:4c:ca:5d:e6:e8,-83
1165,2025-07-12 22:00:51,40:4c:ca:5e:02:44,-49
1166,2025-07-12 22:01:55,40:4c:ca:5d:ec:4c,-79
1167,2025-07-12 22:02:05,40:4c:ca:5d:e6:e8,-86
1168,2025-07-12 22:02:51,40:4c:ca:5e:02:44,-48
1169,2025-07-12 22:03:55,40:4c:ca:5d:ec:4c,-78
1170,2025-07-12 22:04:05,40:4c:ca:5d:e6:e8,-84
1171,2025-07-12 22:04:51,40:4c:ca:5e:02:44,-49
1172,2025-07-12 22:05:55,40:4c:ca:5d:ec:4c,-78
1173,2025-07-12 22:06:05,40:4c:ca:5d:e6:e8,-85
1174,2025-07-12 22:07:02,40:4c:ca:5d:e6:e8,-43
1175,2025-07-12 22:07:10,40:4c:ca:5d:ec:4c,-69
1176,2025-07-12 22:07:35,40:4c:ca:5e:00:a0,-75
1177,2025-07-12 22:08:44,40:4c:ca:5e:02:44,-75
1178,2025-07-12 22:09:06,40:4c:ca:5d:e6:e8,-43
1179,2025-07-12 22:09:07,40:4c:ca:5d:e6:e8,-43
1180,2025-07-12 22:09:10,40:4c:ca:5d:ec:4c,-72
1181,2025-07-12 22:09:35,40:4c:ca:5e:00:a0,-77
1182,2025-07-12 22:10:44,40:4c:ca:5e:02:44,-74
1183,2025-07-12 22:11:02,40:4c:ca:5d:e6:e8,-42
1184,2025-07-12 22:11:10,40:4c:ca:5d:ec:4c,-70
1185,2025-07-12 22:11:36,40:4c:ca:5e:00:a0,-77
1186,2025-07-12 22:12:44,40:4c:ca:5e:02:44,-75
1187,2025-07-12 22:13:02,40:4c:ca:5d:e6:e8,-43
1188,2025-07-12 22:13:10,40:4c:ca:5d:ec:4c,-71
1189,2025-07-12 22:13:36,40:4c:ca:5e:00:a0,-78
1190,2025-07-12 22:14:44,40:4c:ca:5e:02:44,-75
1191,2025-07-12 22:15:02,40:4c:ca:5d:e6:e8,-42
1192,2025-07-12 22:15:10,40:4c:ca:5d:ec:4c,-71
1193,2025-07-12 22:15:36,40:4c:ca:5e:00:a0,-78
1194,2025-07-12 22:16:44,40:4c:ca:5e:02:44,-74
1195,2025-07-12 22:17:02,40:4c:ca:5d:e6:e8,-42
1196,2025-07-12 22:17:10,40:4c:ca:5d:ec:4c,-72
1197,2025-07-12 22:17:36,40:4c:ca:5e:00:a0,-78
1198,2025-07-12 22:18:16,40:4c:ca:5d:f7:d4,-81
1199,2025-07-12 22:18:44,40:4c:ca:5e:02:44,-75
1200,2025-07-12 22:19:03,40:4c:ca:5d:e6:e8,-42
1201,2025-07-12 22:19:10,40:4c:ca:5d:ec:4c,-71
1202,2025-07-12 22:19:36,40:4c:ca:5e:00:a0,-78
1203,2025-07-12 22:20:16,40:4c:ca:5d:f7:d4,-81
1204,2025-07-12 22:20:44,40:4c:ca:5e:02:44,-75
1205,2025-07-12 22:21:02,40:4c:ca:5d:e6:e8,-42
1206,2025-07-12 22:21:10,40:4c:ca:5d:ec:4c,-70
1207,2025-07-12 22:21:35,40:4c:ca:5e:00:a0,-78
1208,2025-07-12 22:22:16,40:4c:ca:5d:f7:d4,-81
1209,2025-07-12 22:22:44,40:4c:ca:5e:02:44,-76
1210,2025-07-12 22:23:02,40:4c:ca:5d:e6:e8,-43
1211,2025-07-12 22:23:10,40:4c:ca:5d:ec:4c,-70
1212,2025-07-12 22:23:35,40:4c:ca:5e:00:a0,-77
1213,2025-07-12 22:24:44,40:4c:ca:5e:02:44,-76
1214,2025-07-12 22:25:02,40:4c:ca:5d:e6:e8,-43
1215,2025-07-12 22:25:10,40:4c:ca:5d:ec:4c,-72
1216,2025-07-12 22:25:36,40:4c:ca:5e:00:a0,-77
1217,2025-07-12 22:26:44,40:4c:ca:5e:02:44,-76
1218,2025-07-12 22:27:02,40:4c:ca:5d:e6:e8,-43
1219,2025-07-12 22:27:10,40:4c:ca:5d:ec:4c,-70
1220,2025-07-12 22:27:36,40:4c:ca:5e:00:a0,-76
1221,2025-07-12 22:28:44,40:4c:ca:5e:02:44,-76
1222,2025-07-12 22:29:02,40:4c:ca:5d:e6:e8,-43
1223,2025-07-12 22:29:10,40:4c:ca:5d:ec:4c,-72
1224,2025-07-12 22:29:36,40:4c:ca:5e:00:a0,-77
1225,2025-07-12 22:30:44,40:4c:ca:5e:02:44,-75
1226,2025-07-12 22:31:02,40:4c:ca:5d:e6:e8,-43
1227,2025-07-12 22:31:10,40:4c:ca:5d:ec:4c,-70
1228,2025-07-12 22:31:36,40:4c:ca:5e:00:a0,-78
1229,2025-07-12 22:32:44,40:4c:ca:5e:02:44,-76
1230,2025-07-12 22:33:02,40:4c:ca:5d:e6:e8,-42
1231,2025-07-12 22:33:10,40:4c:ca:5d:ec:4c,-72
1232,2025-07-12 22:33:35,40:4c:ca:5e:00:a0,-78
1233,2025-07-12 22:34:44,40:4c:ca:5e:02:44,-76
1234,2025-07-12 22:35:03,40:4c:ca:5d:e6:e8,-43
1235,2025-07-12 22:35:10,40:4c:ca:5d:ec:4c,-71
1236,2025-07-12 22:35:35,40:4c:ca:5e:00:a0,-78
1237,2025-07-12 22:36:44,40:4c:ca:5e:02:44,-76
1238,2025-07-12 22:37:03,40:4c:ca:5d:e6:e8,-42
1239,2025-07-12 22:37:10,40:4c:ca:5d:ec:4c,-71
1240,2025-07-12 22:37:36,40:4c:ca:5e:00:a0,-78
1241,2025-07-12 22:38:44,40:4c:ca:5e:02:44,-76
1242,2025-07-12 22:39:03,40:4c:ca:5d:e6:e8,-42
1243,2025-07-12 22:39:10,40:4c:ca:5d:ec:4c,-70
1244,2025-07-12 22:39:35,40:4c:ca:5e:00:a0,-77
1245,2025-07-12 22:40:44,40:4c:ca:5e:02:44,-75
1246,2025-07-12 22:41:03,40:4c:ca:5d:e6:e8,-42
1247,2025-07-12 22:41:10,40:4c:ca:5d:ec:4c,-71
1248,2025-07-12 22:41:36,40:4c:ca:5e:00:a0,-77
1249,2025-07-12 22:42:44,40:4c:ca:5e:02:44,-75
1250,2025-07-12 22:43:03,40:4c:ca:5d:e6:e8,-42
1251,2025-07-12 22:43:10,40:4c:ca:5d:ec:4c,-70
1252,2025-07-12 22:43:36,40:4c:ca:5e:00:a0,-77
1253,2025-07-12 22:44:44,40:4c:ca:5e:02:44,-76
1254,2025-07-12 22:45:03,40:4c:ca:5d:e6:e8,-42
1255,2025-07-12 22:45:10,40:4c:ca:5d:ec:4c,-71
1256,2025-07-12 22:45:36,40:4c:ca:5e:00:a0,-77
1257,2025-07-12 22:46:44,40:4c:ca:5e:02:44,-75
1258,2025-07-12 22:47:03,40:4c:ca:5d:e6:e8,-43
1259,2025-07-12 22:47:10,40:4c:ca:5d:ec:4c,-70
1260,2025-07-12 22:47:35,40:4c:ca:5e:00:a0,-77
1261,2025-07-12 22:48:44,40:4c:ca:5e:02:44,-75
1262,2025-07-12 22:49:03,40:4c:ca:5d:e6:e8,-42
1263,2025-07-12 22:49:10,40:4c:ca:5d:ec:4c,-70
1264,2025-07-12 22:49:35,40:4c:ca:5e:00:a0,-76
1265,2025-07-12 22:50:44,40:4c:ca:5e:02:44,-75
1266,2025-07-12 22:51:03,40:4c:ca:5d:e6:e8,-43
1267,2025-07-12 22:51:10,40:4c:ca:5d:ec:4c,-70
1268,2025-07-12 22:51:35,40:4c:ca:5e:00:a0,-77
1269,2025-07-12 22:52:44,40:4c:ca:5e:02:44,-75
1270,2025-07-12 22:53:03,40:4c:ca:5d:e6:e8,-43
1271,2025-07-12 22:53:10,40:4c:ca:5d:ec:4c,-70
1272,2025-07-12 22:53:36,40:4c:ca:5e:00:a0,-77
1273,2025-07-12 22:54:44,40:4c:ca:5e:02:44,-75
1274,2025-07-12 22:55:03,40:4c:ca:5d:e6:e8,-42
1275,2025-07-12 22:55:10,40:4c:ca:5d:ec:4c,-72
1276,2025-07-12 22:55:36,40:4c:ca:5e:00:a0,-77
1277,2025-07-12 22:56:44,40:4c:ca:5e:02:44,-76
1278,2025-07-12 22:57:03,40:4c:ca:5d:e6:e8,-42
1279,2025-07-12 22:57:10,40:4c:ca:5d:ec:4c,-72
1280,2025-07-12 22:57:36,40:4c:ca:5e:00:a0,-76
1281,2025-07-12 22:58:44,40:4c:ca:5e:02:44,-75
1282,2025-07-12 22:59:03,40:4c:ca:5d:e6:e8,-43
1283,2025-07-12 22:59:10,40:4c:ca:5d:ec:4c,-72
1284,2025-07-12 22:59:36,40:4c:ca:5e:00:a0,-77
1285,2025-07-12 23:00:44,40:4c:ca:5e:02:44,-75
1286,2025-07-12 23:01:03,40:4c:ca:5d:e6:e8,-43
1287,2025-07-12 23:01:10,40:4c:ca:5d:ec:4c,-72
1288,2025-07-12 23:01:35,40:4c:ca:5e:00:a0,-77
1289,2025-07-12 23:02:44,40:4c:ca:5e:02:44,-76
1290,2025-07-12 23:03:03,40:4c:ca:5d:e6:e8,-42
1291,2025-07-12 23:03:10,40:4c:ca:5d:ec:4c,-70
1292,2025-07-12 23:03:35,40:4c:ca:5e:00:a0,-77
1293,2025-07-12 23:04:44,40:4c:ca:5e:02:44,-76
1294,2025-07-12 23:05:03,40:4c:ca:5d:e6:e8,-43
1295,2025-07-12 23:05:10,40:4c:ca:5d:ec:4c,-71
1296,2025-07-12 23:05:36,40:4c:ca:5e:00:a0,-77
1297,2025-07-12 23:06:44,40:4c:ca:5e:02:44,-75
1298,2025-07-12 23:07:03,40:4c:ca:5d:e6:e8,-43
1299,2025-07-12 23:07:10,40:4c:ca:5d:ec:4c,-71
1300,2025-07-12 23:07:35,40:4c:ca:5e:00:a0,-78
1301,2025-07-12 23:08:44,40:4c:ca:5e:02:44,-76
1302,2025-07-12 23:09:03,40:4c:ca:5d:e6:e8,-43
1303,2025-07-12 23:09:10,40:4c:ca:5d:ec:4c,-70
1304,2025-07-12 23:09:36,40:4c:ca:5e:00:a0,-77
1305,2025-07-12 23:10:44,40:4c:ca:5e:02:44,-76
1306,2025-07-12 23:11:03,40:4c:ca:5d:e6:e8,-43
1307,2025-07-12 23:11:10,40:4c:ca:5d:ec:4c,-70
1308,2025-07-12 23:11:36,40:4c:ca:5e:00:a0,-77
1309,2025-07-12 23:12:44,40:4c:ca:5e:02:44,-75
1310,2025-07-12 23:13:03,40:4c:ca:5d:e6:e8,-43
1311,2025-07-12 23:13:10,40:4c:ca:5d:ec:4c,-72
1312,2025-07-12 23:13:36,40:4c:ca:5e:00:a0,-77
1313,2025-07-12 23:14:44,40:4c:ca:5e:02:44,-75
1314,2025-07-12 23:15:03,40:4c:ca:5d:e6:e8,-43
1315,2025-07-12 23:15:10,40:4c:ca:5d:ec:4c,-72
1316,2025-07-12 23:15:35,40:4c:ca:5e:00:a0,-77
1317,2025-07-12 23:16:44,40:4c:ca:5e:02:44,-76
1318,2025-07-12 23:17:03,40:4c:ca:5d:e6:e8,-43
1319,2025-07-12 23:17:10,40:4c:ca:5d:ec:4c,-71
1320,2025-07-12 23:17:35,40:4c:ca:5e:00:a0,-77
1321,2025-07-12 23:18:44,40:4c:ca:5e:02:44,-76
1322,2025-07-12 23:19:03,40:4c:ca:5d:e6:e8,-43
1323,2025-07-12 23:19:10,40:4c:ca:5d:ec:4c,-71
1324,2025-07-12 23:19:35,40:4c:ca:5e:00:a0,-77
1325,2025-07-12 23:20:44,40:4c:ca:5e:02:44,-76
1326,2025-07-12 23:21:03,40:4c:ca:5d:e6:e8,-42
1327,2025-07-12 23:21:10,40:4c:ca:5d:ec:4c,-70
1328,2025-07-12 23:21:36,40:4c:ca:5e:00:a0,-76
1329,2025-07-12 23:22:44,40:4c:ca:5e:02:44,-76
1330,2025-07-12 23:23:03,40:4c:ca:5d:e6:e8,-43
1331,2025-07-12 23:23:10,40:4c:ca:5d:ec:4c,-72
1332,2025-07-12 23:23:36,40:4c:ca:5e:00:a0,-77
1333,2025-07-12 23:24:44,40:4c:ca:5e:02:44,-75
1334,2025-07-12 23:25:03,40:4c:ca:5d:e6:e8,-43
1335,2025-07-12 23:25:10,40:4c:ca:5d:ec:4c,-72
1336,2025-07-12 23:25:36,40:4c:ca:5e:00:a0,-77
1337,2025-07-12 23:26:44,40:4c:ca:5e:02:44,-75
1338,2025-07-12 23:27:03,40:4c:ca:5d:e6:e8,-43
1339,2025-07-12 23:27:10,40:4c:ca:5d:ec:4c,-72
1340,2025-07-12 23:27:35,40:4c:ca:5e:00:a0,-77
1341,2025-07-12 23:28:44,40:4c:ca:5e:02:44,-76
1342,2025-07-12 23:29:03,40:4c:ca:5d:e6:e8,-43
1343,2025-07-12 23:29:10,40:4c:ca:5d:ec:4c,-71
1344,2025-07-12 23:29:35,40:4c:ca:5e:00:a0,-77
1345,2025-07-12 23:30:44,40:4c:ca:5e:02:44,-75
1346,2025-07-12 23:31:03,40:4c:ca:5d:e6:e8,-43
1347,2025-07-12 23:31:10,40:4c:ca:5d:ec:4c,-71
1348,2025-07-12 23:31:35,40:4c:ca:5e:00:a0,-77
1349,2025-07-12 23:32:44,40:4c:ca:5e:02:44,-75
1350,2025-07-12 23:33:03,40:4c:ca:5d:e6:e8,-49
1351,2025-07-12 23:33:10,40:4c:ca:5d:ec:4c,-72
1352,2025-07-12 23:33:36,40:4c:ca:5e:00:a0,-77
1353,2025-07-12 23:34:44,40:4c:ca:5e:02:44,-75
1354,2025-07-12 23:35:03,40:4c:ca:5d:e6:e8,-43
1355,2025-07-12 23:35:10,40:4c:ca:5d:ec:4c,-72
1356,2025-07-12 23:35:36,40:4c:ca:5e:00:a0,-77
1357,2025-07-12 23:36:44,40:4c:ca:5e:02:44,-75
1358,2025-07-12 23:37:03,40:4c:ca:5d:e6:e8,-43
1359,2025-07-12 23:37:10,40:4c:ca:5d:ec:4c,-73
1360,2025-07-12 23:37:36,40:4c:ca:5e:00:a0,-77
1361,2025-07-12 23:38:44,40:4c:ca:5e:02:44,-75
1362,2025-07-12 23:39:03,40:4c:ca:5d:e6:e8,-43
1363,2025-07-12 23:39:10,40:4c:ca:5d:ec:4c,-70
1364,2025-07-12 23:39:36,40:4c:ca:5e:00:a0,-77
1365,2025-07-12 23:40:44,40:4c:ca:5e:02:44,-76
1366,2025-07-12 23:41:03,40:4c:ca:5d:e6:e8,-43
1367,2025-07-12 23:41:10,40:4c:ca:5d:ec:4c,-71
1368,2025-07-12 23:41:35,40:4c:ca:5e:00:a0,-76
1369,2025-07-12 23:42:44,40:4c:ca:5e:02:44,-76
1370,2025-07-12 23:43:03,40:4c:ca:5d:e6:e8,-42
1371,2025-07-12 23:43:10,40:4c:ca:5d:ec:4c,-71
1372,2025-07-12 23:43:35,40:4c:ca:5e:00:a0,-77
1373,2025-07-12 23:44:44,40:4c:ca:5e:02:44,-76
1374,2025-07-12 23:45:03,40:4c:ca:5d:e6:e8,-43
1375,2025-07-12 23:45:10,40:4c:ca:5d:ec:4c,-72
1376,2025-07-12 23:45:35,40:4c:ca:5e:00:a0,-77
1377,2025-07-12 23:46:44,40:4c:ca:5e:02:44,-76
1378,2025-07-12 23:47:03,40:4c:ca:5d:e6:e8,-43
1379,2025-07-12 23:47:10,40:4c:ca:5d:ec:4c,-71
1380,2025-07-12 23:47:35,40:4c:ca:5e:00:a0,-77
1381,2025-07-12 23:48:11,null,
1382,2025-07-12 23:48:44,40:4c:ca:5e:02:44,-76
1383,2025-07-12 23:49:03,40:4c:ca:5d:e6:e8,-43
1384,2025-07-12 23:49:10,40:4c:ca:5d:ec:4c,-72
1385,2025-07-12 23:49:36,40:4c:ca:5e:00:a0,-77
1386,2025-07-12 23:50:44,40:4c:ca:5e:02:44,-76
1387,2025-07-12 23:51:03,40:4c:ca:5d:e6:e8,-43
1388,2025-07-12 23:51:10,40:4c:ca:5d:ec:4c,-71
1389,2025-07-12 23:51:36,40:4c:ca:5e:00:a0,-85
1390,2025-07-12 23:52:44,40:4c:ca:5e:02:44,-76
1391,2025-07-12 23:53:03,40:4c:ca:5d:e6:e8,-43
1392,2025-07-12 23:53:10,40:4c:ca:5d:ec:4c,-71
1393,2025-07-12 23:53:36,40:4c:ca:5e:00:a0,-85
1394,2025-07-12 23:54:44,40:4c:ca:5e:02:44,-76
1395,2025-07-12 23:55:04,40:4c:ca:5d:e6:e8,-43
1396,2025-07-12 23:55:10,40:4c:ca:5d:ec:4c,-73
1397,2025-07-12 23:55:36,40:4c:ca:5e:00:a0,-85
1398,2025-07-12 23:56:44,40:4c:ca:5e:02:44,-76
1399,2025-07-12 23:57:04,40:4c:ca:5d:e6:e8,-42
1400,2025-07-12 23:57:10,40:4c:ca:5d:ec:4c,-72
1401,2025-07-12 23:57:35,40:4c:ca:5e:00:a0,-85
1402,2025-07-12 23:58:44,40:4c:ca:5e:02:44,-76
1403,2025-07-12 23:59:04,40:4c:ca:5d:e6:e8,-43
1404,2025-07-12 23:59:10,40:4c:ca:5d:ec:4c,-71
1405,2025-07-12 23:59:35,40:4c:ca:5e:00:a0,-85
1406,2025-07-13 00:00:44,40:4c:ca:5e:02:44,-76
1407,2025-07-13 00:01:04,40:4c:ca:5d:e6:e8,-43
1408,2025-07-13 00:01:10,40:4c:ca:5d:ec:4c,-72
1409,2025-07-13 00:01:36,40:4c:ca:5e:00:a0,-85
1410,2025-07-13 00:02:44,40:4c:ca:5e:02:44,-76
1411,2025-07-13 00:03:03,40:4c:ca:5d:e6:e8,-42
1412,2025-07-13 00:03:10,40:4c:ca:5d:ec:4c,-72
1413,2025-07-13 00:03:36,40:4c:ca:5e:00:a0,-85
1414,2025-07-13 00:04:44,40:4c:ca:5e:02:44,-76
1415,2025-07-13 00:05:04,40:4c:ca:5d:e6:e8,-43
1416,2025-07-13 00:05:10,40:4c:ca:5d:ec:4c,-70
1417,2025-07-13 00:05:36,40:4c:ca:5e:00:a0,-86
1418,2025-07-13 00:06:44,40:4c:ca:5e:02:44,-75
1419,2025-07-13 00:07:04,40:4c:ca:5d:e6:e8,-42
1420,2025-07-13 00:07:10,40:4c:ca:5d:ec:4c,-71
1421,2025-07-13 00:07:36,40:4c:ca:5e:00:a0,-85
1422,2025-07-13 00:08:44,40:4c:ca:5e:02:44,-76
1423,2025-07-13 00:09:04,40:4c:ca:5d:e6:e8,-43
1424,2025-07-13 00:09:10,40:4c:ca:5d:ec:4c,-70
1425,2025-07-13 00:09:36,40:4c:ca:5e:00:a0,-89
1426,2025-07-13 00:10:44,40:4c:ca:5e:02:44,-76
1427,2025-07-13 00:11:04,40:4c:ca:5d:e6:e8,-43
1428,2025-07-13 00:11:10,40:4c:ca:5d:ec:4c,-72
1429,2025-07-13 00:11:35,40:4c:ca:5e:00:a0,-85
1430,2025-07-13 00:12:44,40:4c:ca:5e:02:44,-77
1431,2025-07-13 00:13:04,40:4c:ca:5d:e6:e8,-43
1432,2025-07-13 00:13:10,40:4c:ca:5d:ec:4c,-71
1433,2025-07-13 00:13:35,40:4c:ca:5e:00:a0,-87
1434,2025-07-13 00:14:44,40:4c:ca:5e:02:44,-77
1435,2025-07-13 00:15:04,40:4c:ca:5d:e6:e8,-43
1436,2025-07-13 00:15:10,40:4c:ca:5d:ec:4c,-70
1437,2025-07-13 00:15:36,40:4c:ca:5e:00:a0,-85
1438,2025-07-13 00:16:44,40:4c:ca:5e:02:44,-77
1439,2025-07-13 00:17:04,40:4c:ca:5d:e6:e8,-43
1440,2025-07-13 00:17:10,40:4c:ca:5d:ec:4c,-71
1441,2025-07-13 00:17:36,40:4c:ca:5e:00:a0,-86
1442,2025-07-13 00:17:46,null,
1443,2025-07-13 00:18:44,40:4c:ca:5e:02:44,-77
1444,2025-07-13 00:19:04,40:4c:ca:5d:e6:e8,-43
1445,2025-07-13 00:19:10,40:4c:ca:5d:ec:4c,-71
1446,2025-07-13 00:19:35,40:4c:ca:5e:00:a0,-88
1447,2025-07-13 00:20:44,40:4c:ca:5e:02:44,-77
1448,2025-07-13 00:21:04,40:4c:ca:5d:e6:e8,-42
1449,2025-07-13 00:21:10,40:4c:ca:5d:ec:4c,-71
1450,2025-07-13 00:21:35,40:4c:ca:5e:00:a0,-89
1451,2025-07-13 00:22:44,40:4c:ca:5e:02:44,-76
1452,2025-07-13 00:23:04,40:4c:ca:5d:e6:e8,-43
1453,2025-07-13 00:23:10,40:4c:ca:5d:ec:4c,-70
1454,2025-07-13 00:23:35,40:4c:ca:5e:00:a0,-86
1455,2025-07-13 00:24:44,40:4c:ca:5e:02:44,-76
1456,2025-07-13 00:25:04,40:4c:ca:5d:e6:e8,-43
1457,2025-07-13 00:25:10,40:4c:ca:5d:ec:4c,-71
1458,2025-07-13 00:25:35,40:4c:ca:5e:00:a0,-86
1459,2025-07-13 00:26:44,40:4c:ca:5e:02:44,-75
1460,2025-07-13 00:27:04,40:4c:ca:5d:e6:e8,-43
1461,2025-07-13 00:27:10,40:4c:ca:5d:ec:4c,-71
1462,2025-07-13 00:27:35,40:4c:ca:5e:00:a0,-88
1463,2025-07-13 00:28:44,40:4c:ca:5e:02:44,-76
1464,2025-07-13 00:29:04,40:4c:ca:5d:e6:e8,-43
1465,2025-07-13 00:29:10,40:4c:ca:5d:ec:4c,-71
1466,2025-07-13 00:29:35,40:4c:ca:5e:00:a0,-85
1467,2025-07-13 00:30:44,40:4c:ca:5e:02:44,-76
1468,2025-07-13 00:31:04,40:4c:ca:5d:e6:e8,-49
1469,2025-07-13 00:31:10,40:4c:ca:5d:ec:4c,-72
1470,2025-07-13 00:31:35,40:4c:ca:5e:00:a0,-85
1471,2025-07-13 00:32:44,40:4c:ca:5e:02:44,-76
1472,2025-07-13 00:33:04,40:4c:ca:5d:e6:e8,-42
1473,2025-07-13 00:33:10,40:4c:ca:5d:ec:4c,-71
1474,2025-07-13 00:33:35,40:4c:ca:5e:00:a0,-86
1475,2025-07-13 00:34:44,40:4c:ca:5e:02:44,-76
1476,2025-07-13 00:35:04,40:4c:ca:5d:e6:e8,-43
1477,2025-07-13 00:35:10,40:4c:ca:5d:ec:4c,-71
1478,2025-07-13 00:35:35,40:4c:ca:5e:00:a0,-86
1479,2025-07-13 00:36:44,40:4c:ca:5e:02:44,-76
1480,2025-07-13 00:37:04,40:4c:ca:5d:e6:e8,-43
1481,2025-07-13 00:37:10,40:4c:ca:5d:ec:4c,-72
1482,2025-07-13 00:37:35,40:4c:ca:5e:00:a0,-86
1483,2025-07-13 00:38:44,40:4c:ca:5e:02:44,-76
1484,2025-07-13 00:39:04,40:4c:ca:5d:e6:e8,-43
1485,2025-07-13 00:39:10,40:4c:ca:5d:ec:4c,-71
1486,2025-07-13 00:39:35,40:4c:ca:5e:00:a0,-87
1487,2025-07-13 00:40:44,40:4c:ca:5e:02:44,-75
1488,2025-07-13 00:41:04,40:4c:ca:5d:e6:e8,-42
1489,2025-07-13 00:41:10,40:4c:ca:5d:ec:4c,-73
1490,2025-07-13 00:41:35,40:4c:ca:5e:00:a0,-85
1491,2025-07-13 00:42:44,40:4c:ca:5e:02:44,-76
1492,2025-07-13 00:43:04,40:4c:ca:5d:e6:e8,-42
1493,2025-07-13 00:43:10,40:4c:ca:5d:ec:4c,-71
1494,2025-07-13 00:43:35,40:4c:ca:5e:00:a0,-86
1495,2025-07-13 00:44:44,40:4c:ca:5e:02:44,-76
1496,2025-07-13 00:45:04,40:4c:ca:5d:e6:e8,-42
1497,2025-07-13 00:45:10,40:4c:ca:5d:ec:4c,-71
1498,2025-07-13 00:45:35,40:4c:ca:5e:00:a0,-86
1499,2025-07-13 00:46:44,40:4c:ca:5e:02:44,-76
1500,2025-07-13 00:47:04,40:4c:ca:5d:e6:e8,-43
1501,2025-07-13 00:47:10,40:4c:ca:5d:ec:4c,-71
1502,2025-07-13 00:47:35,40:4c:ca:5e:00:a0,-85
1503,2025-07-13 00:48:44,40:4c:ca:5e:02:44,-76
1504,2025-07-13 00:49:04,40:4c:ca:5d:e6:e8,-42
1505,2025-07-13 00:49:10,40:4c:ca:5d:ec:4c,-72
1506,2025-07-13 00:49:35,40:4c:ca:5e:00:a0,-86
1507,2025-07-13 00:50:44,40:4c:ca:5e:02:44,-76
1508,2025-07-13 00:51:04,40:4c:ca:5d:e6:e8,-43
1509,2025-07-13 00:51:10,40:4c:ca:5d:ec:4c,-72
1510,2025-07-13 00:51:35,40:4c:ca:5e:00:a0,-86
1511,2025-07-13 00:52:44,40:4c:ca:5e:02:44,-76
1512,2025-07-13 00:53:04,40:4c:ca:5d:e6:e8,-43
1513,2025-07-13 00:53:10,40:4c:ca:5d:ec:4c,-71
1514,2025-07-13 00:53:35,40:4c:ca:5e:00:a0,-86
1515,2025-07-13 00:54:44,40:4c:ca:5e:02:44,-76
1516,2025-07-13 00:55:04,40:4c:ca:5d:e6:e8,-42
1517,2025-07-13 00:55:10,40:4c:ca:5d:ec:4c,-72
1518,2025-07-13 00:55:35,40:4c:ca:5e:00:a0,-85
1519,2025-07-13 00:56:44,40:4c:ca:5e:02:44,-75
1520,2025-07-13 00:57:04,40:4c:ca:5d:e6:e8,-43
1521,2025-07-13 00:57:10,40:4c:ca:5d:ec:4c,-72
1522,2025-07-13 00:57:35,40:4c:ca:5e:00:a0,-84
1523,2025-07-13 00:58:44,40:4c:ca:5e:02:44,-76
1524,2025-07-13 00:59:04,40:4c:ca:5d:e6:e8,-43
1525,2025-07-13 00:59:10,40:4c:ca:5d:ec:4c,-72
1526,2025-07-13 00:59:35,40:4c:ca:5e:00:a0,-86
1527,2025-07-13 01:00:44,40:4c:ca:5e:02:44,-76
1528,2025-07-13 01:01:04,40:4c:ca:5d:e6:e8,-43
1529,2025-07-13 01:01:10,40:4c:ca:5d:ec:4c,-72
1530,2025-07-13 01:01:35,40:4c:ca:5e:00:a0,-86
1531,2025-07-13 01:02:44,40:4c:ca:5e:02:44,-75
1532,2025-07-13 01:03:04,40:4c:ca:5d:e6:e8,-43
1533,2025-07-13 01:03:10,40:4c:ca:5d:ec:4c,-71
1534,2025-07-13 01:03:35,40:4c:ca:5e:00:a0,-86
1535,2025-07-13 01:04:15,40:4c:ca:5d:f7:d4,-74
1536,2025-07-13 01:04:44,40:4c:ca:5e:02:44,-76
1537,2025-07-13 01:05:04,40:4c:ca:5d:e6:e8,-43
1538,2025-07-13 01:05:10,40:4c:ca:5d:ec:4c,-73
1539,2025-07-13 01:05:35,40:4c:ca:5e:00:a0,-86
1540,2025-07-13 01:06:15,40:4c:ca:5d:f7:d4,-75
1541,2025-07-13 01:06:44,40:4c:ca:5e:02:44,-76
1542,2025-07-13 01:07:04,40:4c:ca:5d:e6:e8,-43
1543,2025-07-13 01:07:10,40:4c:ca:5d:ec:4c,-71
1544,2025-07-13 01:07:35,40:4c:ca:5e:00:a0,-86
1545,2025-07-13 01:08:15,40:4c:ca:5d:f7:d4,-76
1546,2025-07-13 01:08:44,40:4c:ca:5e:02:44,-76
1547,2025-07-13 01:09:04,40:4c:ca:5d:e6:e8,-43
1548,2025-07-13 01:09:10,40:4c:ca:5d:ec:4c,-71
1549,2025-07-13 01:09:35,40:4c:ca:5e:00:a0,-87
1550,2025-07-13 01:10:15,40:4c:ca:5d:f7:d4,-77
1551,2025-07-13 01:10:44,40:4c:ca:5e:02:44,-76
1552,2025-07-13 01:11:04,40:4c:ca:5d:e6:e8,-43
1553,2025-07-13 01:11:10,40:4c:ca:5d:ec:4c,-70
1554,2025-07-13 01:11:35,40:4c:ca:5e:00:a0,-88
1555,2025-07-13 01:12:15,40:4c:ca:5d:f7:d4,-77
1556,2025-07-13 01:12:44,40:4c:ca:5e:02:44,-77
1557,2025-07-13 01:13:04,40:4c:ca:5d:e6:e8,-43
1558,2025-07-13 01:13:10,40:4c:ca:5d:ec:4c,-72
1559,2025-07-13 01:13:35,40:4c:ca:5e:00:a0,-86
1560,2025-07-13 01:14:15,40:4c:ca:5d:f7:d4,-74
1561,2025-07-13 01:14:44,40:4c:ca:5e:02:44,-75
1562,2025-07-13 01:15:04,40:4c:ca:5d:e6:e8,-42
1563,2025-07-13 01:15:10,40:4c:ca:5d:ec:4c,-71
1564,2025-07-13 01:15:35,40:4c:ca:5e:00:a0,-86
1565,2025-07-13 01:16:15,40:4c:ca:5d:f7:d4,-74
1566,2025-07-13 01:16:44,40:4c:ca:5e:02:44,-76
1567,2025-07-13 01:17:04,40:4c:ca:5d:e6:e8,-43
1568,2025-07-13 01:17:10,40:4c:ca:5d:ec:4c,-71
1569,2025-07-13 01:17:35,40:4c:ca:5e:00:a0,-85
1570,2025-07-13 01:18:15,40:4c:ca:5d:f7:d4,-74
1571,2025-07-13 01:18:44,40:4c:ca:5e:02:44,-76
1572,2025-07-13 01:19:04,40:4c:ca:5d:e6:e8,-43
1573,2025-07-13 01:19:10,40:4c:ca:5d:ec:4c,-70
1574,2025-07-13 01:19:35,40:4c:ca:5e:00:a0,-86
1575,2025-07-13 01:20:15,40:4c:ca:5d:f7:d4,-74
1576,2025-07-13 01:20:44,40:4c:ca:5e:02:44,-76
1577,2025-07-13 01:21:04,40:4c:ca:5d:e6:e8,-43
1578,2025-07-13 01:21:10,40:4c:ca:5d:ec:4c,-71
1579,2025-07-13 01:21:35,40:4c:ca:5e:00:a0,-85
1580,2025-07-13 01:22:15,40:4c:ca:5d:f7:d4,-78
1581,2025-07-13 01:22:44,40:4c:ca:5e:02:44,-76
1582,2025-07-13 01:23:04,40:4c:ca:5d:e6:e8,-44
1583,2025-07-13 01:23:10,40:4c:ca:5d:ec:4c,-72
1584,2025-07-13 01:23:35,40:4c:ca:5e:00:a0,-85
1585,2025-07-13 01:24:15,40:4c:ca:5d:f7:d4,-77
1586,2025-07-13 01:24:44,40:4c:ca:5e:02:44,-76
1587,2025-07-13 01:25:04,40:4c:ca:5d:e6:e8,-43
1588,2025-07-13 01:25:10,40:4c:ca:5d:ec:4c,-70
1589,2025-07-13 01:25:35,40:4c:ca:5e:00:a0,-85
1590,2025-07-13 01:26:15,40:4c:ca:5d:f7:d4,-78
1591,2025-07-13 01:26:44,40:4c:ca:5e:02:44,-76
1592,2025-07-13 01:27:04,40:4c:ca:5d:e6:e8,-43
1593,2025-07-13 01:27:10,40:4c:ca:5d:ec:4c,-71
1594,2025-07-13 01:27:35,40:4c:ca:5e:00:a0,-86
1595,2025-07-13 01:28:15,40:4c:ca:5d:f7:d4,-78
1596,2025-07-13 01:28:44,40:4c:ca:5e:02:44,-75
1597,2025-07-13 01:29:04,40:4c:ca:5d:e6:e8,-44
1598,2025-07-13 01:29:10,40:4c:ca:5d:ec:4c,-72
1599,2025-07-13 01:29:35,40:4c:ca:5e:00:a0,-85
1600,2025-07-13 01:30:15,40:4c:ca:5d:f7:d4,-78
1601,2025-07-13 01:30:44,40:4c:ca:5e:02:44,-75
1602,2025-07-13 01:31:04,40:4c:ca:5d:e6:e8,-43
1603,2025-07-13 01:31:10,40:4c:ca:5d:ec:4c,-71
1604,2025-07-13 01:31:35,40:4c:ca:5e:00:a0,-85
1605,2025-07-13 01:32:16,40:4c:ca:5d:f7:d4,-78
1606,2025-07-13 01:32:44,40:4c:ca:5e:02:44,-76
1607,2025-07-13 01:33:04,40:4c:ca:5d:e6:e8,-43
1608,2025-07-13 01:33:10,40:4c:ca:5d:ec:4c,-72
1609,2025-07-13 01:33:35,40:4c:ca:5e:00:a0,-85
1610,2025-07-13 01:34:15,40:4c:ca:5d:f7:d4,-78
1611,2025-07-13 01:34:44,40:4c:ca:5e:02:44,-75
1612,2025-07-13 01:35:04,40:4c:ca:5d:e6:e8,-46
1613,2025-07-13 01:35:10,40:4c:ca:5d:ec:4c,-70
1614,2025-07-13 01:35:35,40:4c:ca:5e:00:a0,-86
1615,2025-07-13 01:36:15,40:4c:ca:5d:f7:d4,-78
1616,2025-07-13 01:36:44,40:4c:ca:5e:02:44,-75
1617,2025-07-13 01:37:04,40:4c:ca:5d:e6:e8,-43
1618,2025-07-13 01:37:10,40:4c:ca:5d:ec:4c,-71
1619,2025-07-13 01:37:35,40:4c:ca:5e:00:a0,-85
1620,2025-07-13 01:38:15,40:4c:ca:5d:f7:d4,-78
1621,2025-07-13 01:38:44,40:4c:ca:5e:02:44,-76
1622,2025-07-13 01:39:04,40:4c:ca:5d:e6:e8,-43
1623,2025-07-13 01:39:10,40:4c:ca:5d:ec:4c,-71
1624,2025-07-13 01:39:35,40:4c:ca:5e:00:a0,-84
1625,2025-07-13 01:40:15,40:4c:ca:5d:f7:d4,-78
1626,2025-07-13 01:40:44,40:4c:ca:5e:02:44,-76
1627,2025-07-13 01:41:04,40:4c:ca:5d:e6:e8,-43
1628,2025-07-13 01:41:10,40:4c:ca:5d:ec:4c,-70
1629,2025-07-13 01:41:35,40:4c:ca:5e:00:a0,-85
1630,2025-07-13 01:42:15,40:4c:ca:5d:f7:d4,-78
1631,2025-07-13 01:42:44,40:4c:ca:5e:02:44,-76
1632,2025-07-13 01:43:04,40:4c:ca:5d:e6:e8,-43
1633,2025-07-13 01:43:10,40:4c:ca:5d:ec:4c,-72
1634,2025-07-13 01:43:35,40:4c:ca:5e:00:a0,-84
1635,2025-07-13 01:44:15,40:4c:ca:5d:f7:d4,-78
1636,2025-07-13 01:44:44,40:4c:ca:5e:02:44,-76
1637,2025-07-13 01:45:05,40:4c:ca:5d:e6:e8,-44
1638,2025-07-13 01:45:10,40:4c:ca:5d:ec:4c,-72
1639,2025-07-13 01:45:35,40:4c:ca:5e:00:a0,-85
1640,2025-07-13 01:46:15,40:4c:ca:5d:f7:d4,-78
1641,2025-07-13 01:46:44,40:4c:ca:5e:02:44,-75
1642,2025-07-13 01:47:04,40:4c:ca:5d:e6:e8,-43
1643,2025-07-13 01:47:10,40:4c:ca:5d:ec:4c,-71
1644,2025-07-13 01:47:35,40:4c:ca:5e:00:a0,-86
1645,2025-07-13 01:48:15,40:4c:ca:5d:f7:d4,-78
1646,2025-07-13 01:48:44,40:4c:ca:5e:02:44,-75
1647,2025-07-13 01:49:05,40:4c:ca:5d:e6:e8,-43
1648,2025-07-13 01:49:10,40:4c:ca:5d:ec:4c,-71
1649,2025-07-13 01:49:35,40:4c:ca:5e:00:a0,-85
1650,2025-07-13 01:50:15,40:4c:ca:5d:f7:d4,-78
1651,2025-07-13 01:50:44,40:4c:ca:5e:02:44,-76
1652,2025-07-13 01:51:05,40:4c:ca:5d:e6:e8,-42
1653,2025-07-13 01:51:10,40:4c:ca:5d:ec:4c,-72
1654,2025-07-13 01:51:35,40:4c:ca:5e:00:a0,-84
1655,2025-07-13 01:52:15,40:4c:ca:5d:f7:d4,-78
1656,2025-07-13 01:52:44,40:4c:ca:5e:02:44,-75
1657,2025-07-13 01:53:05,40:4c:ca:5d:e6:e8,-44
1658,2025-07-13 01:53:10,40:4c:ca:5d:ec:4c,-72
1659,2025-07-13 01:53:35,40:4c:ca:5e:00:a0,-85
1660,2025-07-13 01:54:15,40:4c:ca:5d:f7:d4,-78
1661,2025-07-13 01:54:44,40:4c:ca:5e:02:44,-76
1662,2025-07-13 01:55:05,40:4c:ca:5d:e6:e8,-43
1663,2025-07-13 01:55:10,40:4c:ca:5d:ec:4c,-71
1664,2025-07-13 01:55:35,40:4c:ca:5e:00:a0,-86
1665,2025-07-13 01:56:15,40:4c:ca:5d:f7:d4,-78
1666,2025-07-13 01:56:44,40:4c:ca:5e:02:44,-76
1667,2025-07-13 01:57:05,40:4c:ca:5d:e6:e8,-43
1668,2025-07-13 01:57:10,40:4c:ca:5d:ec:4c,-71
1669,2025-07-13 01:57:35,40:4c:ca:5e:00:a0,-85
1670,2025-07-13 01:58:15,40:4c:ca:5d:f7:d4,-78
1671,2025-07-13 01:58:44,40:4c:ca:5e:02:44,-76
1672,2025-07-13 01:59:05,40:4c:ca:5d:e6:e8,-44
1673,2025-07-13 01:59:10,40:4c:ca:5d:ec:4c,-71
1674,2025-07-13 01:59:35,40:4c:ca:5e:00:a0,-85
1675,2025-07-13 02:00:15,40:4c:ca:5d:f7:d4,-78
1676,2025-07-13 02:00:44,40:4c:ca:5e:02:44,-76
1677,2025-07-13 02:01:05,40:4c:ca:5d:e6:e8,-43
1678,2025-07-13 02:01:10,40:4c:ca:5d:ec:4c,-71
1679,2025-07-13 02:01:35,40:4c:ca:5e:00:a0,-84
1680,2025-07-13 02:02:15,40:4c:ca:5d:f7:d4,-78
1681,2025-07-13 02:02:44,40:4c:ca:5e:02:44,-75
1682,2025-07-13 02:03:05,40:4c:ca:5d:e6:e8,-43
1683,2025-07-13 02:03:10,40:4c:ca:5d:ec:4c,-72
1684,2025-07-13 02:03:35,40:4c:ca:5e:00:a0,-85
1685,2025-07-13 02:04:15,40:4c:ca:5d:f7:d4,-78
1686,2025-07-13 02:04:44,40:4c:ca:5e:02:44,-76
1687,2025-07-13 02:05:05,40:4c:ca:5d:e6:e8,-43
1688,2025-07-13 02:05:10,40:4c:ca:5d:ec:4c,-72
1689,2025-07-13 02:05:35,40:4c:ca:5e:00:a0,-85
1690,2025-07-13 02:06:15,40:4c:ca:5d:f7:d4,-78
1691,2025-07-13 02:06:44,40:4c:ca:5e:02:44,-76
1692,2025-07-13 02:07:05,40:4c:ca:5d:e6:e8,-43
1693,2025-07-13 02:07:10,40:4c:ca:5d:ec:4c,-72
1694,2025-07-13 02:07:35,40:4c:ca:5e:00:a0,-84
1695,2025-07-13 02:08:15,40:4c:ca:5d:f7:d4,-78
1696,2025-07-13 02:08:44,40:4c:ca:5e:02:44,-75
1697,2025-07-13 02:09:05,40:4c:ca:5d:e6:e8,-44
1698,2025-07-13 02:09:10,40:4c:ca:5d:ec:4c,-72
1699,2025-07-13 02:09:35,40:4c:ca:5e:00:a0,-85
1700,2025-07-13 02:10:15,40:4c:ca:5d:f7:d4,-78
1701,2025-07-13 02:10:44,40:4c:ca:5e:02:44,-75
1702,2025-07-13 02:11:05,40:4c:ca:5d:e6:e8,-44
1703,2025-07-13 02:11:10,40:4c:ca:5d:ec:4c,-72
1704,2025-07-13 02:11:35,40:4c:ca:5e:00:a0,-84
1705,2025-07-13 02:12:15,40:4c:ca:5d:f7:d4,-78
1706,2025-07-13 02:12:44,40:4c:ca:5e:02:44,-76
1707,2025-07-13 02:13:05,40:4c:ca:5d:e6:e8,-43
1708,2025-07-13 02:13:10,40:4c:ca:5d:ec:4c,-72
1709,2025-07-13 02:13:35,40:4c:ca:5e:00:a0,-84
1710,2025-07-13 02:14:15,40:4c:ca:5d:f7:d4,-78
1711,2025-07-13 02:14:44,40:4c:ca:5e:02:44,-76
1712,2025-07-13 02:15:05,40:4c:ca:5d:e6:e8,-44
1713,2025-07-13 02:15:10,40:4c:ca:5d:ec:4c,-71
1714,2025-07-13 02:15:35,40:4c:ca:5e:00:a0,-85
1715,2025-07-13 02:16:15,40:4c:ca:5d:f7:d4,-77
1716,2025-07-13 02:16:44,40:4c:ca:5e:02:44,-76
1717,2025-07-13 02:17:05,40:4c:ca:5d:e6:e8,-44
1718,2025-07-13 02:17:10,40:4c:ca:5d:ec:4c,-72
1719,2025-07-13 02:17:35,40:4c:ca:5e:00:a0,-84
1720,2025-07-13 02:18:15,40:4c:ca:5d:f7:d4,-78
1721,2025-07-13 02:18:44,40:4c:ca:5e:02:44,-75
1722,2025-07-13 02:19:05,40:4c:ca:5d:e6:e8,-44
1723,2025-07-13 02:19:10,40:4c:ca:5d:ec:4c,-71
1724,2025-07-13 02:19:35,40:4c:ca:5e:00:a0,-85
1725,2025-07-13 02:20:15,40:4c:ca:5d:f7:d4,-77
1726,2025-07-13 02:20:44,40:4c:ca:5e:02:44,-76
1727,2025-07-13 02:21:05,40:4c:ca:5d:e6:e8,-43
1728,2025-07-13 02:21:10,40:4c:ca:5d:ec:4c,-72
1729,2025-07-13 02:21:35,40:4c:ca:5e:00:a0,-84
1730,2025-07-13 02:22:15,40:4c:ca:5d:f7:d4,-77
1731,2025-07-13 02:22:44,40:4c:ca:5e:02:44,-76
1732,2025-07-13 02:23:05,40:4c:ca:5d:e6:e8,-43
1733,2025-07-13 02:23:10,40:4c:ca:5d:ec:4c,-71
1734,2025-07-13 02:23:35,40:4c:ca:5e:00:a0,-85
1735,2025-07-13 02:24:15,40:4c:ca:5d:f7:d4,-77
1736,2025-07-13 02:24:44,40:4c:ca:5e:02:44,-76
1737,2025-07-13 02:25:05,40:4c:ca:5d:e6:e8,-43
1738,2025-07-13 02:25:10,40:4c:ca:5d:ec:4c,-71
1739,2025-07-13 02:25:35,40:4c:ca:5e:00:a0,-84
1740,2025-07-13 02:26:15,40:4c:ca:5d:f7:d4,-78
1741,2025-07-13 02:26:44,40:4c:ca:5e:02:44,-76
1742,2025-07-13 02:27:05,40:4c:ca:5d:e6:e8,-43
1743,2025-07-13 02:27:10,40:4c:ca:5d:ec:4c,-72
1744,2025-07-13 02:27:35,40:4c:ca:5e:00:a0,-85
1745,2025-07-13 02:28:15,40:4c:ca:5d:f7:d4,-77
1746,2025-07-13 02:28:44,40:4c:ca:5e:02:44,-76
1747,2025-07-13 02:29:05,40:4c:ca:5d:e6:e8,-43
1748,2025-07-13 02:29:10,40:4c:ca:5d:ec:4c,-72
1749,2025-07-13 02:30:15,40:4c:ca:5d:f7:d4,-78
1750,2025-07-13 02:30:44,40:4c:ca:5e:02:44,-76
1751,2025-07-13 02:31:05,40:4c:ca:5d:e6:e8,-43
1752,2025-07-13 02:31:10,40:4c:ca:5d:ec:4c,-70
1753,2025-07-13 02:32:15,40:4c:ca:5d:f7:d4,-78
1754,2025-07-13 02:32:44,40:4c:ca:5e:02:44,-76
1755,2025-07-13 02:33:05,40:4c:ca:5d:e6:e8,-43
1756,2025-07-13 02:33:10,40:4c:ca:5d:ec:4c,-71
1757,2025-07-13 02:34:15,40:4c:ca:5d:f7:d4,-78
1758,2025-07-13 02:34:44,40:4c:ca:5e:02:44,-76
1759,2025-07-13 02:35:05,40:4c:ca:5d:e6:e8,-43
1760,2025-07-13 02:35:10,40:4c:ca:5d:ec:4c,-72
1761,2025-07-13 02:36:15,40:4c:ca:5d:f7:d4,-78
1762,2025-07-13 02:36:44,40:4c:ca:5e:02:44,-76
1763,2025-07-13 02:37:05,40:4c:ca:5d:e6:e8,-43
1764,2025-07-13 02:37:10,40:4c:ca:5d:ec:4c,-72
1765,2025-07-13 02:38:15,40:4c:ca:5d:f7:d4,-77
1766,2025-07-13 02:38:44,40:4c:ca:5e:02:44,-76
1767,2025-07-13 02:39:05,40:4c:ca:5d:e6:e8,-43
1768,2025-07-13 02:39:10,40:4c:ca:5d:ec:4c,-72
1769,2025-07-13 02:40:15,40:4c:ca:5d:f7:d4,-78
1770,2025-07-13 02:40:44,40:4c:ca:5e:02:44,-76
1771,2025-07-13 02:41:05,40:4c:ca:5d:e6:e8,-42
1772,2025-07-13 02:41:10,40:4c:ca:5d:ec:4c,-70
1773,2025-07-13 02:42:15,40:4c:ca:5d:f7:d4,-78
1774,2025-07-13 02:42:44,40:4c:ca:5e:02:44,-76
1775,2025-07-13 02:43:05,40:4c:ca:5d:e6:e8,-43
1776,2025-07-13 02:43:10,40:4c:ca:5d:ec:4c,-72
1777,2025-07-13 02:44:15,40:4c:ca:5d:f7:d4,-77
1778,2025-07-13 02:44:44,40:4c:ca:5e:02:44,-76
1779,2025-07-13 02:45:05,40:4c:ca:5d:e6:e8,-43
1780,2025-07-13 02:45:10,40:4c:ca:5d:ec:4c,-72
1781,2025-07-13 02:46:15,40:4c:ca:5d:f7:d4,-78
1782,2025-07-13 02:46:44,40:4c:ca:5e:02:44,-76
1783,2025-07-13 02:47:05,40:4c:ca:5d:e6:e8,-43
1784,2025-07-13 02:47:10,40:4c:ca:5d:ec:4c,-72
1785,2025-07-13 02:48:15,40:4c:ca:5d:f7:d4,-78
1786,2025-07-13 02:48:44,40:4c:ca:5e:02:44,-76
1787,2025-07-13 02:49:05,40:4c:ca:5d:e6:e8,-43
1788,2025-07-13 02:49:10,40:4c:ca:5d:ec:4c,-72
1789,2025-07-13 02:50:15,40:4c:ca:5d:f7:d4,-78
1790,2025-07-13 02:50:44,40:4c:ca:5e:02:44,-76
1791,2025-07-13 02:51:05,40:4c:ca:5d:e6:e8,-43
1792,2025-07-13 02:51:10,40:4c:ca:5d:ec:4c,-70
1793,2025-07-13 02:52:15,40:4c:ca:5d:f7:d4,-78
1794,2025-07-13 02:52:44,40:4c:ca:5e:02:44,-76
1795,2025-07-13 02:53:05,40:4c:ca:5d:e6:e8,-43
1796,2025-07-13 02:53:10,40:4c:ca:5d:ec:4c,-72
1797,2025-07-13 02:54:15,40:4c:ca:5d:f7:d4,-78
1798,2025-07-13 02:54:44,40:4c:ca:5e:02:44,-76
1799,2025-07-13 02:55:05,40:4c:ca:5d:e6:e8,-44
1800,2025-07-13 02:55:10,40:4c:ca:5d:ec:4c,-71
1801,2025-07-13 02:56:15,40:4c:ca:5d:f7:d4,-78
1802,2025-07-13 02:56:44,40:4c:ca:5e:02:44,-76
1803,2025-07-13 02:57:05,40:4c:ca:5d:e6:e8,-44
1804,2025-07-13 02:57:10,40:4c:ca:5d:ec:4c,-72
1805,2025-07-13 02:58:15,40:4c:ca:5d:f7:d4,-78
1806,2025-07-13 02:58:44,40:4c:ca:5e:02:44,-76
1807,2025-07-13 02:59:05,40:4c:ca:5d:e6:e8,-43
1808,2025-07-13 02:59:10,40:4c:ca:5d:ec:4c,-71
1809,2025-07-13 03:00:15,40:4c:ca:5d:f7:d4,-78
1810,2025-07-13 03:00:44,40:4c:ca:5e:02:44,-76
1811,2025-07-13 03:01:05,40:4c:ca:5d:e6:e8,-49
1812,2025-07-13 03:01:10,40:4c:ca:5d:ec:4c,-71
1813,2025-07-13 03:02:15,40:4c:ca:5d:f7:d4,-78
1814,2025-07-13 03:02:44,40:4c:ca:5e:02:44,-76
1815,2025-07-13 03:03:05,40:4c:ca:5d:e6:e8,-42
1816,2025-07-13 03:03:10,40:4c:ca:5d:ec:4c,-71
1817,2025-07-13 03:04:15,40:4c:ca:5d:f7:d4,-77
1818,2025-07-13 03:04:44,40:4c:ca:5e:02:44,-76
1819,2025-07-13 03:05:05,40:4c:ca:5d:e6:e8,-42
1820,2025-07-13 03:05:10,40:4c:ca:5d:ec:4c,-72
1821,2025-07-13 03:05:57,40:4c:ca:5d:ec:4c,-71
1822,2025-07-13 03:06:15,40:4c:ca:5d:f7:d4,-78
1823,2025-07-13 03:06:44,40:4c:ca:5e:02:44,-76
1824,2025-07-13 03:07:05,40:4c:ca:5d:e6:e8,-42
1825,2025-07-13 03:07:57,40:4c:ca:5d:ec:4c,-72
1826,2025-07-13 03:08:12,40:4c:ca:5d:ec:4c,-72
1827,2025-07-13 03:08:15,40:4c:ca:5d:f7:d4,-78
1828,2025-07-13 03:08:37,40:4c:ca:5d:ec:4c,-71
1829,2025-07-13 03:08:44,40:4c:ca:5e:02:44,-76
1830,2025-07-13 03:09:05,40:4c:ca:5d:e6:e8,-43
1831,2025-07-13 03:10:15,40:4c:ca:5d:f7:d4,-78
1832,2025-07-13 03:11:05,40:4c:ca:5d:e6:e8,-42
1833,2025-07-13 03:12:15,40:4c:ca:5d:f7:d4,-79
1834,2025-07-13 03:13:05,40:4c:ca:5d:e6:e8,-43
1835,2025-07-13 03:14:15,40:4c:ca:5d:f7:d4,-78
1836,2025-07-13 03:15:05,40:4c:ca:5d:e6:e8,-43
1837,2025-07-13 03:16:15,40:4c:ca:5d:f7:d4,-78
1838,2025-07-13 03:17:05,40:4c:ca:5d:e6:e8,-43
1839,2025-07-13 03:18:15,40:4c:ca:5d:f7:d4,-77
1840,2025-07-13 03:19:05,40:4c:ca:5d:e6:e8,-42
1841,2025-07-13 03:20:15,40:4c:ca:5d:f7:d4,-78
1842,2025-07-13 03:21:24,40:4c:ca:5e:09:2c,-80
1843,2025-07-13 03:22:16,40:4c:ca:5d:f7:d4,-58
1844,2025-07-13 03:23:24,40:4c:ca:5e:09:2c,-80
1845,2025-07-13 03:24:16,40:4c:ca:5d:f7:d4,-58
1846,2025-07-13 03:25:24,40:4c:ca:5e:09:2c,-80
1847,2025-07-13 03:26:16,40:4c:ca:5d:f7:d4,-58
1848,2025-07-13 03:27:24,40:4c:ca:5e:09:2c,-79
1849,2025-07-13 03:28:16,40:4c:ca:5d:f7:d4,-58
1850,2025-07-13 03:29:24,40:4c:ca:5e:09:2c,-80
1851,2025-07-13 03:30:16,40:4c:ca:5d:f7:d4,-58
1852,2025-07-13 03:31:24,40:4c:ca:5e:09:2c,-80
1853,2025-07-13 03:32:16,40:4c:ca:5d:f7:d4,-58
1854,2025-07-13 03:33:24,40:4c:ca:5e:09:2c,-80
1855,2025-07-13 03:34:16,40:4c:ca:5d:f7:d4,-58
1856,2025-07-13 03:35:24,40:4c:ca:5e:09:2c,-80
1857,2025-07-13 03:36:16,40:4c:ca:5d:f7:d4,-58
1858,2025-07-13 03:37:24,40:4c:ca:5e:09:2c,-80
1859,2025-07-13 03:38:16,40:4c:ca:5d:f7:d4,-58
1860,2025-07-13 03:39:24,40:4c:ca:5e:09:2c,-80
1861,2025-07-13 03:40:16,40:4c:ca:5d:f7:d4,-58
1862,2025-07-13 03:41:24,40:4c:ca:5e:09:2c,-80
1863,2025-07-13 03:42:16,40:4c:ca:5d:f7:d4,-52
1864,2025-07-13 03:43:24,40:4c:ca:5e:09:2c,-80
1865,2025-07-13 03:44:16,40:4c:ca:5d:f7:d4,-58
1866,2025-07-13 03:45:24,40:4c:ca:5e:09:2c,-80
1867,2025-07-13 03:46:16,40:4c:ca:5d:f7:d4,-58
1868,2025-07-13 03:47:24,40:4c:ca:5e:09:2c,-80
1869,2025-07-13 03:48:16,40:4c:ca:5d:f7:d4,-57
1870,2025-07-13 03:50:16,40:4c:ca:5d:f7:d4,-58
1871,2025-07-13 03:52:16,40:4c:ca:5d:f7:d4,-58
1872,2025-07-13 03:54:16,40:4c:ca:5d:f7:d4,-58
1873,2025-07-13 03:56:16,40:4c:ca:5d:f7:d4,-54
1874,2025-07-13 03:58:16,40:4c:ca:5d:f7:d4,-57
