id,timestamp,mac,rssi,mac_pai
8922,2025-10-11 09:49:44,40:4c:ca:5e:09:2c,-58,null
8923,2025-10-11 09:54:13,40:4c:ca:5e:00:a0,-87,40:4c:ca:5e:09:2d
8924,2025-10-11 09:54:44,40:4c:ca:5e:09:2c,-57,null
8925,2025-10-11 09:59:13,40:4c:ca:5e:00:a0,-86,40:4c:ca:5e:09:2d
8926,2025-10-11 09:59:44,40:4c:ca:5e:09:2c,-52,null
8927,2025-10-11 10:00:35,40:4c:ca:5d:e6:e8,-68,40:4c:ca:5e:09:2d
8928,2025-10-11 10:04:13,40:4c:ca:5e:00:a0,-84,40:4c:ca:5e:09:2d
8929,2025-10-11 10:04:44,40:4c:ca:5e:09:2c,-59,null
8930,2025-10-11 10:05:35,40:4c:ca:5d:e6:e8,-67,40:4c:ca:5e:09:2d
8931,2025-10-11 10:13:12,40:4c:ca:5e:09:2c,-59,null
8932,2025-10-11 10:13:12,40:4c:ca:5e:00:a0,-83,40:4c:ca:5e:09:2d
8933,2025-10-11 10:14:36,40:4c:ca:5e:00:a0,-83,40:4c:ca:5e:09:2d
8934,2025-10-11 10:18:46,40:4c:ca:5e:09:2c,-57,null
8935,2025-10-11 10:19:36,40:4c:ca:5e:00:a0,-85,40:4c:ca:5e:09:2d
8936,2025-10-11 10:23:46,40:4c:ca:5e:09:2c,-58,null
8937,2025-10-11 10:24:36,40:4c:ca:5e:00:a0,-84,40:4c:ca:5e:09:2d
8938,2025-10-11 10:28:46,40:4c:ca:5e:09:2c,-53,null
8939,2025-10-11 10:29:36,40:4c:ca:5e:00:a0,-85,40:4c:ca:5e:09:2d
8940,2025-10-11 10:33:46,40:4c:ca:5e:09:2c,-59,null
8941,2025-10-11 10:34:36,40:4c:ca:5e:00:a0,-85,40:4c:ca:5e:09:2d
8942,2025-10-11 10:38:46,40:4c:ca:5e:09:2c,-59,null
8943,2025-10-11 10:39:36,40:4c:ca:5e:00:a0,-84,40:4c:ca:5e:09:2d
8944,2025-10-11 10:43:46,40:4c:ca:5e:09:2c,-58,null
8945,2025-10-11 10:44:36,40:4c:ca:5e:00:a0,-85,40:4c:ca:5e:09:2d
8946,2025-10-11 10:48:46,40:4c:ca:5e:09:2c,-59,null
8947,2025-10-11 10:49:37,40:4c:ca:5e:00:a0,-86,40:4c:ca:5e:09:2d
8948,2025-10-11 10:53:46,40:4c:ca:5e:09:2c,-59,null
8949,2025-10-11 10:54:37,40:4c:ca:5e:00:a0,-85,40:4c:ca:5e:09:2d
8950,2025-10-11 10:58:46,40:4c:ca:5e:09:2c,-60,null
8951,2025-10-11 10:59:37,40:4c:ca:5e:00:a0,-85,40:4c:ca:5e:09:2d
8952,2025-10-11 11:03:46,40:4c:ca:5e:09:2c,-58,null
8953,2025-10-11 11:04:37,40:4c:ca:5e:00:a0,-86,40:4c:ca:5e:09:2d
8954,2025-10-11 11:08:46,40:4c:ca:5e:09:2c,-59,null
8955,2025-10-11 11:09:37,40:4c:ca:5e:00:a0,-86,40:4c:ca:5e:09:2d
8956,2025-10-11 11:13:46,40:4c:ca:5e:09:2c,-53,null
8957,2025-10-11 11:14:37,40:4c:ca:5e:00:a0,-85,40:4c:ca:5e:09:2d
8958,2025-10-11 11:18:46,40:4c:ca:5e:09:2c,-59,null
8959,2025-10-11 11:19:38,40:4c:ca:5e:00:a0,-85,40:4c:ca:5e:09:2d
8960,2025-10-11 11:23:46,40:4c:ca:5e:09:2c,-58,null
8961,2025-10-11 11:24:38,40:4c:ca:5e:00:a0,-85,40:4c:ca:5e:09:2d
8962,2025-10-11 11:28:46,40:4c:ca:5e:09:2c,-58,null
8963,2025-10-11 11:29:38,40:4c:ca:5e:00:a0,-85,40:4c:ca:5e:09:2d
8964,2025-10-11 11:33:46,40:4c:ca:5e:09:2c,-59,null
8965,2025-10-11 11:34:38,40:4c:ca:5e:00:a0,-86,40:4c:ca:5e:09:2d
8966,2025-10-11 11:38:46,40:4c:ca:5e:09:2c,-52,null
8967,2025-10-11 11:39:38,40:4c:ca:5e:00:a0,-86,40:4c:ca:5e:09:2d
8968,2025-10-11 11:43:46,40:4c:ca:5e:09:2c,-58,null
8969,2025-10-11 11:44:38,40:4c:ca:5e:00:a0,-86,40:4c:ca:5e:09:2d
8970,2025-10-11 11:48:46,40:4c:ca:5e:09:2c,-60,null
8971,2025-10-11 11:49:38,40:4c:ca:5e:00:a0,-85,40:4c:ca:5e:09:2d
8972,2025-10-11 11:53:46,40:4c:ca:5e:09:2c,-60,null
8973,2025-10-11 11:54:38,40:4c:ca:5e:00:a0,-87,40:4c:ca:5e:09:2d
8974,2025-10-11 11:58:46,40:4c:ca:5e:09:2c,-59,null
8975,2025-10-11 11:59:39,40:4c:ca:5e:00:a0,-86,40:4c:ca:5e:09:2d
8976,2025-10-11 12:03:46,40:4c:ca:5e:09:2c,-58,null
8977,2025-10-11 12:04:39,40:4c:ca:5e:00:a0,-88,40:4c:ca:5e:09:2d
8978,2025-10-11 12:08:46,40:4c:ca:5e:09:2c,-59,null
8979,2025-10-11 12:09:39,40:4c:ca:5e:00:a0,-86,40:4c:ca:5e:09:2d
8980,2025-10-11 12:13:46,40:4c:ca:5e:09:2c,-58,null
8981,2025-10-11 12:14:39,40:4c:ca:5e:00:a0,-85,40:4c:ca:5e:09:2d
8982,2025-10-11 12:18:46,40:4c:ca:5e:09:2c,-58,null
8983,2025-10-11 12:19:39,40:4c:ca:5e:00:a0,-87,40:4c:ca:5e:09:2d
8984,2025-10-11 12:23:46,40:4c:ca:5e:09:2c,-58,null
8985,2025-10-11 12:24:39,40:4c:ca:5e:00:a0,-85,40:4c:ca:5e:09:2d
8986,2025-10-11 12:28:46,40:4c:ca:5e:09:2c,-58,null
8987,2025-10-11 12:29:39,40:4c:ca:5e:00:a0,-86,40:4c:ca:5e:09:2d
8988,2025-10-11 12:33:46,40:4c:ca:5e:09:2c,-57,null
8989,2025-10-11 12:34:40,40:4c:ca:5e:00:a0,-85,40:4c:ca:5e:09:2d
8990,2025-10-11 12:38:47,40:4c:ca:5e:09:2c,-58,null
8991,2025-10-11 12:39:40,40:4c:ca:5e:00:a0,-87,40:4c:ca:5e:09:2d
8992,2025-10-11 12:43:47,40:4c:ca:5e:09:2c,-57,null
8993,2025-10-11 12:44:40,40:4c:ca:5e:00:a0,-86,40:4c:ca:5e:09:2d
8994,2025-10-11 12:48:47,40:4c:ca:5e:09:2c,-58,null
8995,2025-10-11 12:49:40,40:4c:ca:5e:00:a0,-87,40:4c:ca:5e:09:2d
8996,2025-10-11 12:53:47,40:4c:ca:5e:09:2c,-57,null
8997,2025-10-11 12:54:40,40:4c:ca:5e:00:a0,-85,40:4c:ca:5e:09:2d
8998,2025-10-11 12:58:47,40:4c:ca:5e:09:2c,-57,null
8999,2025-10-11 12:59:40,40:4c:ca:5e:00:a0,-86,40:4c:ca:5e:09:2d
9000,2025-10-11 13:03:47,40:4c:ca:5e:09:2c,-62,null
9001,2025-10-11 13:04:40,40:4c:ca:5e:00:a0,-83,40:4c:ca:5e:09:2d
9002,2025-10-11 13:08:47,40:4c:ca:5e:09:2c,-61,null
9003,2025-10-11 13:09:41,40:4c:ca:5e:00:a0,-83,40:4c:ca:5e:09:2d
9004,2025-10-11 13:13:47,40:4c:ca:5e:09:2c,-60,null
9005,2025-10-11 13:14:41,40:4c:ca:5e:00:a0,-84,40:4c:ca:5e:09:2d
9006,2025-10-11 13:18:47,40:4c:ca:5e:09:2c,-60,null
9007,2025-10-11 13:19:41,40:4c:ca:5e:00:a0,-84,40:4c:ca:5e:09:2d
9008,2025-10-11 13:23:47,40:4c:ca:5e:09:2c,-54,null
9009,2025-10-11 13:24:41,40:4c:ca:5e:00:a0,-86,40:4c:ca:5e:09:2d
9010,2025-10-11 13:28:47,40:4c:ca:5e:09:2c,-59,null
9011,2025-10-11 13:29:41,40:4c:ca:5e:00:a0,-85,40:4c:ca:5e:09:2d
9012,2025-10-11 13:33:47,40:4c:ca:5e:09:2c,-59,null
9013,2025-10-11 13:34:41,40:4c:ca:5e:00:a0,-83,40:4c:ca:5e:09:2d
9014,2025-10-11 13:38:47,40:4c:ca:5e:09:2c,-60,null
9015,2025-10-11 13:39:41,40:4c:ca:5e:00:a0,-84,40:4c:ca:5e:09:2d
9016,2025-10-11 13:43:47,40:4c:ca:5e:09:2c,-58,null
9017,2025-10-11 13:44:42,40:4c:ca:5e:00:a0,-84,40:4c:ca:5e:09:2d
9018,2025-10-11 13:48:47,40:4c:ca:5e:09:2c,-57,null
9019,2025-10-11 13:49:42,40:4c:ca:5e:00:a0,-87,40:4c:ca:5e:09:2d
9020,2025-10-11 13:53:47,40:4c:ca:5e:09:2c,-55,null
9021,2025-10-11 13:54:42,40:4c:ca:5e:00:a0,-86,40:4c:ca:5e:09:2d
9022,2025-10-11 13:58:47,40:4c:ca:5e:09:2c,-57,null
9023,2025-10-11 13:59:42,40:4c:ca:5e:00:a0,-85,40:4c:ca:5e:09:2d
9024,2025-10-11 14:03:47,40:4c:ca:5e:09:2c,-59,null
9025,2025-10-11 14:04:42,40:4c:ca:5e:00:a0,-85,40:4c:ca:5e:09:2d
9026,2025-10-11 14:08:47,40:4c:ca:5e:09:2c,-59,null
9027,2025-10-11 14:09:42,40:4c:ca:5e:00:a0,-87,40:4c:ca:5e:09:2d
9028,2025-10-11 14:13:47,40:4c:ca:5e:09:2c,-58,null
9029,2025-10-11 14:14:42,40:4c:ca:5e:00:a0,-86,40:4c:ca:5e:09:2d
9030,2025-10-11 14:18:47,40:4c:ca:5e:09:2c,-59,null
9031,2025-10-11 14:19:42,40:4c:ca:5e:00:a0,-85,40:4c:ca:5e:09:2d
9032,2025-10-11 14:23:47,40:4c:ca:5e:09:2c,-59,null
9033,2025-10-11 14:24:43,40:4c:ca:5e:00:a0,-87,40:4c:ca:5e:09:2d
9034,2025-10-11 14:28:47,40:4c:ca:5e:09:2c,-58,null
9035,2025-10-11 14:29:43,40:4c:ca:5e:00:a0,-86,40:4c:ca:5e:09:2d
9036,2025-10-11 14:33:47,40:4c:ca:5e:09:2c,-58,null
9037,2025-10-11 14:34:43,40:4c:ca:5e:00:a0,-87,40:4c:ca:5e:09:2d
9038,2025-10-11 14:38:47,40:4c:ca:5e:09:2c,-58,null
9039,2025-10-11 14:39:43,40:4c:ca:5e:00:a0,-86,40:4c:ca:5e:09:2d
9040,2025-10-11 14:43:47,40:4c:ca:5e:09:2c,-58,null
9041,2025-10-11 14:44:43,40:4c:ca:5e:00:a0,-88,40:4c:ca:5e:09:2d
9042,2025-10-11 14:48:47,40:4c:ca:5e:09:2c,-58,null
9043,2025-10-11 14:49:43,40:4c:ca:5e:00:a0,-85,40:4c:ca:5e:09:2d
9044,2025-10-11 14:53:47,40:4c:ca:5e:09:2c,-53,null
9045,2025-10-11 14:54:44,40:4c:ca:5e:00:a0,-86,40:4c:ca:5e:09:2d
9046,2025-10-11 14:55:35,null,,null
9047,2025-10-11 14:58:47,40:4c:ca:5e:09:2c,-58,null
9048,2025-10-11 14:59:44,40:4c:ca:5e:00:a0,-86,40:4c:ca:5e:09:2d
9049,2025-10-11 15:03:47,40:4c:ca:5e:09:2c,-59,null
9050,2025-10-11 15:04:44,40:4c:ca:5e:00:a0,-87,40:4c:ca:5e:09:2d
9051,2025-10-11 15:08:47,40:4c:ca:5e:09:2c,-59,null
9052,2025-10-11 15:09:44,40:4c:ca:5e:00:a0,-87,40:4c:ca:5e:09:2d
9053,2025-10-11 15:13:47,40:4c:ca:5e:09:2c,-59,null
9054,2025-10-11 15:14:44,40:4c:ca:5e:00:a0,-87,40:4c:ca:5e:09:2d
9055,2025-10-11 15:18:47,40:4c:ca:5e:09:2c,-59,null
9056,2025-10-11 15:19:44,40:4c:ca:5e:00:a0,-87,40:4c:ca:5e:09:2d
9057,2025-10-11 15:23:47,40:4c:ca:5e:09:2c,-59,null
9058,2025-10-11 15:24:44,40:4c:ca:5e:00:a0,-88,40:4c:ca:5e:09:2d
9059,2025-10-11 15:28:47,40:4c:ca:5e:09:2c,-53,null
9060,2025-10-11 15:29:44,40:4c:ca:5e:00:a0,-87,40:4c:ca:5e:09:2d
9061,2025-10-11 15:33:47,40:4c:ca:5e:09:2c,-60,null
9062,2025-10-11 15:34:45,40:4c:ca:5e:00:a0,-86,40:4c:ca:5e:09:2d
9063,2025-10-11 15:38:47,40:4c:ca:5e:09:2c,-53,null
9064,2025-10-11 15:39:45,40:4c:ca:5e:00:a0,-87,40:4c:ca:5e:09:2d
9065,2025-10-11 15:43:47,40:4c:ca:5e:09:2c,-61,null
9066,2025-10-11 15:44:45,40:4c:ca:5e:00:a0,-87,40:4c:ca:5e:09:2d
9067,2025-10-11 15:48:47,40:4c:ca:5e:09:2c,-60,null
9068,2025-10-11 15:49:45,40:4c:ca:5e:00:a0,-87,40:4c:ca:5e:09:2d
9069,2025-10-11 15:53:47,40:4c:ca:5e:09:2c,-60,null
9070,2025-10-11 15:54:45,40:4c:ca:5e:00:a0,-86,40:4c:ca:5e:09:2d
9071,2025-10-11 15:58:47,40:4c:ca:5e:09:2c,-59,null
9072,2025-10-11 15:59:45,40:4c:ca:5e:00:a0,-87,40:4c:ca:5e:09:2d
9073,2025-10-11 16:03:47,40:4c:ca:5e:09:2c,-59,null
9074,2025-10-11 16:04:46,40:4c:ca:5e:00:a0,-87,40:4c:ca:5e:09:2d
9075,2025-10-11 16:08:47,40:4c:ca:5e:09:2c,-60,null
9076,2025-10-11 16:09:46,40:4c:ca:5e:00:a0,-86,40:4c:ca:5e:09:2d
9077,2025-10-11 16:13:47,40:4c:ca:5e:09:2c,-59,null
9078,2025-10-11 16:14:46,40:4c:ca:5e:00:a0,-85,40:4c:ca:5e:09:2d
9079,2025-10-11 16:18:47,40:4c:ca:5e:09:2c,-58,null
9080,2025-10-11 16:19:46,40:4c:ca:5e:00:a0,-86,40:4c:ca:5e:09:2d
9081,2025-10-11 16:23:47,40:4c:ca:5e:09:2c,-59,null
9082,2025-10-11 16:24:46,40:4c:ca:5e:00:a0,-87,40:4c:ca:5e:09:2d
9083,2025-10-11 16:28:47,40:4c:ca:5e:09:2c,-58,null
9084,2025-10-11 16:29:46,40:4c:ca:5e:00:a0,-86,40:4c:ca:5e:09:2d
9085,2025-10-11 16:33:48,40:4c:ca:5e:09:2c,-57,null
9086,2025-10-11 16:34:46,40:4c:ca:5e:00:a0,-84,40:4c:ca:5e:09:2d
9087,2025-10-11 16:38:48,40:4c:ca:5e:09:2c,-56,null
9088,2025-10-11 16:39:46,40:4c:ca:5e:00:a0,-87,40:4c:ca:5e:09:2d
9089,2025-10-11 16:43:48,40:4c:ca:5e:09:2c,-55,null
9090,2025-10-11 16:44:47,40:4c:ca:5e:00:a0,-90,40:4c:ca:5e:09:2d
9091,2025-10-11 16:48:48,40:4c:ca:5e:09:2c,-57,null
9092,2025-10-11 16:49:47,40:4c:ca:5e:00:a0,-86,40:4c:ca:5e:09:2d
9093,2025-10-11 16:53:48,40:4c:ca:5e:09:2c,-58,null
9094,2025-10-11 16:54:47,40:4c:ca:5e:00:a0,-87,40:4c:ca:5e:09:2d
9095,2025-10-11 16:58:48,40:4c:ca:5e:09:2c,-57,null
9096,2025-10-11 16:59:47,40:4c:ca:5e:00:a0,-86,40:4c:ca:5e:09:2d
9097,2025-10-11 17:03:48,40:4c:ca:5e:09:2c,-56,null
9098,2025-10-11 17:04:47,40:4c:ca:5e:00:a0,-86,40:4c:ca:5e:09:2d
9099,2025-10-11 17:08:48,40:4c:ca:5e:09:2c,-56,null
9100,2025-10-11 17:09:47,40:4c:ca:5e:00:a0,-88,40:4c:ca:5e:09:2d
9101,2025-10-11 17:13:48,40:4c:ca:5e:09:2c,-57,null
9102,2025-10-11 17:14:47,40:4c:ca:5e:00:a0,-86,40:4c:ca:5e:09:2d
9103,2025-10-11 17:18:48,40:4c:ca:5e:09:2c,-55,null
9104,2025-10-11 17:19:47,40:4c:ca:5e:00:a0,-87,40:4c:ca:5e:09:2d
9105,2025-10-11 17:23:48,40:4c:ca:5e:09:2c,-56,null
9106,2025-10-11 17:24:48,40:4c:ca:5e:00:a0,-87,40:4c:ca:5e:09:2d
9107,2025-10-11 17:28:48,40:4c:ca:5e:09:2c,-56,null
9108,2025-10-11 17:29:48,40:4c:ca:5e:00:a0,-86,40:4c:ca:5e:09:2d
9109,2025-10-11 17:33:48,40:4c:ca:5e:09:2c,-57,null
9110,2025-10-11 17:34:48,40:4c:ca:5e:00:a0,-87,40:4c:ca:5e:09:2d
9111,2025-10-11 17:38:48,40:4c:ca:5e:09:2c,-58,null
9112,2025-10-11 17:39:48,40:4c:ca:5e:00:a0,-86,40:4c:ca:5e:09:2d
9113,2025-10-11 17:43:48,40:4c:ca:5e:09:2c,-55,null
9114,2025-10-11 17:44:48,40:4c:ca:5e:00:a0,-89,40:4c:ca:5e:09:2d
9115,2025-10-11 17:48:48,40:4c:ca:5e:09:2c,-58,null
9116,2025-10-11 17:49:48,40:4c:ca:5e:00:a0,-92,40:4c:ca:5e:09:2d
9117,2025-10-11 17:53:48,40:4c:ca:5e:09:2c,-56,null
9118,2025-10-11 17:54:49,40:4c:ca:5e:00:a0,-93,40:4c:ca:5e:09:2d
9119,2025-10-11 17:58:48,40:4c:ca:5e:09:2c,-57,null
9120,2025-10-11 17:59:49,40:4c:ca:5e:00:a0,-91,40:4c:ca:5e:09:2d
9121,2025-10-11 18:03:48,40:4c:ca:5e:09:2c,-57,null
9122,2025-10-11 18:04:49,40:4c:ca:5e:00:a0,-86,40:4c:ca:5e:09:2d
9123,2025-10-11 18:08:48,40:4c:ca:5e:09:2c,-57,null
9124,2025-10-11 18:09:49,40:4c:ca:5e:00:a0,-93,40:4c:ca:5e:09:2d
9125,2025-10-11 18:13:48,40:4c:ca:5e:09:2c,-57,null
9126,2025-10-11 18:14:49,40:4c:ca:5e:00:a0,-89,40:4c:ca:5e:09:2d
9127,2025-10-11 18:18:48,40:4c:ca:5e:09:2c,-58,null
9128,2025-10-11 18:19:49,40:4c:ca:5e:00:a0,-87,40:4c:ca:5e:09:2d
9129,2025-10-11 18:23:48,40:4c:ca:5e:09:2c,-58,null
9130,2025-10-11 18:24:49,40:4c:ca:5e:00:a0,-88,40:4c:ca:5e:09:2d
9131,2025-10-11 18:28:48,40:4c:ca:5e:09:2c,-58,null
9132,2025-10-11 18:29:49,40:4c:ca:5e:00:a0,-89,40:4c:ca:5e:09:2d
9133,2025-10-11 18:33:48,40:4c:ca:5e:09:2c,-57,null
9134,2025-10-11 18:34:49,40:4c:ca:5e:00:a0,-88,40:4c:ca:5e:09:2d
9135,2025-10-11 18:38:48,40:4c:ca:5e:09:2c,-58,null
9136,2025-10-11 18:39:49,40:4c:ca:5e:00:a0,-86,40:4c:ca:5e:09:2d
9137,2025-10-11 18:43:48,40:4c:ca:5e:09:2c,-58,null
9138,2025-10-11 18:44:50,40:4c:ca:5e:00:a0,-87,40:4c:ca:5e:09:2d
9139,2025-10-11 18:48:48,40:4c:ca:5e:09:2c,-58,null
9140,2025-10-11 18:49:50,40:4c:ca:5e:00:a0,-88,40:4c:ca:5e:09:2d
9141,2025-10-11 18:53:48,40:4c:ca:5e:09:2c,-58,null
9142,2025-10-11 18:53:59,null,,null
9143,2025-10-11 18:54:50,40:4c:ca:5e:00:a0,-85,40:4c:ca:5e:09:2d
9144,2025-10-11 18:58:48,40:4c:ca:5e:09:2c,-58,null
9145,2025-10-11 18:59:50,40:4c:ca:5e:00:a0,-87,40:4c:ca:5e:09:2d
9146,2025-10-11 19:03:48,40:4c:ca:5e:09:2c,-57,null
9147,2025-10-11 19:04:50,40:4c:ca:5e:00:a0,-93,40:4c:ca:5e:09:2d
9148,2025-10-11 19:08:48,40:4c:ca:5e:09:2c,-59,null
9149,2025-10-11 19:09:50,40:4c:ca:5e:00:a0,-88,40:4c:ca:5e:09:2d
9150,2025-10-11 19:13:48,40:4c:ca:5e:09:2c,-58,null
9151,2025-10-11 19:14:50,40:4c:ca:5e:00:a0,-87,40:4c:ca:5e:09:2d
9152,2025-10-11 19:17:49,40:4c:ca:5e:00:a0,-87,40:4c:ca:5e:09:2d
9153,2025-10-11 19:18:48,40:4c:ca:5e:09:2c,-61,null
9154,2025-10-11 19:22:49,40:4c:ca:5e:00:a0,-87,40:4c:ca:5e:09:2d
9155,2025-10-11 19:23:48,40:4c:ca:5e:09:2c,-58,null
9156,2025-10-11 19:27:49,40:4c:ca:5e:00:a0,-85,40:4c:ca:5e:09:2d
9157,2025-10-11 19:28:48,40:4c:ca:5e:09:2c,-57,null
9158,2025-10-11 19:32:49,40:4c:ca:5e:00:a0,-87,40:4c:ca:5e:09:2d
9159,2025-10-11 19:33:48,40:4c:ca:5e:09:2c,-59,null
9160,2025-10-11 19:37:49,40:4c:ca:5e:00:a0,-87,40:4c:ca:5e:09:2d
9161,2025-10-11 19:38:48,40:4c:ca:5e:09:2c,-58,null
9162,2025-10-11 19:42:50,40:4c:ca:5e:00:a0,-88,40:4c:ca:5e:09:2d
9163,2025-10-11 19:43:48,40:4c:ca:5e:09:2c,-57,null
9164,2025-10-11 19:47:50,40:4c:ca:5e:00:a0,-83,40:4c:ca:5e:09:2d
9165,2025-10-11 19:48:48,40:4c:ca:5e:09:2c,-57,null
9166,2025-10-11 19:52:50,40:4c:ca:5e:00:a0,-82,40:4c:ca:5e:09:2d
9167,2025-10-11 19:53:48,40:4c:ca:5e:09:2c,-58,null
9168,2025-10-11 19:57:50,40:4c:ca:5e:00:a0,-84,40:4c:ca:5e:09:2d
9169,2025-10-11 19:58:48,40:4c:ca:5e:09:2c,-57,null
9170,2025-10-11 20:02:50,40:4c:ca:5e:00:a0,-80,40:4c:ca:5e:09:2d
9171,2025-10-11 20:03:48,40:4c:ca:5e:09:2c,-59,null
9172,2025-10-11 20:07:50,40:4c:ca:5e:00:a0,-82,40:4c:ca:5e:09:2d
9173,2025-10-11 20:08:48,40:4c:ca:5e:09:2c,-57,null
9174,2025-10-11 20:12:51,40:4c:ca:5e:00:a0,-93,40:4c:ca:5e:09:2d
9175,2025-10-11 20:13:48,40:4c:ca:5e:09:2c,-59,null
9176,2025-10-11 20:17:51,40:4c:ca:5e:00:a0,-88,40:4c:ca:5e:09:2d
9177,2025-10-11 20:18:48,40:4c:ca:5e:09:2c,-55,null
9178,2025-10-11 20:22:51,40:4c:ca:5e:00:a0,-87,40:4c:ca:5e:09:2d
9179,2025-10-11 20:23:48,40:4c:ca:5e:09:2c,-54,null
9180,2025-10-11 20:27:51,40:4c:ca:5e:00:a0,-91,40:4c:ca:5e:09:2d
9181,2025-10-11 20:28:48,40:4c:ca:5e:09:2c,-54,null
9182,2025-10-11 20:32:52,40:4c:ca:5e:00:a0,-88,40:4c:ca:5e:09:2d
9183,2025-10-11 20:33:48,40:4c:ca:5e:09:2c,-55,null
9184,2025-10-11 20:37:52,40:4c:ca:5e:00:a0,-88,40:4c:ca:5e:09:2d
9185,2025-10-11 20:38:48,40:4c:ca:5e:09:2c,-61,null
9186,2025-10-11 20:42:52,40:4c:ca:5e:00:a0,-89,40:4c:ca:5e:09:2d
9187,2025-10-11 20:43:49,40:4c:ca:5e:09:2c,-56,null
9188,2025-10-11 20:47:52,40:4c:ca:5e:00:a0,-87,40:4c:ca:5e:09:2d
9189,2025-10-11 20:48:49,40:4c:ca:5e:09:2c,-57,null
9190,2025-10-11 20:52:52,40:4c:ca:5e:00:a0,-92,40:4c:ca:5e:09:2d
9191,2025-10-11 20:53:49,40:4c:ca:5e:09:2c,-51,null
9192,2025-10-11 20:57:52,40:4c:ca:5e:00:a0,-88,40:4c:ca:5e:09:2d
9193,2025-10-11 20:58:49,40:4c:ca:5e:09:2c,-55,null
9194,2025-10-11 21:02:53,40:4c:ca:5e:00:a0,-87,40:4c:ca:5e:09:2d
9195,2025-10-11 21:03:49,40:4c:ca:5e:09:2c,-56,null
9196,2025-10-11 21:08:49,40:4c:ca:5e:09:2c,-55,null
9197,2025-10-11 21:13:49,40:4c:ca:5e:09:2c,-54,null
9198,2025-10-11 21:18:49,40:4c:ca:5e:09:2c,-56,null
9199,2025-10-11 21:23:49,40:4c:ca:5e:09:2c,-55,null
9200,2025-10-11 21:25:57,40:4c:ca:5e:00:a0,-78,40:4c:ca:5e:09:2d
9201,2025-10-11 21:28:49,40:4c:ca:5e:09:2c,-56,null
9202,2025-10-11 21:30:57,40:4c:ca:5e:00:a0,-89,40:4c:ca:5e:09:2d
9203,2025-10-11 21:33:49,40:4c:ca:5e:09:2c,-56,null
9204,2025-10-11 21:35:57,40:4c:ca:5e:00:a0,-90,40:4c:ca:5e:09:2d
9205,2025-10-11 21:38:49,40:4c:ca:5e:09:2c,-56,null
9206,2025-10-11 21:40:58,40:4c:ca:5e:00:a0,-89,40:4c:ca:5e:09:2d
9207,2025-10-11 21:43:49,40:4c:ca:5e:09:2c,-56,null
9208,2025-10-11 21:45:58,40:4c:ca:5e:00:a0,-89,40:4c:ca:5e:09:2d
9209,2025-10-11 21:48:49,40:4c:ca:5e:09:2c,-55,null
9210,2025-10-11 21:50:58,40:4c:ca:5e:00:a0,-90,40:4c:ca:5e:09:2d
9211,2025-10-11 21:53:49,40:4c:ca:5e:09:2c,-55,null
9212,2025-10-11 21:55:58,40:4c:ca:5e:00:a0,-93,40:4c:ca:5e:09:2d
9213,2025-10-11 21:58:49,40:4c:ca:5e:09:2c,-55,null
9214,2025-10-11 22:00:58,40:4c:ca:5e:00:a0,-90,40:4c:ca:5e:09:2d
9215,2025-10-11 22:03:49,40:4c:ca:5e:09:2c,-56,null
9216,2025-10-11 22:05:58,40:4c:ca:5e:00:a0,-90,40:4c:ca:5e:09:2d
9217,2025-10-11 22:08:49,40:4c:ca:5e:09:2c,-56,null
9218,2025-10-11 22:10:58,40:4c:ca:5e:00:a0,-91,40:4c:ca:5e:09:2d
9219,2025-10-11 22:13:49,40:4c:ca:5e:09:2c,-56,null
9220,2025-10-11 22:15:58,40:4c:ca:5e:00:a0,-91,40:4c:ca:5e:09:2d
9221,2025-10-11 22:18:49,40:4c:ca:5e:09:2c,-56,null
9222,2025-10-11 22:20:58,40:4c:ca:5e:00:a0,-90,40:4c:ca:5e:09:2d
9223,2025-10-11 22:23:49,40:4c:ca:5e:09:2c,-55,null
9224,2025-10-11 22:25:58,40:4c:ca:5e:00:a0,-90,40:4c:ca:5e:09:2d
9225,2025-10-11 22:28:49,40:4c:ca:5e:09:2c,-56,null
9226,2025-10-11 22:30:58,40:4c:ca:5e:00:a0,-90,40:4c:ca:5e:09:2d
9227,2025-10-11 22:33:49,40:4c:ca:5e:09:2c,-55,null
9228,2025-10-11 22:35:58,40:4c:ca:5e:00:a0,-90,40:4c:ca:5e:09:2d
9229,2025-10-11 22:38:49,40:4c:ca:5e:09:2c,-55,null
9230,2025-10-11 22:40:59,40:4c:ca:5e:00:a0,-92,40:4c:ca:5e:09:2d
9231,2025-10-11 22:43:49,40:4c:ca:5e:09:2c,-56,null
9232,2025-10-11 22:45:59,40:4c:ca:5e:00:a0,-90,40:4c:ca:5e:09:2d
9233,2025-10-11 22:48:49,40:4c:ca:5e:09:2c,-56,null
9234,2025-10-11 22:50:59,40:4c:ca:5e:00:a0,-91,40:4c:ca:5e:09:2d
9235,2025-10-11 22:53:49,40:4c:ca:5e:09:2c,-55,null
9236,2025-10-11 22:55:59,40:4c:ca:5e:00:a0,-93,40:4c:ca:5e:09:2d
9237,2025-10-11 22:58:49,40:4c:ca:5e:09:2c,-56,null
9238,2025-10-11 23:00:59,40:4c:ca:5e:00:a0,-91,40:4c:ca:5e:09:2d
9239,2025-10-11 23:03:49,40:4c:ca:5e:09:2c,-57,null
9240,2025-10-11 23:05:59,40:4c:ca:5e:00:a0,-90,40:4c:ca:5e:09:2d
9241,2025-10-11 23:08:49,40:4c:ca:5e:09:2c,-57,null
9242,2025-10-11 23:10:59,40:4c:ca:5e:00:a0,-92,40:4c:ca:5e:09:2d
9243,2025-10-11 23:13:49,40:4c:ca:5e:09:2c,-56,null
9244,2025-10-11 23:15:59,40:4c:ca:5e:00:a0,-93,40:4c:ca:5e:09:2d
9245,2025-10-11 23:18:49,40:4c:ca:5e:09:2c,-56,null
9246,2025-10-11 23:21:00,40:4c:ca:5e:00:a0,-91,40:4c:ca:5e:09:2d
9247,2025-10-11 23:23:49,40:4c:ca:5e:09:2c,-56,null
9248,2025-10-11 23:26:00,40:4c:ca:5e:00:a0,-92,40:4c:ca:5e:09:2d
9249,2025-10-11 23:28:49,40:4c:ca:5e:09:2c,-56,null
9250,2025-10-11 23:31:00,40:4c:ca:5e:00:a0,-93,40:4c:ca:5e:09:2d
9251,2025-10-11 23:33:49,40:4c:ca:5e:09:2c,-57,null
9252,2025-10-11 23:36:00,40:4c:ca:5e:00:a0,-91,40:4c:ca:5e:09:2d
9253,2025-10-11 23:38:49,40:4c:ca:5e:09:2c,-57,null
9254,2025-10-11 23:41:00,40:4c:ca:5e:00:a0,-92,40:4c:ca:5e:09:2d
9255,2025-10-11 23:43:49,40:4c:ca:5e:09:2c,-57,null
9256,2025-10-11 23:46:03,40:4c:ca:5e:00:a0,-92,40:4c:ca:5e:09:2d
9257,2025-10-11 23:48:49,40:4c:ca:5e:09:2c,-56,null
9258,2025-10-11 23:51:03,40:4c:ca:5e:00:a0,-91,40:4c:ca:5e:09:2d
9259,2025-10-11 23:53:49,40:4c:ca:5e:09:2c,-56,null
9260,2025-10-11 23:56:03,40:4c:ca:5e:00:a0,-93,40:4c:ca:5e:09:2d
9261,2025-10-11 23:58:49,40:4c:ca:5e:09:2c,-56,null
9262,2025-10-12 00:01:03,40:4c:ca:5e:00:a0,-90,40:4c:ca:5e:09:2d
9263,2025-10-12 00:03:49,40:4c:ca:5e:09:2c,-55,null
9264,2025-10-12 00:06:03,40:4c:ca:5e:00:a0,-92,40:4c:ca:5e:09:2d
9265,2025-10-12 00:08:49,40:4c:ca:5e:09:2c,-57,null
9266,2025-10-12 00:11:03,40:4c:ca:5e:00:a0,-93,40:4c:ca:5e:09:2d
9267,2025-10-12 00:13:49,40:4c:ca:5e:09:2c,-56,null
9268,2025-10-12 00:16:03,40:4c:ca:5e:00:a0,-93,40:4c:ca:5e:09:2d
9269,2025-10-12 00:18:49,40:4c:ca:5e:09:2c,-56,null
9270,2025-10-12 00:21:04,40:4c:ca:5e:00:a0,-92,40:4c:ca:5e:09:2d
9271,2025-10-12 00:23:49,40:4c:ca:5e:09:2c,-57,null
9272,2025-10-12 00:26:04,40:4c:ca:5e:00:a0,-91,40:4c:ca:5e:09:2d
9273,2025-10-12 00:28:49,40:4c:ca:5e:09:2c,-57,null
9274,2025-10-12 00:31:04,40:4c:ca:5e:00:a0,-91,40:4c:ca:5e:09:2d
9275,2025-10-12 00:33:49,40:4c:ca:5e:09:2c,-57,null
9276,2025-10-12 00:36:04,40:4c:ca:5e:00:a0,-94,40:4c:ca:5e:09:2d
9277,2025-10-12 00:38:50,40:4c:ca:5e:09:2c,-57,null
9278,2025-10-12 00:41:04,40:4c:ca:5e:00:a0,-91,40:4c:ca:5e:09:2d
9279,2025-10-12 00:43:50,40:4c:ca:5e:09:2c,-57,null
9280,2025-10-12 00:46:04,40:4c:ca:5e:00:a0,-91,40:4c:ca:5e:09:2d
9281,2025-10-12 00:48:50,40:4c:ca:5e:09:2c,-56,null
9282,2025-10-12 00:51:04,40:4c:ca:5e:00:a0,-92,40:4c:ca:5e:09:2d
9283,2025-10-12 00:53:50,40:4c:ca:5e:09:2c,-56,null
9284,2025-10-12 00:56:05,40:4c:ca:5e:00:a0,-94,40:4c:ca:5e:09:2d
9285,2025-10-12 00:58:50,40:4c:ca:5e:09:2c,-56,null
9286,2025-10-12 01:01:05,40:4c:ca:5e:00:a0,-92,40:4c:ca:5e:09:2d
9287,2025-10-12 01:03:50,40:4c:ca:5e:09:2c,-57,null
9288,2025-10-12 01:06:05,40:4c:ca:5e:00:a0,-92,40:4c:ca:5e:09:2d
9289,2025-10-12 01:08:50,40:4c:ca:5e:09:2c,-57,null
9290,2025-10-12 01:11:05,40:4c:ca:5e:00:a0,-92,40:4c:ca:5e:09:2d
9291,2025-10-12 01:13:50,40:4c:ca:5e:09:2c,-55,null
9292,2025-10-12 01:16:05,40:4c:ca:5e:00:a0,-89,40:4c:ca:5e:09:2d
9293,2025-10-12 01:18:50,40:4c:ca:5e:09:2c,-56,null
9294,2025-10-12 01:21:05,40:4c:ca:5e:00:a0,-93,40:4c:ca:5e:09:2d
9295,2025-10-12 01:23:50,40:4c:ca:5e:09:2c,-57,null
9296,2025-10-12 01:26:05,40:4c:ca:5e:00:a0,-94,40:4c:ca:5e:09:2d
9297,2025-10-12 01:28:50,40:4c:ca:5e:09:2c,-56,null
9298,2025-10-12 01:31:05,40:4c:ca:5e:00:a0,-91,40:4c:ca:5e:09:2d
9299,2025-10-12 01:33:50,40:4c:ca:5e:09:2c,-56,null
9300,2025-10-12 01:36:05,40:4c:ca:5e:00:a0,-94,40:4c:ca:5e:09:2d
9301,2025-10-12 01:38:50,40:4c:ca:5e:09:2c,-56,null
9302,2025-10-12 01:41:06,40:4c:ca:5e:00:a0,-92,40:4c:ca:5e:09:2d
9303,2025-10-12 01:43:50,40:4c:ca:5e:09:2c,-56,null
9304,2025-10-12 01:46:06,40:4c:ca:5e:00:a0,-93,40:4c:ca:5e:09:2d
9305,2025-10-12 01:48:50,40:4c:ca:5e:09:2c,-56,null
9306,2025-10-12 01:51:06,40:4c:ca:5e:00:a0,-92,40:4c:ca:5e:09:2d
9307,2025-10-12 01:53:50,40:4c:ca:5e:09:2c,-56,null
9308,2025-10-12 01:56:06,40:4c:ca:5e:00:a0,-91,40:4c:ca:5e:09:2d
9309,2025-10-12 01:58:50,40:4c:ca:5e:09:2c,-57,null
9310,2025-10-12 02:01:06,40:4c:ca:5e:00:a0,-93,40:4c:ca:5e:09:2d
9311,2025-10-12 02:03:50,40:4c:ca:5e:09:2c,-57,null
9312,2025-10-12 02:06:06,40:4c:ca:5e:00:a0,-91,40:4c:ca:5e:09:2d
9313,2025-10-12 02:08:50,40:4c:ca:5e:09:2c,-56,null
9314,2025-10-12 02:11:06,40:4c:ca:5e:00:a0,-92,40:4c:ca:5e:09:2d
9315,2025-10-12 02:13:50,40:4c:ca:5e:09:2c,-56,null
9316,2025-10-12 02:16:07,40:4c:ca:5e:00:a0,-94,40:4c:ca:5e:09:2d
9317,2025-10-12 02:18:50,40:4c:ca:5e:09:2c,-56,null
9318,2025-10-12 02:21:07,40:4c:ca:5e:00:a0,-92,40:4c:ca:5e:09:2d
9319,2025-10-12 02:23:50,40:4c:ca:5e:09:2c,-56,null
9320,2025-10-12 02:26:07,40:4c:ca:5e:00:a0,-93,40:4c:ca:5e:09:2d
9321,2025-10-12 02:28:50,40:4c:ca:5e:09:2c,-56,null
9322,2025-10-12 02:31:07,40:4c:ca:5e:00:a0,-87,40:4c:ca:5e:09:2d
9323,2025-10-12 02:33:50,40:4c:ca:5e:09:2c,-56,null
9324,2025-10-12 02:36:07,40:4c:ca:5e:00:a0,-92,40:4c:ca:5e:09:2d
9325,2025-10-12 02:38:50,40:4c:ca:5e:09:2c,-57,null
9326,2025-10-12 02:41:07,40:4c:ca:5e:00:a0,-92,40:4c:ca:5e:09:2d
9327,2025-10-12 02:43:50,40:4c:ca:5e:09:2c,-57,null
9328,2025-10-12 02:46:07,40:4c:ca:5e:00:a0,-93,40:4c:ca:5e:09:2d
9329,2025-10-12 02:48:50,40:4c:ca:5e:09:2c,-57,null
9330,2025-10-12 02:51:07,40:4c:ca:5e:00:a0,-95,40:4c:ca:5e:09:2d
9331,2025-10-12 02:53:50,40:4c:ca:5e:09:2c,-55,null
9332,2025-10-12 02:56:07,40:4c:ca:5e:00:a0,-92,40:4c:ca:5e:09:2d
9333,2025-10-12 02:58:50,40:4c:ca:5e:09:2c,-56,null
9334,2025-10-12 03:01:08,40:4c:ca:5e:00:a0,-93,40:4c:ca:5e:09:2d
9335,2025-10-12 03:03:50,40:4c:ca:5e:09:2c,-57,null
9336,2025-10-12 03:06:08,40:4c:ca:5e:00:a0,-92,40:4c:ca:5e:09:2d
9337,2025-10-12 03:08:50,40:4c:ca:5e:09:2c,-56,null
9338,2025-10-12 03:11:08,40:4c:ca:5e:00:a0,-94,40:4c:ca:5e:09:2d
9339,2025-10-12 03:13:50,40:4c:ca:5e:09:2c,-57,null
9340,2025-10-12 03:16:08,40:4c:ca:5e:00:a0,-93,40:4c:ca:5e:09:2d
9341,2025-10-12 03:18:50,40:4c:ca:5e:09:2c,-57,null
9342,2025-10-12 03:21:08,40:4c:ca:5e:00:a0,-93,40:4c:ca:5e:09:2d
9343,2025-10-12 03:23:50,40:4c:ca:5e:09:2c,-56,null
9344,2025-10-12 03:26:08,40:4c:ca:5e:00:a0,-93,40:4c:ca:5e:09:2d
9345,2025-10-12 03:28:50,40:4c:ca:5e:09:2c,-57,null
9346,2025-10-12 03:31:09,40:4c:ca:5e:00:a0,-92,40:4c:ca:5e:09:2d
9347,2025-10-12 03:33:50,40:4c:ca:5e:09:2c,-57,null
9348,2025-10-12 03:36:09,40:4c:ca:5e:00:a0,-92,40:4c:ca:5e:09:2d
9349,2025-10-12 03:38:50,40:4c:ca:5e:09:2c,-57,null
9350,2025-10-12 03:41:09,40:4c:ca:5e:00:a0,-93,40:4c:ca:5e:09:2d
9351,2025-10-12 03:43:50,40:4c:ca:5e:09:2c,-56,null
9352,2025-10-12 03:46:09,40:4c:ca:5e:00:a0,-93,40:4c:ca:5e:09:2d
9353,2025-10-12 03:48:50,40:4c:ca:5e:09:2c,-57,null
9354,2025-10-12 03:51:09,40:4c:ca:5e:00:a0,-94,40:4c:ca:5e:09:2d
9355,2025-10-12 03:53:50,40:4c:ca:5e:09:2c,-56,null
9356,2025-10-12 03:56:09,40:4c:ca:5e:00:a0,-92,40:4c:ca:5e:09:2d
9357,2025-10-12 03:58:50,40:4c:ca:5e:09:2c,-56,null
9358,2025-10-12 04:01:09,40:4c:ca:5e:00:a0,-93,40:4c:ca:5e:09:2d
9359,2025-10-12 04:03:50,40:4c:ca:5e:09:2c,-57,null
9360,2025-10-12 04:06:10,40:4c:ca:5e:00:a0,-93,40:4c:ca:5e:09:2d
9361,2025-10-12 04:08:50,40:4c:ca:5e:09:2c,-57,null
9362,2025-10-12 04:11:10,40:4c:ca:5e:00:a0,-93,40:4c:ca:5e:09:2d
9363,2025-10-12 04:13:50,40:4c:ca:5e:09:2c,-56,null
9364,2025-10-12 04:16:10,40:4c:ca:5e:00:a0,-95,40:4c:ca:5e:09:2d
9365,2025-10-12 04:18:50,40:4c:ca:5e:09:2c,-56,null
9366,2025-10-12 04:21:10,40:4c:ca:5e:00:a0,-96,40:4c:ca:5e:09:2d
9367,2025-10-12 04:23:50,40:4c:ca:5e:09:2c,-56,null
9368,2025-10-12 04:26:10,40:4c:ca:5e:00:a0,-94,40:4c:ca:5e:09:2d
9369,2025-10-12 04:28:50,40:4c:ca:5e:09:2c,-56,null
9370,2025-10-12 04:31:10,40:4c:ca:5e:00:a0,-94,40:4c:ca:5e:09:2d
9371,2025-10-12 04:33:50,40:4c:ca:5e:09:2c,-57,null
9372,2025-10-12 04:36:10,40:4c:ca:5e:00:a0,-88,40:4c:ca:5e:09:2d
9373,2025-10-12 04:38:51,40:4c:ca:5e:09:2c,-57,null
9374,2025-10-12 04:41:11,40:4c:ca:5e:00:a0,-94,40:4c:ca:5e:09:2d
9375,2025-10-12 04:43:51,40:4c:ca:5e:09:2c,-57,null
9376,2025-10-12 04:46:10,40:4c:ca:5e:00:a0,-92,40:4c:ca:5e:09:2d
9377,2025-10-12 04:48:51,40:4c:ca:5e:09:2c,-56,null
9378,2025-10-12 04:51:10,40:4c:ca:5e:00:a0,-95,40:4c:ca:5e:09:2d
9379,2025-10-12 04:53:51,40:4c:ca:5e:09:2c,-56,null
9380,2025-10-12 04:56:10,40:4c:ca:5e:00:a0,-97,40:4c:ca:5e:09:2d
9381,2025-10-12 04:58:51,40:4c:ca:5e:09:2c,-57,null
9382,2025-10-12 05:01:10,40:4c:ca:5e:00:a0,-93,40:4c:ca:5e:09:2d
9383,2025-10-12 05:03:51,40:4c:ca:5e:09:2c,-56,null
9384,2025-10-12 05:06:11,40:4c:ca:5e:00:a0,-95,40:4c:ca:5e:09:2d
9385,2025-10-12 05:08:51,40:4c:ca:5e:09:2c,-57,null
9386,2025-10-12 05:11:11,40:4c:ca:5e:00:a0,-94,40:4c:ca:5e:09:2d
9387,2025-10-12 05:13:51,40:4c:ca:5e:09:2c,-56,null
9388,2025-10-12 05:16:11,40:4c:ca:5e:00:a0,-96,40:4c:ca:5e:09:2d
9389,2025-10-12 05:18:51,40:4c:ca:5e:09:2c,-56,null
9390,2025-10-12 05:21:11,40:4c:ca:5e:00:a0,-95,40:4c:ca:5e:09:2d
9391,2025-10-12 05:23:51,40:4c:ca:5e:09:2c,-56,null
9392,2025-10-12 05:26:11,40:4c:ca:5e:00:a0,-92,40:4c:ca:5e:09:2d
9393,2025-10-12 05:28:51,40:4c:ca:5e:09:2c,-57,null
9394,2025-10-12 05:31:11,40:4c:ca:5e:00:a0,-93,40:4c:ca:5e:09:2d
9395,2025-10-12 05:33:51,40:4c:ca:5e:09:2c,-56,null
9396,2025-10-12 05:36:11,40:4c:ca:5e:00:a0,-93,40:4c:ca:5e:09:2d
9397,2025-10-12 05:38:51,40:4c:ca:5e:09:2c,-56,null
9398,2025-10-12 05:41:11,40:4c:ca:5e:00:a0,-94,40:4c:ca:5e:09:2d
9399,2025-10-12 05:43:51,40:4c:ca:5e:09:2c,-56,null
9400,2025-10-12 05:46:12,40:4c:ca:5e:00:a0,-92,40:4c:ca:5e:09:2d
9401,2025-10-12 05:48:51,40:4c:ca:5e:09:2c,-56,null
9402,2025-10-12 05:51:12,40:4c:ca:5e:00:a0,-94,40:4c:ca:5e:09:2d
9403,2025-10-12 05:53:51,40:4c:ca:5e:09:2c,-57,null
9404,2025-10-12 05:56:12,40:4c:ca:5e:00:a0,-93,40:4c:ca:5e:09:2d
9405,2025-10-12 05:58:51,40:4c:ca:5e:09:2c,-56,null
9406,2025-10-12 06:01:12,40:4c:ca:5e:00:a0,-94,40:4c:ca:5e:09:2d
9407,2025-10-12 06:03:51,40:4c:ca:5e:09:2c,-56,null
9408,2025-10-12 06:06:12,40:4c:ca:5e:00:a0,-93,40:4c:ca:5e:09:2d
9409,2025-10-12 06:08:51,40:4c:ca:5e:09:2c,-57,null
9410,2025-10-12 06:11:12,40:4c:ca:5e:00:a0,-95,40:4c:ca:5e:09:2d
9411,2025-10-12 06:13:51,40:4c:ca:5e:09:2c,-57,null
9412,2025-10-12 06:16:12,40:4c:ca:5e:00:a0,-93,40:4c:ca:5e:09:2d
9413,2025-10-12 06:18:51,40:4c:ca:5e:09:2c,-56,null
9414,2025-10-12 06:21:12,40:4c:ca:5e:00:a0,-95,40:4c:ca:5e:09:2d
9415,2025-10-12 06:23:51,40:4c:ca:5e:09:2c,-56,null
9416,2025-10-12 06:26:12,40:4c:ca:5e:00:a0,-92,40:4c:ca:5e:09:2d
9417,2025-10-12 06:28:51,40:4c:ca:5e:09:2c,-56,null
9418,2025-10-12 06:31:12,40:4c:ca:5e:00:a0,-94,40:4c:ca:5e:09:2d
9419,2025-10-12 06:33:51,40:4c:ca:5e:09:2c,-56,null
9420,2025-10-12 06:36:13,40:4c:ca:5e:00:a0,-94,40:4c:ca:5e:09:2d
9421,2025-10-12 06:38:51,40:4c:ca:5e:09:2c,-56,null
9422,2025-10-12 06:41:13,40:4c:ca:5e:00:a0,-94,40:4c:ca:5e:09:2d
9423,2025-10-12 06:43:51,40:4c:ca:5e:09:2c,-56,null
9424,2025-10-12 06:48:51,40:4c:ca:5e:09:2c,-57,null
9425,2025-10-12 06:53:51,40:4c:ca:5e:09:2c,-57,null
9426,2025-10-12 06:58:51,40:4c:ca:5e:09:2c,-56,null
9427,2025-10-12 07:03:51,40:4c:ca:5e:09:2c,-56,null
9428,2025-10-12 07:06:32,40:4c:ca:5e:00:a0,-84,40:4c:ca:5e:09:2d
9429,2025-10-12 07:08:51,40:4c:ca:5e:09:2c,-56,null
9430,2025-10-12 07:11:32,40:4c:ca:5e:00:a0,-82,40:4c:ca:5e:09:2d
9431,2025-10-12 07:13:51,40:4c:ca:5e:09:2c,-55,null
9432,2025-10-12 07:16:32,40:4c:ca:5e:00:a0,-82,40:4c:ca:5e:09:2d
9433,2025-10-12 07:18:51,40:4c:ca:5e:09:2c,-55,null
9434,2025-10-12 07:21:33,40:4c:ca:5e:00:a0,-82,40:4c:ca:5e:09:2d
9435,2025-10-12 07:23:51,40:4c:ca:5e:09:2c,-51,null
9436,2025-10-12 07:26:33,40:4c:ca:5e:00:a0,-82,40:4c:ca:5e:09:2d
9437,2025-10-12 07:28:51,40:4c:ca:5e:09:2c,-56,null
9438,2025-10-12 07:31:33,40:4c:ca:5e:00:a0,-81,40:4c:ca:5e:09:2d
9439,2025-10-12 07:33:51,40:4c:ca:5e:09:2c,-55,null
9440,2025-10-12 07:36:33,40:4c:ca:5e:00:a0,-83,40:4c:ca:5e:09:2d
9441,2025-10-12 07:38:51,40:4c:ca:5e:09:2c,-55,null
9442,2025-10-12 07:41:33,40:4c:ca:5e:00:a0,-81,40:4c:ca:5e:09:2d
9443,2025-10-12 07:43:51,40:4c:ca:5e:09:2c,-55,null
9444,2025-10-12 07:46:33,40:4c:ca:5e:00:a0,-82,40:4c:ca:5e:09:2d
9445,2025-10-12 07:48:51,40:4c:ca:5e:09:2c,-56,null
9446,2025-10-12 07:51:34,40:4c:ca:5e:00:a0,-80,40:4c:ca:5e:09:2d
9447,2025-10-12 07:53:51,40:4c:ca:5e:09:2c,-55,null
9448,2025-10-12 07:56:34,40:4c:ca:5e:00:a0,-81,40:4c:ca:5e:09:2d
9449,2025-10-12 07:58:51,40:4c:ca:5e:09:2c,-55,null
9450,2025-10-12 08:01:34,40:4c:ca:5e:00:a0,-80,40:4c:ca:5e:09:2d
9451,2025-10-12 08:03:51,40:4c:ca:5e:09:2c,-56,null
9452,2025-10-12 08:06:34,40:4c:ca:5e:00:a0,-80,40:4c:ca:5e:09:2d
9453,2025-10-12 08:08:51,40:4c:ca:5e:09:2c,-56,null
9454,2025-10-12 08:11:34,40:4c:ca:5e:00:a0,-80,40:4c:ca:5e:09:2d
9455,2025-10-12 08:13:51,40:4c:ca:5e:09:2c,-53,null
9456,2025-10-12 08:16:34,40:4c:ca:5e:00:a0,-81,40:4c:ca:5e:09:2d
9457,2025-10-12 08:18:51,40:4c:ca:5e:09:2c,-56,null
9458,2025-10-12 08:21:34,40:4c:ca:5e:00:a0,-75,40:4c:ca:5e:09:2d
9459,2025-10-12 08:23:51,40:4c:ca:5e:09:2c,-60,null
9460,2025-10-12 08:26:34,40:4c:ca:5e:00:a0,-79,40:4c:ca:5e:09:2d
9461,2025-10-12 08:28:51,40:4c:ca:5e:09:2c,-57,null
9462,2025-10-12 08:31:35,40:4c:ca:5e:00:a0,-79,40:4c:ca:5e:09:2d
9463,2025-10-12 08:33:51,40:4c:ca:5e:09:2c,-55,null
9464,2025-10-12 08:36:35,40:4c:ca:5e:00:a0,-81,40:4c:ca:5e:09:2d
9465,2025-10-12 08:38:51,40:4c:ca:5e:09:2c,-55,null
9466,2025-10-12 08:41:35,40:4c:ca:5e:00:a0,-79,40:4c:ca:5e:09:2d
9467,2025-10-12 08:43:52,40:4c:ca:5e:09:2c,-55,null
9468,2025-10-12 08:46:35,40:4c:ca:5e:00:a0,-80,40:4c:ca:5e:09:2d
9469,2025-10-12 08:48:52,40:4c:ca:5e:09:2c,-60,null
9470,2025-10-12 08:51:35,40:4c:ca:5e:00:a0,-80,40:4c:ca:5e:09:2d
9471,2025-10-12 08:53:52,40:4c:ca:5e:09:2c,-59,null
9472,2025-10-12 08:56:35,40:4c:ca:5e:00:a0,-80,40:4c:ca:5e:09:2d
9473,2025-10-12 08:58:52,40:4c:ca:5e:09:2c,-60,null
9474,2025-10-12 09:01:36,40:4c:ca:5e:00:a0,-79,40:4c:ca:5e:09:2d
9475,2025-10-12 09:03:52,40:4c:ca:5e:09:2c,-59,null
9476,2025-10-12 09:06:36,40:4c:ca:5e:00:a0,-79,40:4c:ca:5e:09:2d
9477,2025-10-12 09:08:52,40:4c:ca:5e:09:2c,-53,null
9478,2025-10-12 09:11:36,40:4c:ca:5e:00:a0,-80,40:4c:ca:5e:09:2d
9479,2025-10-12 09:13:52,40:4c:ca:5e:09:2c,-59,null
9480,2025-10-12 09:16:36,40:4c:ca:5e:00:a0,-80,40:4c:ca:5e:09:2d
9481,2025-10-12 09:18:52,40:4c:ca:5e:09:2c,-54,null
9482,2025-10-12 09:21:36,40:4c:ca:5e:00:a0,-80,40:4c:ca:5e:09:2d
9483,2025-10-12 09:23:52,40:4c:ca:5e:09:2c,-53,null
9484,2025-10-12 09:26:36,40:4c:ca:5e:00:a0,-81,40:4c:ca:5e:09:2d
9485,2025-10-12 09:28:52,40:4c:ca:5e:09:2c,-59,null
9486,2025-10-12 09:31:36,40:4c:ca:5e:00:a0,-79,40:4c:ca:5e:09:2d
9487,2025-10-12 09:33:52,40:4c:ca:5e:09:2c,-60,null
9488,2025-10-12 09:36:36,40:4c:ca:5e:00:a0,-80,40:4c:ca:5e:09:2d
9489,2025-10-12 09:38:52,40:4c:ca:5e:09:2c,-56,null
9490,2025-10-12 09:41:37,40:4c:ca:5e:00:a0,-78,40:4c:ca:5e:09:2d
9491,2025-10-12 09:43:52,40:4c:ca:5e:09:2c,-57,null
9492,2025-10-12 09:46:37,40:4c:ca:5e:00:a0,-79,40:4c:ca:5e:09:2d
9493,2025-10-12 09:48:52,40:4c:ca:5e:09:2c,-56,null
9494,2025-10-12 09:51:37,40:4c:ca:5e:00:a0,-79,40:4c:ca:5e:09:2d
9495,2025-10-12 09:53:52,40:4c:ca:5e:09:2c,-56,null
9496,2025-10-12 09:56:37,40:4c:ca:5e:00:a0,-79,40:4c:ca:5e:09:2d
9497,2025-10-12 09:58:52,40:4c:ca:5e:09:2c,-57,null
9498,2025-10-12 10:01:37,40:4c:ca:5e:00:a0,-79,40:4c:ca:5e:09:2d
9499,2025-10-12 10:03:52,40:4c:ca:5e:09:2c,-56,null
9500,2025-10-12 10:06:37,40:4c:ca:5e:00:a0,-79,40:4c:ca:5e:09:2d
9501,2025-10-12 10:08:52,40:4c:ca:5e:09:2c,-56,null
9502,2025-10-12 10:11:37,40:4c:ca:5e:00:a0,-79,40:4c:ca:5e:09:2d
9503,2025-10-12 10:13:52,40:4c:ca:5e:09:2c,-55,null
9504,2025-10-12 10:16:37,40:4c:ca:5e:00:a0,-78,40:4c:ca:5e:09:2d
9505,2025-10-12 10:18:52,40:4c:ca:5e:09:2c,-56,null
9506,2025-10-12 10:21:38,40:4c:ca:5e:00:a0,-79,40:4c:ca:5e:09:2d
9507,2025-10-12 10:23:52,40:4c:ca:5e:09:2c,-56,null
9508,2025-10-12 10:26:38,40:4c:ca:5e:00:a0,-78,40:4c:ca:5e:09:2d
9509,2025-10-12 10:28:52,40:4c:ca:5e:09:2c,-57,null
9510,2025-10-12 10:31:38,40:4c:ca:5e:00:a0,-79,40:4c:ca:5e:09:2d
9511,2025-10-12 10:33:52,40:4c:ca:5e:09:2c,-56,null
9512,2025-10-12 10:36:38,40:4c:ca:5e:00:a0,-79,40:4c:ca:5e:09:2d
9513,2025-10-12 10:38:52,40:4c:ca:5e:09:2c,-56,null
9514,2025-10-12 10:41:38,40:4c:ca:5e:00:a0,-78,40:4c:ca:5e:09:2d
9515,2025-10-12 10:43:52,40:4c:ca:5e:09:2c,-55,null
9516,2025-10-12 10:46:00,null,,null
9517,2025-10-12 10:46:38,40:4c:ca:5e:00:a0,-79,40:4c:ca:5e:09:2d
9518,2025-10-12 10:48:52,40:4c:ca:5e:09:2c,-56,null
9519,2025-10-12 10:51:39,40:4c:ca:5e:00:a0,-79,40:4c:ca:5e:09:2d
9520,2025-10-12 10:53:52,40:4c:ca:5e:09:2c,-55,null
9521,2025-10-12 10:56:39,40:4c:ca:5e:00:a0,-79,40:4c:ca:5e:09:2d
9522,2025-10-12 10:58:52,40:4c:ca:5e:09:2c,-60,null
9523,2025-10-12 11:01:39,40:4c:ca:5e:00:a0,-77,40:4c:ca:5e:09:2d
9524,2025-10-12 11:03:52,40:4c:ca:5e:09:2c,-56,null
9525,2025-10-12 11:06:39,40:4c:ca:5e:00:a0,-78,40:4c:ca:5e:09:2d
9526,2025-10-12 11:08:52,40:4c:ca:5e:09:2c,-56,null
9527,2025-10-12 11:11:39,40:4c:ca:5e:00:a0,-76,40:4c:ca:5e:09:2d
9528,2025-10-12 11:13:52,40:4c:ca:5e:09:2c,-57,null
9529,2025-10-12 11:16:39,40:4c:ca:5e:00:a0,-79,40:4c:ca:5e:09:2d
9530,2025-10-12 11:18:52,40:4c:ca:5e:09:2c,-61,null
9531,2025-10-12 11:21:39,40:4c:ca:5e:00:a0,-77,40:4c:ca:5e:09:2d
9532,2025-10-12 11:23:52,40:4c:ca:5e:09:2c,-58,null
9533,2025-10-12 11:26:39,40:4c:ca:5e:00:a0,-79,40:4c:ca:5e:09:2d
9534,2025-10-12 11:28:53,40:4c:ca:5e:09:2c,-60,null
9535,2025-10-12 11:31:40,40:4c:ca:5e:00:a0,-77,40:4c:ca:5e:09:2d
9536,2025-10-12 11:33:52,40:4c:ca:5e:09:2c,-57,null
9537,2025-10-12 11:36:40,40:4c:ca:5e:00:a0,-77,40:4c:ca:5e:09:2d
9538,2025-10-12 11:38:52,40:4c:ca:5e:09:2c,-56,null
9539,2025-10-12 11:41:40,40:4c:ca:5e:00:a0,-79,40:4c:ca:5e:09:2d
9540,2025-10-12 11:43:52,40:4c:ca:5e:09:2c,-59,null
9541,2025-10-12 11:46:40,40:4c:ca:5e:00:a0,-79,40:4c:ca:5e:09:2d
9542,2025-10-12 11:48:04,null,,null
9543,2025-10-12 11:48:52,40:4c:ca:5e:09:2c,-60,null
9544,2025-10-12 11:51:40,40:4c:ca:5e:00:a0,-78,40:4c:ca:5e:09:2d
9545,2025-10-12 11:53:52,40:4c:ca:5e:09:2c,-60,null
9546,2025-10-12 11:56:40,40:4c:ca:5e:00:a0,-79,40:4c:ca:5e:09:2d
9547,2025-10-12 11:58:52,40:4c:ca:5e:09:2c,-59,null
9548,2025-10-12 12:01:41,40:4c:ca:5e:00:a0,-79,40:4c:ca:5e:09:2d
9549,2025-10-12 12:03:52,40:4c:ca:5e:09:2c,-59,null
9550,2025-10-12 12:06:41,40:4c:ca:5e:00:a0,-79,40:4c:ca:5e:09:2d
9551,2025-10-12 12:07:06,null,,null
9552,2025-10-12 12:08:52,40:4c:ca:5e:09:2c,-59,null
9553,2025-10-12 12:11:41,40:4c:ca:5e:00:a0,-79,40:4c:ca:5e:09:2d
9554,2025-10-12 12:13:52,40:4c:ca:5e:09:2c,-60,null
9555,2025-10-12 12:16:41,40:4c:ca:5e:00:a0,-79,40:4c:ca:5e:09:2d
9556,2025-10-12 12:18:52,40:4c:ca:5e:09:2c,-60,null
9557,2025-10-12 12:21:41,40:4c:ca:5e:00:a0,-79,40:4c:ca:5e:09:2d
9558,2025-10-12 12:23:52,40:4c:ca:5e:09:2c,-53,null
9559,2025-10-12 12:26:41,40:4c:ca:5e:00:a0,-80,40:4c:ca:5e:09:2d
9560,2025-10-12 12:28:52,40:4c:ca:5e:09:2c,-55,null
9561,2025-10-12 12:31:41,40:4c:ca:5e:00:a0,-79,40:4c:ca:5e:09:2d
9562,2025-10-12 12:33:53,40:4c:ca:5e:09:2c,-60,null
9563,2025-10-12 12:36:41,40:4c:ca:5e:00:a0,-80,40:4c:ca:5e:09:2d
9564,2025-10-12 12:38:52,40:4c:ca:5e:09:2c,-60,null
9565,2025-10-12 12:41:42,40:4c:ca:5e:00:a0,-79,40:4c:ca:5e:09:2d
9566,2025-10-12 12:43:53,40:4c:ca:5e:09:2c,-60,null
9567,2025-10-12 12:46:42,40:4c:ca:5e:00:a0,-79,40:4c:ca:5e:09:2d
9568,2025-10-12 12:48:53,40:4c:ca:5e:09:2c,-59,null
9569,2025-10-12 12:51:42,40:4c:ca:5e:00:a0,-79,40:4c:ca:5e:09:2d
9570,2025-10-12 12:53:53,40:4c:ca:5e:09:2c,-60,null
9571,2025-10-12 12:56:42,40:4c:ca:5e:00:a0,-79,40:4c:ca:5e:09:2d
9572,2025-10-12 12:58:53,40:4c:ca:5e:09:2c,-61,null
9573,2025-10-12 13:01:42,40:4c:ca:5e:00:a0,-80,40:4c:ca:5e:09:2d
9574,2025-10-12 13:03:53,40:4c:ca:5e:09:2c,-60,null
9575,2025-10-12 13:06:42,40:4c:ca:5e:00:a0,-80,40:4c:ca:5e:09:2d
9576,2025-10-12 13:08:53,40:4c:ca:5e:09:2c,-60,null
9577,2025-10-12 13:11:42,40:4c:ca:5e:00:a0,-80,40:4c:ca:5e:09:2d
9578,2025-10-12 13:13:53,40:4c:ca:5e:09:2c,-60,null
9579,2025-10-12 13:16:42,40:4c:ca:5e:00:a0,-79,40:4c:ca:5e:09:2d
9580,2025-10-12 13:18:53,40:4c:ca:5e:09:2c,-60,null
9581,2025-10-12 13:21:43,40:4c:ca:5e:00:a0,-79,40:4c:ca:5e:09:2d
9582,2025-10-12 13:23:53,40:4c:ca:5e:09:2c,-59,null
9583,2025-10-12 13:26:43,40:4c:ca:5e:00:a0,-79,40:4c:ca:5e:09:2d
9584,2025-10-12 13:28:53,40:4c:ca:5e:09:2c,-57,null
9585,2025-10-12 13:31:43,40:4c:ca:5e:00:a0,-79,40:4c:ca:5e:09:2d
9586,2025-10-12 13:33:53,40:4c:ca:5e:09:2c,-58,null
9587,2025-10-12 13:36:43,40:4c:ca:5e:00:a0,-79,40:4c:ca:5e:09:2d
9588,2025-10-12 13:38:53,40:4c:ca:5e:09:2c,-58,null
9589,2025-10-12 13:41:43,40:4c:ca:5e:00:a0,-80,40:4c:ca:5e:09:2d
9590,2025-10-12 13:43:53,40:4c:ca:5e:09:2c,-59,null
9591,2025-10-12 13:46:43,40:4c:ca:5e:00:a0,-80,40:4c:ca:5e:09:2d
9592,2025-10-12 13:48:53,40:4c:ca:5e:09:2c,-60,null
9593,2025-10-12 13:51:44,40:4c:ca:5e:00:a0,-79,40:4c:ca:5e:09:2d
9594,2025-10-12 13:53:53,40:4c:ca:5e:09:2c,-57,null
9595,2025-10-12 13:56:44,40:4c:ca:5e:00:a0,-80,40:4c:ca:5e:09:2d
9596,2025-10-12 13:58:53,40:4c:ca:5e:09:2c,-57,null
9597,2025-10-12 14:01:44,40:4c:ca:5e:00:a0,-79,40:4c:ca:5e:09:2d
9598,2025-10-12 14:03:53,40:4c:ca:5e:09:2c,-57,null
9599,2025-10-12 14:06:44,40:4c:ca:5e:00:a0,-78,40:4c:ca:5e:09:2d
9600,2025-10-12 14:08:53,40:4c:ca:5e:09:2c,-66,null
9601,2025-10-12 14:11:44,40:4c:ca:5e:00:a0,-83,40:4c:ca:5e:09:2d
9602,2025-10-12 14:13:53,40:4c:ca:5e:09:2c,-57,null
9603,2025-10-12 14:16:44,40:4c:ca:5e:00:a0,-89,40:4c:ca:5e:09:2d
9604,2025-10-12 14:18:53,40:4c:ca:5e:09:2c,-65,null
9605,2025-10-12 14:21:44,40:4c:ca:5e:00:a0,-86,40:4c:ca:5e:09:2d
9606,2025-10-12 14:23:53,40:4c:ca:5e:09:2c,-56,null
9607,2025-10-12 14:26:44,40:4c:ca:5e:00:a0,-83,40:4c:ca:5e:09:2d
9608,2025-10-12 14:28:53,40:4c:ca:5e:09:2c,-55,null
9609,2025-10-12 14:31:45,40:4c:ca:5e:00:a0,-84,40:4c:ca:5e:09:2d
9610,2025-10-12 14:33:53,40:4c:ca:5e:09:2c,-55,null
9611,2025-10-12 14:36:45,40:4c:ca:5e:00:a0,-84,40:4c:ca:5e:09:2d
9612,2025-10-12 14:38:53,40:4c:ca:5e:09:2c,-51,null
9613,2025-10-12 14:41:45,40:4c:ca:5e:00:a0,-87,40:4c:ca:5e:09:2d
9614,2025-10-12 14:43:53,40:4c:ca:5e:09:2c,-56,null
9615,2025-10-12 14:46:45,40:4c:ca:5e:00:a0,-88,40:4c:ca:5e:09:2d
9616,2025-10-12 14:48:53,40:4c:ca:5e:09:2c,-57,null
9617,2025-10-12 14:51:45,40:4c:ca:5e:00:a0,-90,40:4c:ca:5e:09:2d
9618,2025-10-12 14:53:53,40:4c:ca:5e:09:2c,-56,null
9619,2025-10-12 14:56:45,40:4c:ca:5e:00:a0,-89,40:4c:ca:5e:09:2d
9620,2025-10-12 14:58:53,40:4c:ca:5e:09:2c,-57,null
9621,2025-10-12 15:01:46,40:4c:ca:5e:00:a0,-88,40:4c:ca:5e:09:2d
9622,2025-10-12 15:03:53,40:4c:ca:5e:09:2c,-58,null
9623,2025-10-12 15:06:46,40:4c:ca:5e:00:a0,-87,40:4c:ca:5e:09:2d
9624,2025-10-12 15:08:53,40:4c:ca:5e:09:2c,-58,null
9625,2025-10-12 15:11:46,40:4c:ca:5e:00:a0,-88,40:4c:ca:5e:09:2d
9626,2025-10-12 15:13:53,40:4c:ca:5e:09:2c,-56,null
9627,2025-10-12 15:16:46,40:4c:ca:5e:00:a0,-87,40:4c:ca:5e:09:2d
9628,2025-10-12 15:18:53,40:4c:ca:5e:09:2c,-59,null
9629,2025-10-12 15:21:47,40:4c:ca:5e:00:a0,-89,40:4c:ca:5e:09:2d
9630,2025-10-12 15:23:53,40:4c:ca:5e:09:2c,-57,null
9631,2025-10-12 15:26:47,40:4c:ca:5e:00:a0,-89,40:4c:ca:5e:09:2d
9632,2025-10-12 15:28:53,40:4c:ca:5e:09:2c,-59,null
9633,2025-10-12 15:31:47,40:4c:ca:5e:00:a0,-88,40:4c:ca:5e:09:2d
9634,2025-10-12 15:33:53,40:4c:ca:5e:09:2c,-59,null
9635,2025-10-12 15:36:47,40:4c:ca:5e:00:a0,-89,40:4c:ca:5e:09:2d
9636,2025-10-12 15:38:53,40:4c:ca:5e:09:2c,-58,null
9637,2025-10-12 15:41:47,40:4c:ca:5e:00:a0,-88,40:4c:ca:5e:09:2d
9638,2025-10-12 15:43:53,40:4c:ca:5e:09:2c,-60,null
9639,2025-10-12 15:46:47,40:4c:ca:5e:00:a0,-89,40:4c:ca:5e:09:2d
9640,2025-10-12 15:48:53,40:4c:ca:5e:09:2c,-60,null
9641,2025-10-12 15:51:48,40:4c:ca:5e:00:a0,-88,40:4c:ca:5e:09:2d
9642,2025-10-12 15:53:53,40:4c:ca:5e:09:2c,-60,null
9643,2025-10-12 15:56:52,40:4c:ca:5e:00:a0,-88,40:4c:ca:5e:09:2d
9644,2025-10-12 15:58:53,40:4c:ca:5e:09:2c,-59,null
9645,2025-10-12 16:01:52,40:4c:ca:5e:00:a0,-90,40:4c:ca:5e:09:2d
9646,2025-10-12 16:03:53,40:4c:ca:5e:09:2c,-59,null
9647,2025-10-12 16:06:52,40:4c:ca:5e:00:a0,-90,40:4c:ca:5e:09:2d
9648,2025-10-12 16:08:53,40:4c:ca:5e:09:2c,-60,null
9649,2025-10-12 16:11:52,40:4c:ca:5e:00:a0,-91,40:4c:ca:5e:09:2d
9650,2025-10-12 16:13:53,40:4c:ca:5e:09:2c,-57,null
9651,2025-10-12 16:16:52,40:4c:ca:5e:00:a0,-91,40:4c:ca:5e:09:2d
9652,2025-10-12 16:18:53,40:4c:ca:5e:09:2c,-59,null
9653,2025-10-12 16:21:52,40:4c:ca:5e:00:a0,-92,40:4c:ca:5e:09:2d
9654,2025-10-12 16:23:53,40:4c:ca:5e:09:2c,-56,null
9655,2025-10-12 16:26:53,40:4c:ca:5e:00:a0,-90,40:4c:ca:5e:09:2d
9656,2025-10-12 16:28:53,40:4c:ca:5e:09:2c,-59,null
9657,2025-10-12 16:31:53,40:4c:ca:5e:00:a0,-85,40:4c:ca:5e:09:2d
9658,2025-10-12 16:33:53,40:4c:ca:5e:09:2c,-60,null
9659,2025-10-12 16:36:53,40:4c:ca:5e:00:a0,-88,40:4c:ca:5e:09:2d
9660,2025-10-12 16:38:53,40:4c:ca:5e:09:2c,-60,null
9661,2025-10-12 16:41:53,40:4c:ca:5e:00:a0,-90,40:4c:ca:5e:09:2d
9662,2025-10-12 16:43:53,40:4c:ca:5e:09:2c,-59,null
9663,2025-10-12 16:46:53,40:4c:ca:5e:00:a0,-85,40:4c:ca:5e:09:2d
9664,2025-10-12 16:48:54,40:4c:ca:5e:09:2c,-61,null
9665,2025-10-12 16:51:53,40:4c:ca:5e:00:a0,-91,40:4c:ca:5e:09:2d
9666,2025-10-12 16:53:54,40:4c:ca:5e:09:2c,-59,null
9667,2025-10-12 16:56:53,40:4c:ca:5e:00:a0,-87,40:4c:ca:5e:09:2d
9668,2025-10-12 16:58:54,40:4c:ca:5e:09:2c,-59,null
9669,2025-10-12 17:01:53,40:4c:ca:5e:00:a0,-88,40:4c:ca:5e:09:2d
9670,2025-10-12 17:03:54,40:4c:ca:5e:09:2c,-59,null
9671,2025-10-12 17:06:54,40:4c:ca:5e:00:a0,-88,40:4c:ca:5e:09:2d
9672,2025-10-12 17:08:54,40:4c:ca:5e:09:2c,-62,null
9673,2025-10-12 17:11:54,40:4c:ca:5e:00:a0,-88,40:4c:ca:5e:09:2d
9674,2025-10-12 17:13:54,40:4c:ca:5e:09:2c,-62,null
9675,2025-10-12 17:16:54,40:4c:ca:5e:00:a0,-90,40:4c:ca:5e:09:2d
9676,2025-10-12 17:18:54,40:4c:ca:5e:09:2c,-61,null
9677,2025-10-12 17:21:54,40:4c:ca:5e:00:a0,-89,40:4c:ca:5e:09:2d
9678,2025-10-12 17:23:54,40:4c:ca:5e:09:2c,-60,null
9679,2025-10-12 17:26:54,40:4c:ca:5e:00:a0,-85,40:4c:ca:5e:09:2d
9680,2025-10-12 17:28:54,40:4c:ca:5e:09:2c,-61,null
9681,2025-10-12 17:31:54,40:4c:ca:5e:00:a0,-89,40:4c:ca:5e:09:2d
9682,2025-10-12 17:33:54,40:4c:ca:5e:09:2c,-64,null
9683,2025-10-12 17:36:56,40:4c:ca:5e:00:a0,-90,40:4c:ca:5e:09:2d
9684,2025-10-12 17:38:54,40:4c:ca:5e:09:2c,-59,null
9685,2025-10-12 17:43:54,40:4c:ca:5e:09:2c,-64,null
9686,2025-10-12 17:44:56,40:4c:ca:5e:00:a0,-86,40:4c:ca:5e:09:2d
9687,2025-10-12 17:48:54,40:4c:ca:5e:09:2c,-59,null
9688,2025-10-12 17:53:54,40:4c:ca:5e:09:2c,-53,null
9689,2025-10-12 17:58:54,40:4c:ca:5e:09:2c,-55,null
9690,2025-10-12 18:03:54,40:4c:ca:5e:09:2c,-53,null
9691,2025-10-12 18:08:54,40:4c:ca:5e:09:2c,-55,null
9692,2025-10-12 18:13:54,40:4c:ca:5e:09:2c,-55,null
9693,2025-10-12 18:18:54,40:4c:ca:5e:09:2c,-56,null
9694,2025-10-12 18:23:54,40:4c:ca:5e:09:2c,-64,null
9695,2025-10-12 18:28:54,40:4c:ca:5e:09:2c,-66,null
9696,2025-10-12 18:33:54,40:4c:ca:5e:09:2c,-54,null
9697,2025-10-12 18:38:54,40:4c:ca:5e:09:2c,-60,null
9698,2025-10-12 18:43:54,40:4c:ca:5e:09:2c,-54,null
9699,2025-10-12 18:48:54,40:4c:ca:5e:09:2c,-56,null
9700,2025-10-12 18:53:54,40:4c:ca:5e:09:2c,-53,null
9701,2025-10-12 18:58:54,40:4c:ca:5e:09:2c,-56,null
9702,2025-10-12 19:03:54,40:4c:ca:5e:09:2c,-59,null
9703,2025-10-12 19:08:54,40:4c:ca:5e:09:2c,-54,null
9704,2025-10-12 19:09:47,40:4c:ca:5e:00:a0,-86,40:4c:ca:5e:09:2d
9705,2025-10-12 19:13:54,40:4c:ca:5e:09:2c,-56,null
9706,2025-10-12 19:14:47,40:4c:ca:5e:00:a0,-84,40:4c:ca:5e:09:2d
9707,2025-10-12 19:18:54,40:4c:ca:5e:09:2c,-55,null
9708,2025-10-12 19:19:47,40:4c:ca:5e:00:a0,-84,40:4c:ca:5e:09:2d
9709,2025-10-12 19:23:54,40:4c:ca:5e:09:2c,-55,null
9710,2025-10-12 19:24:47,40:4c:ca:5e:00:a0,-85,40:4c:ca:5e:09:2d
9711,2025-10-12 19:28:54,40:4c:ca:5e:09:2c,-54,null
9712,2025-10-12 19:29:47,40:4c:ca:5e:00:a0,-85,40:4c:ca:5e:09:2d
9713,2025-10-12 19:33:54,40:4c:ca:5e:09:2c,-53,null
9714,2025-10-12 19:34:47,40:4c:ca:5e:00:a0,-84,40:4c:ca:5e:09:2d
9715,2025-10-12 19:38:54,40:4c:ca:5e:09:2c,-59,null
9716,2025-10-12 19:39:47,40:4c:ca:5e:00:a0,-86,40:4c:ca:5e:09:2d
9717,2025-10-12 19:43:54,40:4c:ca:5e:09:2c,-53,null
9718,2025-10-12 19:44:47,40:4c:ca:5e:00:a0,-83,40:4c:ca:5e:09:2d
9719,2025-10-12 19:48:54,40:4c:ca:5e:09:2c,-56,null
9720,2025-10-12 19:49:48,40:4c:ca:5e:00:a0,-84,40:4c:ca:5e:09:2d
9721,2025-10-12 19:53:54,40:4c:ca:5e:09:2c,-56,null
9722,2025-10-12 19:54:48,40:4c:ca:5e:00:a0,-90,40:4c:ca:5e:09:2d
9723,2025-10-12 19:58:54,40:4c:ca:5e:09:2c,-70,null
9724,2025-10-12 19:59:48,40:4c:ca:5e:00:a0,-89,40:4c:ca:5e:09:2d
9725,2025-10-12 20:03:54,40:4c:ca:5e:09:2c,-62,null
9726,2025-10-12 20:04:48,40:4c:ca:5e:00:a0,-92,40:4c:ca:5e:09:2d
9727,2025-10-12 20:08:54,40:4c:ca:5e:09:2c,-58,null
9728,2025-10-12 20:09:48,40:4c:ca:5e:00:a0,-87,40:4c:ca:5e:09:2d
9729,2025-10-12 20:13:54,40:4c:ca:5e:09:2c,-57,null
9730,2025-10-12 20:14:48,40:4c:ca:5e:00:a0,-86,40:4c:ca:5e:09:2d
9731,2025-10-12 20:18:54,40:4c:ca:5e:09:2c,-57,null
9732,2025-10-12 20:19:48,40:4c:ca:5e:00:a0,-88,40:4c:ca:5e:09:2d
9733,2025-10-12 20:23:54,40:4c:ca:5e:09:2c,-57,null
9734,2025-10-12 20:24:48,40:4c:ca:5e:00:a0,-91,40:4c:ca:5e:09:2d
9735,2025-10-12 20:28:54,40:4c:ca:5e:09:2c,-58,null
9736,2025-10-12 20:29:49,40:4c:ca:5e:00:a0,-90,40:4c:ca:5e:09:2d
9737,2025-10-12 20:33:54,40:4c:ca:5e:09:2c,-59,null
9738,2025-10-12 20:34:49,40:4c:ca:5e:00:a0,-85,40:4c:ca:5e:09:2d
9739,2025-10-12 20:38:54,40:4c:ca:5e:09:2c,-57,null
9740,2025-10-12 20:39:49,40:4c:ca:5e:00:a0,-85,40:4c:ca:5e:09:2d
9741,2025-10-12 20:43:54,40:4c:ca:5e:09:2c,-58,null
9742,2025-10-12 20:44:49,40:4c:ca:5e:00:a0,-83,40:4c:ca:5e:09:2d
9743,2025-10-12 20:48:55,40:4c:ca:5e:09:2c,-58,null
9744,2025-10-12 20:49:49,40:4c:ca:5e:00:a0,-84,40:4c:ca:5e:09:2d
9745,2025-10-12 20:53:55,40:4c:ca:5e:09:2c,-59,null
9746,2025-10-12 20:54:49,40:4c:ca:5e:00:a0,-84,40:4c:ca:5e:09:2d
9747,2025-10-12 20:58:55,40:4c:ca:5e:09:2c,-57,null
9748,2025-10-12 20:59:50,40:4c:ca:5e:00:a0,-84,40:4c:ca:5e:09:2d
9749,2025-10-12 21:03:55,40:4c:ca:5e:09:2c,-57,null
9750,2025-10-12 21:04:50,40:4c:ca:5e:00:a0,-85,40:4c:ca:5e:09:2d
9751,2025-10-12 21:08:55,40:4c:ca:5e:09:2c,-58,null
9752,2025-10-12 21:09:50,40:4c:ca:5e:00:a0,-85,40:4c:ca:5e:09:2d
9753,2025-10-12 21:13:55,40:4c:ca:5e:09:2c,-57,null
9754,2025-10-12 21:14:50,40:4c:ca:5e:00:a0,-86,40:4c:ca:5e:09:2d
9755,2025-10-12 21:18:55,40:4c:ca:5e:09:2c,-57,null
9756,2025-10-12 21:19:50,40:4c:ca:5e:00:a0,-84,40:4c:ca:5e:09:2d
9757,2025-10-12 21:23:55,40:4c:ca:5e:09:2c,-58,null
9758,2025-10-12 21:24:50,40:4c:ca:5e:00:a0,-84,40:4c:ca:5e:09:2d
9759,2025-10-12 21:28:55,40:4c:ca:5e:09:2c,-58,null
9760,2025-10-12 21:29:50,40:4c:ca:5e:00:a0,-85,40:4c:ca:5e:09:2d
9761,2025-10-12 21:33:55,40:4c:ca:5e:09:2c,-58,null
9762,2025-10-12 21:34:50,40:4c:ca:5e:00:a0,-84,40:4c:ca:5e:09:2d
9763,2025-10-12 21:38:55,40:4c:ca:5e:09:2c,-58,null
9764,2025-10-12 21:39:51,40:4c:ca:5e:00:a0,-84,40:4c:ca:5e:09:2d
9765,2025-10-12 21:43:55,40:4c:ca:5e:09:2c,-56,null
9766,2025-10-12 21:44:51,40:4c:ca:5e:00:a0,-85,40:4c:ca:5e:09:2d
9767,2025-10-12 21:48:55,40:4c:ca:5e:09:2c,-58,null
9768,2025-10-12 21:49:51,40:4c:ca:5e:00:a0,-85,40:4c:ca:5e:09:2d
9769,2025-10-12 21:53:55,40:4c:ca:5e:09:2c,-58,null
9770,2025-10-12 21:54:51,40:4c:ca:5e:00:a0,-84,40:4c:ca:5e:09:2d
9771,2025-10-12 21:58:55,40:4c:ca:5e:09:2c,-57,null
9772,2025-10-12 21:59:51,40:4c:ca:5e:00:a0,-85,40:4c:ca:5e:09:2d
9773,2025-10-12 22:03:55,40:4c:ca:5e:09:2c,-57,null
9774,2025-10-12 22:04:52,40:4c:ca:5e:00:a0,-84,40:4c:ca:5e:09:2d
9775,2025-10-12 22:08:55,40:4c:ca:5e:09:2c,-56,null
9776,2025-10-12 22:09:52,40:4c:ca:5e:00:a0,-85,40:4c:ca:5e:09:2d
9777,2025-10-12 22:13:55,40:4c:ca:5e:09:2c,-57,null
9778,2025-10-12 22:14:52,40:4c:ca:5e:00:a0,-85,40:4c:ca:5e:09:2d
9779,2025-10-12 22:18:55,40:4c:ca:5e:09:2c,-56,null
9780,2025-10-12 22:19:52,40:4c:ca:5e:00:a0,-85,40:4c:ca:5e:09:2d
9781,2025-10-12 22:23:55,40:4c:ca:5e:09:2c,-56,null
9782,2025-10-12 22:24:52,40:4c:ca:5e:00:a0,-86,40:4c:ca:5e:09:2d
9783,2025-10-12 22:28:55,40:4c:ca:5e:09:2c,-56,null
9784,2025-10-12 22:29:52,40:4c:ca:5e:00:a0,-85,40:4c:ca:5e:09:2d
9785,2025-10-12 22:33:55,40:4c:ca:5e:09:2c,-56,null
9786,2025-10-12 22:34:53,40:4c:ca:5e:00:a0,-85,40:4c:ca:5e:09:2d
9787,2025-10-12 22:38:55,40:4c:ca:5e:09:2c,-56,null
9788,2025-10-12 22:39:53,40:4c:ca:5e:00:a0,-84,40:4c:ca:5e:09:2d
9789,2025-10-12 22:43:55,40:4c:ca:5e:09:2c,-56,null
9790,2025-10-12 22:44:53,40:4c:ca:5e:00:a0,-85,40:4c:ca:5e:09:2d
9791,2025-10-12 22:48:55,40:4c:ca:5e:09:2c,-56,null
9792,2025-10-12 22:49:53,40:4c:ca:5e:00:a0,-85,40:4c:ca:5e:09:2d
9793,2025-10-12 22:53:55,40:4c:ca:5e:09:2c,-58,null
9794,2025-10-12 22:54:53,40:4c:ca:5e:00:a0,-84,40:4c:ca:5e:09:2d
9795,2025-10-12 22:58:55,40:4c:ca:5e:09:2c,-56,null
9796,2025-10-12 22:59:53,40:4c:ca:5e:00:a0,-84,40:4c:ca:5e:09:2d
9797,2025-10-12 23:03:55,40:4c:ca:5e:09:2c,-58,null
9798,2025-10-12 23:04:53,40:4c:ca:5e:00:a0,-85,40:4c:ca:5e:09:2d
9799,2025-10-12 23:08:55,40:4c:ca:5e:09:2c,-56,null
9800,2025-10-12 23:09:53,40:4c:ca:5e:00:a0,-84,40:4c:ca:5e:09:2d
9801,2025-10-12 23:13:55,40:4c:ca:5e:09:2c,-56,null
9802,2025-10-12 23:14:54,40:4c:ca:5e:00:a0,-85,40:4c:ca:5e:09:2d
9803,2025-10-12 23:18:55,40:4c:ca:5e:09:2c,-57,null
9804,2025-10-12 23:19:54,40:4c:ca:5e:00:a0,-84,40:4c:ca:5e:09:2d
9805,2025-10-12 23:23:55,40:4c:ca:5e:09:2c,-58,null
9806,2025-10-12 23:24:54,40:4c:ca:5e:00:a0,-84,40:4c:ca:5e:09:2d
9807,2025-10-12 23:28:55,40:4c:ca:5e:09:2c,-57,null
9808,2025-10-12 23:29:54,40:4c:ca:5e:00:a0,-84,40:4c:ca:5e:09:2d
9809,2025-10-12 23:33:55,40:4c:ca:5e:09:2c,-58,null
9810,2025-10-12 23:34:54,40:4c:ca:5e:00:a0,-84,40:4c:ca:5e:09:2d
9811,2025-10-12 23:38:55,40:4c:ca:5e:09:2c,-56,null
9812,2025-10-12 23:39:54,40:4c:ca:5e:00:a0,-83,40:4c:ca:5e:09:2d
9813,2025-10-12 23:43:55,40:4c:ca:5e:09:2c,-55,null
9814,2025-10-12 23:44:54,40:4c:ca:5e:00:a0,-83,40:4c:ca:5e:09:2d
9815,2025-10-12 23:48:55,40:4c:ca:5e:09:2c,-57,null
9816,2025-10-12 23:49:54,40:4c:ca:5e:00:a0,-84,40:4c:ca:5e:09:2d
9817,2025-10-12 23:53:55,40:4c:ca:5e:09:2c,-57,null
9818,2025-10-12 23:54:55,40:4c:ca:5e:00:a0,-84,40:4c:ca:5e:09:2d
9819,2025-10-12 23:58:55,40:4c:ca:5e:09:2c,-56,null
9820,2025-10-12 23:59:55,40:4c:ca:5e:00:a0,-83,40:4c:ca:5e:09:2d
9821,2025-10-13 00:03:55,40:4c:ca:5e:09:2c,-57,null
9822,2025-10-13 00:04:55,40:4c:ca:5e:00:a0,-84,40:4c:ca:5e:09:2d
9823,2025-10-13 00:08:55,40:4c:ca:5e:09:2c,-56,null
9824,2025-10-13 00:09:55,40:4c:ca:5e:00:a0,-84,40:4c:ca:5e:09:2d
9825,2025-10-13 00:13:55,40:4c:ca:5e:09:2c,-55,null
9826,2025-10-13 00:14:55,40:4c:ca:5e:00:a0,-84,40:4c:ca:5e:09:2d
9827,2025-10-13 00:18:55,40:4c:ca:5e:09:2c,-56,null
9828,2025-10-13 00:19:55,40:4c:ca:5e:00:a0,-85,40:4c:ca:5e:09:2d
9829,2025-10-13 00:23:55,40:4c:ca:5e:09:2c,-57,null
9830,2025-10-13 00:24:56,40:4c:ca:5e:00:a0,-86,40:4c:ca:5e:09:2d
9831,2025-10-13 00:28:55,40:4c:ca:5e:09:2c,-56,null
9832,2025-10-13 00:29:56,40:4c:ca:5e:00:a0,-83,40:4c:ca:5e:09:2d
9833,2025-10-13 00:33:55,40:4c:ca:5e:09:2c,-57,null
9834,2025-10-13 00:34:56,40:4c:ca:5e:00:a0,-84,40:4c:ca:5e:09:2d
9835,2025-10-13 00:38:55,40:4c:ca:5e:09:2c,-55,null
9836,2025-10-13 00:39:56,40:4c:ca:5e:00:a0,-84,40:4c:ca:5e:09:2d
9837,2025-10-13 00:43:55,40:4c:ca:5e:09:2c,-56,null
9838,2025-10-13 00:44:56,40:4c:ca:5e:00:a0,-85,40:4c:ca:5e:09:2d
9839,2025-10-13 00:48:56,40:4c:ca:5e:09:2c,-56,null
9840,2025-10-13 00:49:56,40:4c:ca:5e:00:a0,-85,40:4c:ca:5e:09:2d
9841,2025-10-13 00:53:56,40:4c:ca:5e:09:2c,-56,null
9842,2025-10-13 00:54:56,40:4c:ca:5e:00:a0,-84,40:4c:ca:5e:09:2d
9843,2025-10-13 00:58:56,40:4c:ca:5e:09:2c,-55,null
9844,2025-10-13 00:59:56,40:4c:ca:5e:00:a0,-83,40:4c:ca:5e:09:2d
9845,2025-10-13 01:03:56,40:4c:ca:5e:09:2c,-55,null
9846,2025-10-13 01:04:57,40:4c:ca:5e:00:a0,-84,40:4c:ca:5e:09:2d
9847,2025-10-13 01:08:56,40:4c:ca:5e:09:2c,-56,null
9848,2025-10-13 01:09:57,40:4c:ca:5e:00:a0,-83,40:4c:ca:5e:09:2d
9849,2025-10-13 01:13:56,40:4c:ca:5e:09:2c,-56,null
9850,2025-10-13 01:14:57,40:4c:ca:5e:00:a0,-83,40:4c:ca:5e:09:2d
9851,2025-10-13 01:18:56,40:4c:ca:5e:09:2c,-57,null
9852,2025-10-13 01:19:57,40:4c:ca:5e:00:a0,-83,40:4c:ca:5e:09:2d
9853,2025-10-13 01:23:56,40:4c:ca:5e:09:2c,-57,null
9854,2025-10-13 01:24:57,40:4c:ca:5e:00:a0,-85,40:4c:ca:5e:09:2d
9855,2025-10-13 01:28:56,40:4c:ca:5e:09:2c,-56,null
9856,2025-10-13 01:29:57,40:4c:ca:5e:00:a0,-83,40:4c:ca:5e:09:2d
9857,2025-10-13 01:33:56,40:4c:ca:5e:09:2c,-57,null
9858,2025-10-13 01:34:58,40:4c:ca:5e:00:a0,-83,40:4c:ca:5e:09:2d
9859,2025-10-13 01:38:56,40:4c:ca:5e:09:2c,-56,null
9860,2025-10-13 01:39:58,40:4c:ca:5e:00:a0,-84,40:4c:ca:5e:09:2d
9861,2025-10-13 01:43:56,40:4c:ca:5e:09:2c,-56,null
9862,2025-10-13 01:44:58,40:4c:ca:5e:00:a0,-84,40:4c:ca:5e:09:2d
9863,2025-10-13 01:48:56,40:4c:ca:5e:09:2c,-56,null
9864,2025-10-13 01:49:58,40:4c:ca:5e:00:a0,-83,40:4c:ca:5e:09:2d
9865,2025-10-13 01:53:56,40:4c:ca:5e:09:2c,-58,null
9866,2025-10-13 01:54:58,40:4c:ca:5e:00:a0,-83,40:4c:ca:5e:09:2d
9867,2025-10-13 01:58:56,40:4c:ca:5e:09:2c,-57,null
9868,2025-10-13 01:59:58,40:4c:ca:5e:00:a0,-82,40:4c:ca:5e:09:2d
9869,2025-10-13 02:03:56,40:4c:ca:5e:09:2c,-57,null
9870,2025-10-13 02:04:58,40:4c:ca:5e:00:a0,-82,40:4c:ca:5e:09:2d
9871,2025-10-13 02:08:56,40:4c:ca:5e:09:2c,-56,null
9872,2025-10-13 02:09:58,40:4c:ca:5e:00:a0,-83,40:4c:ca:5e:09:2d
9873,2025-10-13 02:13:56,40:4c:ca:5e:09:2c,-57,null
9874,2025-10-13 02:14:59,40:4c:ca:5e:00:a0,-84,40:4c:ca:5e:09:2d
9875,2025-10-13 02:18:56,40:4c:ca:5e:09:2c,-57,null
9876,2025-10-13 02:19:59,40:4c:ca:5e:00:a0,-83,40:4c:ca:5e:09:2d
9877,2025-10-13 02:23:56,40:4c:ca:5e:09:2c,-57,null
9878,2025-10-13 02:24:59,40:4c:ca:5e:00:a0,-82,40:4c:ca:5e:09:2d
9879,2025-10-13 02:28:56,40:4c:ca:5e:09:2c,-56,null
9880,2025-10-13 02:29:59,40:4c:ca:5e:00:a0,-82,40:4c:ca:5e:09:2d
9881,2025-10-13 02:33:56,40:4c:ca:5e:09:2c,-56,null
9882,2025-10-13 02:34:59,40:4c:ca:5e:00:a0,-82,40:4c:ca:5e:09:2d
9883,2025-10-13 02:38:56,40:4c:ca:5e:09:2c,-58,null
9884,2025-10-13 02:39:59,40:4c:ca:5e:00:a0,-83,40:4c:ca:5e:09:2d
9885,2025-10-13 02:43:56,40:4c:ca:5e:09:2c,-56,null
9886,2025-10-13 02:45:00,40:4c:ca:5e:00:a0,-83,40:4c:ca:5e:09:2d
9887,2025-10-13 02:48:56,40:4c:ca:5e:09:2c,-56,null
9888,2025-10-13 02:50:00,40:4c:ca:5e:00:a0,-82,40:4c:ca:5e:09:2d
9889,2025-10-13 02:53:56,40:4c:ca:5e:09:2c,-57,null
9890,2025-10-13 02:55:00,40:4c:ca:5e:00:a0,-84,40:4c:ca:5e:09:2d
9891,2025-10-13 02:58:56,40:4c:ca:5e:09:2c,-56,null
9892,2025-10-13 03:00:00,40:4c:ca:5e:00:a0,-83,40:4c:ca:5e:09:2d
9893,2025-10-13 03:03:56,40:4c:ca:5e:09:2c,-58,null
9894,2025-10-13 03:05:00,40:4c:ca:5e:00:a0,-82,40:4c:ca:5e:09:2d
9895,2025-10-13 03:08:56,40:4c:ca:5e:09:2c,-56,null
9896,2025-10-13 03:10:00,40:4c:ca:5e:00:a0,-83,40:4c:ca:5e:09:2d
9897,2025-10-13 03:13:56,40:4c:ca:5e:09:2c,-56,null
9898,2025-10-13 03:15:00,40:4c:ca:5e:00:a0,-83,40:4c:ca:5e:09:2d
9899,2025-10-13 03:18:56,40:4c:ca:5e:09:2c,-57,null
9900,2025-10-13 03:20:00,40:4c:ca:5e:00:a0,-82,40:4c:ca:5e:09:2d
9901,2025-10-13 03:23:56,40:4c:ca:5e:09:2c,-57,null
9902,2025-10-13 03:25:00,40:4c:ca:5e:00:a0,-82,40:4c:ca:5e:09:2d
9903,2025-10-13 03:27:12,null,,null
9904,2025-10-13 03:28:56,40:4c:ca:5e:09:2c,-56,null
9905,2025-10-13 03:30:00,40:4c:ca:5e:00:a0,-82,40:4c:ca:5e:09:2d
9906,2025-10-13 03:33:56,40:4c:ca:5e:09:2c,-57,null
9907,2025-10-13 03:35:01,40:4c:ca:5e:00:a0,-81,40:4c:ca:5e:09:2d
9908,2025-10-13 03:38:56,40:4c:ca:5e:09:2c,-57,null
9909,2025-10-13 03:40:01,40:4c:ca:5e:00:a0,-82,40:4c:ca:5e:09:2d
9910,2025-10-13 03:43:56,40:4c:ca:5e:09:2c,-56,null
9911,2025-10-13 03:45:01,40:4c:ca:5e:00:a0,-82,40:4c:ca:5e:09:2d
9912,2025-10-13 03:48:56,40:4c:ca:5e:09:2c,-57,null
9913,2025-10-13 03:50:01,40:4c:ca:5e:00:a0,-82,40:4c:ca:5e:09:2d
9914,2025-10-13 03:53:56,40:4c:ca:5e:09:2c,-58,null
9915,2025-10-13 03:55:01,40:4c:ca:5e:00:a0,-82,40:4c:ca:5e:09:2d
9916,2025-10-13 03:58:56,40:4c:ca:5e:09:2c,-57,null
9917,2025-10-13 04:00:01,40:4c:ca:5e:00:a0,-83,40:4c:ca:5e:09:2d
9918,2025-10-13 04:03:56,40:4c:ca:5e:09:2c,-56,null
9919,2025-10-13 04:05:01,40:4c:ca:5e:00:a0,-82,40:4c:ca:5e:09:2d
9920,2025-10-13 04:08:56,40:4c:ca:5e:09:2c,-56,null
9921,2025-10-13 04:10:01,40:4c:ca:5e:00:a0,-82,40:4c:ca:5e:09:2d
9922,2025-10-13 04:13:56,40:4c:ca:5e:09:2c,-57,null
9923,2025-10-13 04:15:02,40:4c:ca:5e:00:a0,-82,40:4c:ca:5e:09:2d
9924,2025-10-13 04:18:56,40:4c:ca:5e:09:2c,-56,null
9925,2025-10-13 04:20:02,40:4c:ca:5e:00:a0,-82,40:4c:ca:5e:09:2d
9926,2025-10-13 04:23:56,40:4c:ca:5e:09:2c,-58,null
9927,2025-10-13 04:25:02,40:4c:ca:5e:00:a0,-83,40:4c:ca:5e:09:2d
9928,2025-10-13 04:28:56,40:4c:ca:5e:09:2c,-57,null
9929,2025-10-13 04:30:02,40:4c:ca:5e:00:a0,-82,40:4c:ca:5e:09:2d
9930,2025-10-13 04:33:56,40:4c:ca:5e:09:2c,-56,null
9931,2025-10-13 04:35:02,40:4c:ca:5e:00:a0,-83,40:4c:ca:5e:09:2d
9932,2025-10-13 04:38:56,40:4c:ca:5e:09:2c,-55,null
9933,2025-10-13 04:40:02,40:4c:ca:5e:00:a0,-82,40:4c:ca:5e:09:2d
9934,2025-10-13 04:43:56,40:4c:ca:5e:09:2c,-58,null
9935,2025-10-13 04:45:03,40:4c:ca:5e:00:a0,-82,40:4c:ca:5e:09:2d
9936,2025-10-13 04:48:57,40:4c:ca:5e:09:2c,-58,null
9937,2025-10-13 04:50:03,40:4c:ca:5e:00:a0,-81,40:4c:ca:5e:09:2d
9938,2025-10-13 04:53:57,40:4c:ca:5e:09:2c,-56,null
9939,2025-10-13 04:55:03,40:4c:ca:5e:00:a0,-83,40:4c:ca:5e:09:2d
9940,2025-10-13 04:58:57,40:4c:ca:5e:09:2c,-58,null
9941,2025-10-13 05:00:03,40:4c:ca:5e:00:a0,-82,40:4c:ca:5e:09:2d
9942,2025-10-13 05:03:57,40:4c:ca:5e:09:2c,-56,null
9943,2025-10-13 05:05:03,40:4c:ca:5e:00:a0,-82,40:4c:ca:5e:09:2d
9944,2025-10-13 05:08:57,40:4c:ca:5e:09:2c,-56,null
9945,2025-10-13 05:10:03,40:4c:ca:5e:00:a0,-82,40:4c:ca:5e:09:2d
9946,2025-10-13 05:13:57,40:4c:ca:5e:09:2c,-56,null
9947,2025-10-13 05:15:03,40:4c:ca:5e:00:a0,-82,40:4c:ca:5e:09:2d
9948,2025-10-13 05:18:57,40:4c:ca:5e:09:2c,-56,null
9949,2025-10-13 05:20:03,40:4c:ca:5e:00:a0,-82,40:4c:ca:5e:09:2d
9950,2025-10-13 05:23:57,40:4c:ca:5e:09:2c,-59,null
9951,2025-10-13 05:25:04,40:4c:ca:5e:00:a0,-82,40:4c:ca:5e:09:2d
9952,2025-10-13 05:28:57,40:4c:ca:5e:09:2c,-59,null
9953,2025-10-13 05:30:04,40:4c:ca:5e:00:a0,-82,40:4c:ca:5e:09:2d
9954,2025-10-13 05:33:57,40:4c:ca:5e:09:2c,-58,null
9955,2025-10-13 05:35:04,40:4c:ca:5e:00:a0,-82,40:4c:ca:5e:09:2d
9956,2025-10-13 05:38:57,40:4c:ca:5e:09:2c,-59,null
9957,2025-10-13 05:40:04,40:4c:ca:5e:00:a0,-83,40:4c:ca:5e:09:2d
9958,2025-10-13 05:43:57,40:4c:ca:5e:09:2c,-57,null
9959,2025-10-13 05:45:04,40:4c:ca:5e:00:a0,-82,40:4c:ca:5e:09:2d
9960,2025-10-13 05:48:57,40:4c:ca:5e:09:2c,-56,null
9961,2025-10-13 05:50:04,40:4c:ca:5e:00:a0,-81,40:4c:ca:5e:09:2d
9962,2025-10-13 05:53:57,40:4c:ca:5e:09:2c,-58,null
9963,2025-10-13 05:55:05,40:4c:ca:5e:00:a0,-82,40:4c:ca:5e:09:2d
9964,2025-10-13 05:58:57,40:4c:ca:5e:09:2c,-58,null
9965,2025-10-13 06:00:05,40:4c:ca:5e:00:a0,-82,40:4c:ca:5e:09:2d
9966,2025-10-13 06:03:57,40:4c:ca:5e:09:2c,-57,null
9967,2025-10-13 06:05:05,40:4c:ca:5e:00:a0,-81,40:4c:ca:5e:09:2d
9968,2025-10-13 06:08:57,40:4c:ca:5e:09:2c,-58,null
9969,2025-10-13 06:10:05,40:4c:ca:5e:00:a0,-82,40:4c:ca:5e:09:2d
9970,2025-10-13 06:13:57,40:4c:ca:5e:09:2c,-58,null
9971,2025-10-13 06:15:05,40:4c:ca:5e:00:a0,-81,40:4c:ca:5e:09:2d
9972,2025-10-13 06:18:57,40:4c:ca:5e:09:2c,-56,null
9973,2025-10-13 06:20:05,40:4c:ca:5e:00:a0,-82,40:4c:ca:5e:09:2d
9974,2025-10-13 06:23:57,40:4c:ca:5e:09:2c,-56,null
9975,2025-10-13 06:25:05,40:4c:ca:5e:00:a0,-82,40:4c:ca:5e:09:2d
9976,2025-10-13 06:28:45,40:4c:ca:5e:00:a0,-82,40:4c:ca:5e:09:2d
9977,2025-10-13 06:28:57,40:4c:ca:5e:09:2c,-56,null
9978,2025-10-13 06:33:45,40:4c:ca:5e:00:a0,-81,40:4c:ca:5e:09:2d
9979,2025-10-13 06:33:57,40:4c:ca:5e:09:2c,-60,null
9980,2025-10-13 06:38:45,40:4c:ca:5e:00:a0,-80,40:4c:ca:5e:09:2d
9981,2025-10-13 06:38:57,40:4c:ca:5e:09:2c,-60,null
9982,2025-10-13 06:43:45,40:4c:ca:5e:00:a0,-80,40:4c:ca:5e:09:2d
9983,2025-10-13 06:43:57,40:4c:ca:5e:09:2c,-56,null
9984,2025-10-13 06:48:45,40:4c:ca:5e:00:a0,-79,40:4c:ca:5e:09:2d
9985,2025-10-13 06:48:57,40:4c:ca:5e:09:2c,-58,null
9986,2025-10-13 06:53:45,40:4c:ca:5e:00:a0,-78,40:4c:ca:5e:09:2d
9987,2025-10-13 06:53:57,40:4c:ca:5e:09:2c,-57,null
9988,2025-10-13 06:58:45,40:4c:ca:5e:00:a0,-79,40:4c:ca:5e:09:2d
9989,2025-10-13 06:58:57,40:4c:ca:5e:09:2c,-61,null
9990,2025-10-13 07:03:46,40:4c:ca:5e:00:a0,-80,40:4c:ca:5e:09:2d
9991,2025-10-13 07:03:57,40:4c:ca:5e:09:2c,-64,null
9992,2025-10-13 07:08:46,40:4c:ca:5e:00:a0,-79,40:4c:ca:5e:09:2d
9993,2025-10-13 07:08:57,40:4c:ca:5e:09:2c,-60,null
9994,2025-10-13 07:13:46,40:4c:ca:5e:00:a0,-79,40:4c:ca:5e:09:2d
9995,2025-10-13 07:13:57,40:4c:ca:5e:09:2c,-60,null
9996,2025-10-13 07:18:46,40:4c:ca:5e:00:a0,-79,40:4c:ca:5e:09:2d
9997,2025-10-13 07:18:57,40:4c:ca:5e:09:2c,-60,null
9998,2025-10-13 07:23:46,40:4c:ca:5e:00:a0,-79,40:4c:ca:5e:09:2d
9999,2025-10-13 07:23:57,40:4c:ca:5e:09:2c,-60,null
10000,2025-10-13 07:28:46,40:4c:ca:5e:00:a0,-78,40:4c:ca:5e:09:2d
10001,2025-10-13 07:28:57,40:4c:ca:5e:09:2c,-60,null
10002,2025-10-13 07:33:46,40:4c:ca:5e:00:a0,-79,40:4c:ca:5e:09:2d
10003,2025-10-13 07:33:57,40:4c:ca:5e:09:2c,-60,null
10004,2025-10-13 07:38:46,40:4c:ca:5e:00:a0,-79,40:4c:ca:5e:09:2d
10005,2025-10-13 07:38:57,40:4c:ca:5e:09:2c,-56,null
10006,2025-10-13 07:43:47,40:4c:ca:5e:00:a0,-79,40:4c:ca:5e:09:2d
10007,2025-10-13 07:43:58,40:4c:ca:5e:09:2c,-60,null
10008,2025-10-13 07:48:47,40:4c:ca:5e:00:a0,-79,40:4c:ca:5e:09:2d
10009,2025-10-13 07:48:57,40:4c:ca:5e:09:2c,-59,null
10010,2025-10-13 07:53:47,40:4c:ca:5e:00:a0,-78,40:4c:ca:5e:09:2d
10011,2025-10-13 07:53:57,40:4c:ca:5e:09:2c,-60,null
10012,2025-10-13 07:58:47,40:4c:ca:5e:00:a0,-79,40:4c:ca:5e:09:2d
10013,2025-10-13 07:58:57,40:4c:ca:5e:09:2c,-60,null
10014,2025-10-13 08:03:47,40:4c:ca:5e:00:a0,-78,40:4c:ca:5e:09:2d
10015,2025-10-13 08:03:57,40:4c:ca:5e:09:2c,-59,null
10016,2025-10-13 08:08:47,40:4c:ca:5e:00:a0,-78,40:4c:ca:5e:09:2d
10017,2025-10-13 08:08:57,40:4c:ca:5e:09:2c,-58,null
10018,2025-10-13 08:13:48,40:4c:ca:5e:00:a0,-78,40:4c:ca:5e:09:2d
10019,2025-10-13 08:13:57,40:4c:ca:5e:09:2c,-56,null
10020,2025-10-13 08:18:48,40:4c:ca:5e:00:a0,-79,40:4c:ca:5e:09:2d
10021,2025-10-13 08:18:57,40:4c:ca:5e:09:2c,-56,null
10022,2025-10-13 08:23:48,40:4c:ca:5e:00:a0,-78,40:4c:ca:5e:09:2d
10023,2025-10-13 08:23:57,40:4c:ca:5e:09:2c,-58,null
10024,2025-10-13 08:28:48,40:4c:ca:5e:00:a0,-79,40:4c:ca:5e:09:2d
10025,2025-10-13 08:28:57,40:4c:ca:5e:09:2c,-58,null
10026,2025-10-13 08:33:48,40:4c:ca:5e:00:a0,-79,40:4c:ca:5e:09:2d
10027,2025-10-13 08:33:57,40:4c:ca:5e:09:2c,-58,null
10028,2025-10-13 08:38:48,40:4c:ca:5e:00:a0,-78,40:4c:ca:5e:09:2d
10029,2025-10-13 08:38:57,40:4c:ca:5e:09:2c,-60,null
10030,2025-10-13 08:43:49,40:4c:ca:5e:00:a0,-79,40:4c:ca:5e:09:2d
10031,2025-10-13 08:43:57,40:4c:ca:5e:09:2c,-57,null
10032,2025-10-13 08:48:49,40:4c:ca:5e:00:a0,-78,40:4c:ca:5e:09:2d
10033,2025-10-13 08:48:57,40:4c:ca:5e:09:2c,-57,null
10034,2025-10-13 08:53:49,40:4c:ca:5e:00:a0,-78,40:4c:ca:5e:09:2d
10035,2025-10-13 08:53:58,40:4c:ca:5e:09:2c,-58,null
10036,2025-10-13 08:58:49,40:4c:ca:5e:00:a0,-79,40:4c:ca:5e:09:2d
10037,2025-10-13 08:58:58,40:4c:ca:5e:09:2c,-59,null
10038,2025-10-13 09:03:49,40:4c:ca:5e:00:a0,-88,40:4c:ca:5e:09:2d
10039,2025-10-13 09:03:58,40:4c:ca:5e:09:2c,-55,null
10040,2025-10-13 09:08:49,40:4c:ca:5e:00:a0,-78,40:4c:ca:5e:09:2d
10041,2025-10-13 09:08:58,40:4c:ca:5e:09:2c,-56,null
10042,2025-10-13 09:13:49,40:4c:ca:5e:00:a0,-78,40:4c:ca:5e:09:2d
10043,2025-10-13 09:13:58,40:4c:ca:5e:09:2c,-59,null
10044,2025-10-13 09:18:49,40:4c:ca:5e:00:a0,-78,40:4c:ca:5e:09:2d
10045,2025-10-13 09:18:58,40:4c:ca:5e:09:2c,-56,null
10046,2025-10-13 09:23:50,40:4c:ca:5e:00:a0,-78,40:4c:ca:5e:09:2d
10047,2025-10-13 09:23:58,40:4c:ca:5e:09:2c,-57,null
10048,2025-10-13 09:28:50,40:4c:ca:5e:00:a0,-78,40:4c:ca:5e:09:2d
10049,2025-10-13 09:28:58,40:4c:ca:5e:09:2c,-56,null
10050,2025-10-13 09:33:50,40:4c:ca:5e:00:a0,-79,40:4c:ca:5e:09:2d
10051,2025-10-13 09:33:58,40:4c:ca:5e:09:2c,-56,null
10052,2025-10-13 09:38:50,40:4c:ca:5e:00:a0,-78,40:4c:ca:5e:09:2d
10053,2025-10-13 09:38:58,40:4c:ca:5e:09:2c,-56,null
10054,2025-10-13 09:43:50,40:4c:ca:5e:00:a0,-79,40:4c:ca:5e:09:2d
10055,2025-10-13 09:43:58,40:4c:ca:5e:09:2c,-59,null
10056,2025-10-13 09:48:50,40:4c:ca:5e:00:a0,-79,40:4c:ca:5e:09:2d
10057,2025-10-13 09:48:58,40:4c:ca:5e:09:2c,-56,null
10058,2025-10-13 09:53:50,40:4c:ca:5e:00:a0,-79,40:4c:ca:5e:09:2d
10059,2025-10-13 09:53:58,40:4c:ca:5e:09:2c,-58,null
10060,2025-10-13 09:58:51,40:4c:ca:5e:00:a0,-79,40:4c:ca:5e:09:2d
10061,2025-10-13 09:58:58,40:4c:ca:5e:09:2c,-56,null
10062,2025-10-13 10:03:51,40:4c:ca:5e:00:a0,-79,40:4c:ca:5e:09:2d
10063,2025-10-13 10:03:58,40:4c:ca:5e:09:2c,-57,null
10064,2025-10-13 10:08:51,40:4c:ca:5e:00:a0,-79,40:4c:ca:5e:09:2d
10065,2025-10-13 10:08:58,40:4c:ca:5e:09:2c,-58,null
10066,2025-10-13 10:13:51,40:4c:ca:5e:00:a0,-79,40:4c:ca:5e:09:2d
10067,2025-10-13 10:13:58,40:4c:ca:5e:09:2c,-56,null
10068,2025-10-13 10:18:51,40:4c:ca:5e:00:a0,-78,40:4c:ca:5e:09:2d
10069,2025-10-13 10:18:58,40:4c:ca:5e:09:2c,-57,null
10070,2025-10-13 10:23:51,40:4c:ca:5e:00:a0,-79,40:4c:ca:5e:09:2d
10071,2025-10-13 10:23:58,40:4c:ca:5e:09:2c,-57,null
10072,2025-10-13 10:28:51,40:4c:ca:5e:00:a0,-80,40:4c:ca:5e:09:2d
10073,2025-10-13 10:28:58,40:4c:ca:5e:09:2c,-58,null
10074,2025-10-13 10:33:51,40:4c:ca:5e:00:a0,-78,40:4c:ca:5e:09:2d
10075,2025-10-13 10:33:58,40:4c:ca:5e:09:2c,-57,null
10076,2025-10-13 10:38:52,40:4c:ca:5e:00:a0,-78,40:4c:ca:5e:09:2d
10077,2025-10-13 10:38:58,40:4c:ca:5e:09:2c,-56,null
10078,2025-10-13 10:43:52,40:4c:ca:5e:00:a0,-78,40:4c:ca:5e:09:2d
10079,2025-10-13 10:43:58,40:4c:ca:5e:09:2c,-58,null
10080,2025-10-13 10:48:52,40:4c:ca:5e:00:a0,-77,40:4c:ca:5e:09:2d
10081,2025-10-13 10:48:58,40:4c:ca:5e:09:2c,-55,null
10082,2025-10-13 10:53:52,40:4c:ca:5e:00:a0,-79,40:4c:ca:5e:09:2d
10083,2025-10-13 10:53:58,40:4c:ca:5e:09:2c,-58,null
10084,2025-10-13 10:58:52,40:4c:ca:5e:00:a0,-78,40:4c:ca:5e:09:2d
10085,2025-10-13 10:58:58,40:4c:ca:5e:09:2c,-57,null
10086,2025-10-13 11:03:52,40:4c:ca:5e:00:a0,-78,40:4c:ca:5e:09:2d
10087,2025-10-13 11:03:58,40:4c:ca:5e:09:2c,-58,null
10088,2025-10-13 11:08:53,40:4c:ca:5e:00:a0,-79,40:4c:ca:5e:09:2d
10089,2025-10-13 11:08:58,40:4c:ca:5e:09:2c,-56,null
10090,2025-10-13 11:13:52,40:4c:ca:5e:00:a0,-78,40:4c:ca:5e:09:2d
10091,2025-10-13 11:13:59,40:4c:ca:5e:09:2c,-59,null
10092,2025-10-13 11:18:53,40:4c:ca:5e:00:a0,-79,40:4c:ca:5e:09:2d
10093,2025-10-13 11:18:58,40:4c:ca:5e:09:2c,-57,null
10094,2025-10-13 11:23:53,40:4c:ca:5e:00:a0,-78,40:4c:ca:5e:09:2d
10095,2025-10-13 11:23:58,40:4c:ca:5e:09:2c,-57,null
10096,2025-10-13 11:28:53,40:4c:ca:5e:00:a0,-79,40:4c:ca:5e:09:2d
10097,2025-10-13 11:28:58,40:4c:ca:5e:09:2c,-58,null
10098,2025-10-13 11:33:53,40:4c:ca:5e:00:a0,-79,40:4c:ca:5e:09:2d
10099,2025-10-13 11:33:58,40:4c:ca:5e:09:2c,-57,null
10100,2025-10-13 11:38:53,40:4c:ca:5e:00:a0,-78,40:4c:ca:5e:09:2d
10101,2025-10-13 11:38:58,40:4c:ca:5e:09:2c,-59,null
10102,2025-10-13 11:43:53,40:4c:ca:5e:00:a0,-78,40:4c:ca:5e:09:2d
10103,2025-10-13 11:43:58,40:4c:ca:5e:09:2c,-60,null
10104,2025-10-13 11:48:54,40:4c:ca:5e:00:a0,-78,40:4c:ca:5e:09:2d
10105,2025-10-13 11:48:58,40:4c:ca:5e:09:2c,-58,null
10106,2025-10-13 11:53:54,40:4c:ca:5e:00:a0,-78,40:4c:ca:5e:09:2d
10107,2025-10-13 11:53:58,40:4c:ca:5e:09:2c,-59,null
10108,2025-10-13 11:58:54,40:4c:ca:5e:00:a0,-78,40:4c:ca:5e:09:2d
10109,2025-10-13 11:58:58,40:4c:ca:5e:09:2c,-59,null
10110,2025-10-13 12:03:54,40:4c:ca:5e:00:a0,-78,40:4c:ca:5e:09:2d
10111,2025-10-13 12:03:58,40:4c:ca:5e:09:2c,-60,null
10112,2025-10-13 12:08:54,40:4c:ca:5e:00:a0,-78,40:4c:ca:5e:09:2d
10113,2025-10-13 12:08:58,40:4c:ca:5e:09:2c,-60,null
10114,2025-10-13 12:13:54,40:4c:ca:5e:00:a0,-80,40:4c:ca:5e:09:2d
10115,2025-10-13 12:13:58,40:4c:ca:5e:09:2c,-57,null
10116,2025-10-13 12:18:54,40:4c:ca:5e:00:a0,-80,40:4c:ca:5e:09:2d
10117,2025-10-13 12:18:58,40:4c:ca:5e:09:2c,-62,null
10118,2025-10-13 12:23:54,40:4c:ca:5e:00:a0,-77,40:4c:ca:5e:09:2d
10119,2025-10-13 12:23:58,40:4c:ca:5e:09:2c,-59,null
10120,2025-10-13 12:28:55,40:4c:ca:5e:00:a0,-77,40:4c:ca:5e:09:2d
10121,2025-10-13 12:28:58,40:4c:ca:5e:09:2c,-56,null
10122,2025-10-13 12:33:55,40:4c:ca:5e:00:a0,-77,40:4c:ca:5e:09:2d
10123,2025-10-13 12:33:58,40:4c:ca:5e:09:2c,-61,null
10124,2025-10-13 12:38:55,40:4c:ca:5e:00:a0,-77,40:4c:ca:5e:09:2d
10125,2025-10-13 12:38:58,40:4c:ca:5e:09:2c,-59,null
10126,2025-10-13 12:43:55,40:4c:ca:5e:00:a0,-78,40:4c:ca:5e:09:2d
10127,2025-10-13 12:43:59,40:4c:ca:5e:09:2c,-57,null
10128,2025-10-13 12:48:55,40:4c:ca:5e:00:a0,-79,40:4c:ca:5e:09:2d
10129,2025-10-13 12:48:59,40:4c:ca:5e:09:2c,-59,null
10130,2025-10-13 12:53:55,40:4c:ca:5e:00:a0,-84,40:4c:ca:5e:09:2d
10131,2025-10-13 12:53:59,40:4c:ca:5e:09:2c,-53,null
10132,2025-10-13 12:58:56,40:4c:ca:5e:00:a0,-79,40:4c:ca:5e:09:2d
10133,2025-10-13 12:58:59,40:4c:ca:5e:09:2c,-56,null
10134,2025-10-13 13:03:56,40:4c:ca:5e:00:a0,-80,40:4c:ca:5e:09:2d
10135,2025-10-13 13:03:59,40:4c:ca:5e:09:2c,-56,null
10136,2025-10-13 13:08:56,40:4c:ca:5e:00:a0,-79,40:4c:ca:5e:09:2d
10137,2025-10-13 13:08:59,40:4c:ca:5e:09:2c,-57,null
10138,2025-10-13 13:13:56,40:4c:ca:5e:00:a0,-80,40:4c:ca:5e:09:2d
10139,2025-10-13 13:13:59,40:4c:ca:5e:09:2c,-58,null
10140,2025-10-13 13:18:56,40:4c:ca:5e:00:a0,-79,40:4c:ca:5e:09:2d
10141,2025-10-13 13:18:59,40:4c:ca:5e:09:2c,-57,null
10142,2025-10-13 13:23:56,40:4c:ca:5e:00:a0,-79,40:4c:ca:5e:09:2d
10143,2025-10-13 13:23:59,40:4c:ca:5e:09:2c,-57,null
10144,2025-10-13 13:28:57,40:4c:ca:5e:00:a0,-80,40:4c:ca:5e:09:2d
10145,2025-10-13 13:28:59,40:4c:ca:5e:09:2c,-56,null
10146,2025-10-13 13:33:56,40:4c:ca:5e:00:a0,-80,40:4c:ca:5e:09:2d
10147,2025-10-13 13:33:59,40:4c:ca:5e:09:2c,-56,null
10148,2025-10-13 13:38:57,40:4c:ca:5e:00:a0,-79,40:4c:ca:5e:09:2d
10149,2025-10-13 13:38:59,40:4c:ca:5e:09:2c,-56,null
10150,2025-10-13 13:43:57,40:4c:ca:5e:00:a0,-80,40:4c:ca:5e:09:2d
10151,2025-10-13 13:43:59,40:4c:ca:5e:09:2c,-57,null
10152,2025-10-13 13:48:57,40:4c:ca:5e:00:a0,-79,40:4c:ca:5e:09:2d
10153,2025-10-13 13:48:59,40:4c:ca:5e:09:2c,-57,null
10154,2025-10-13 13:53:57,40:4c:ca:5e:00:a0,-80,40:4c:ca:5e:09:2d
10155,2025-10-13 13:53:59,40:4c:ca:5e:09:2c,-57,null
10156,2025-10-13 13:58:57,40:4c:ca:5e:00:a0,-80,40:4c:ca:5e:09:2d
10157,2025-10-13 13:58:59,40:4c:ca:5e:09:2c,-59,null
10158,2025-10-13 14:00:44,null,,null
10159,2025-10-13 14:03:57,40:4c:ca:5e:00:a0,-80,40:4c:ca:5e:09:2d
10160,2025-10-13 14:03:59,40:4c:ca:5e:09:2c,-57,null
10161,2025-10-13 14:08:58,40:4c:ca:5e:00:a0,-80,40:4c:ca:5e:09:2d
10162,2025-10-13 14:08:59,40:4c:ca:5e:09:2c,-57,null
10163,2025-10-13 14:13:57,40:4c:ca:5e:00:a0,-80,40:4c:ca:5e:09:2d
10164,2025-10-13 14:13:59,40:4c:ca:5e:09:2c,-56,null
10165,2025-10-13 14:18:58,40:4c:ca:5e:00:a0,-80,40:4c:ca:5e:09:2d
10166,2025-10-13 14:18:59,40:4c:ca:5e:09:2c,-57,null
10167,2025-10-13 14:23:58,40:4c:ca:5e:00:a0,-80,40:4c:ca:5e:09:2d
10168,2025-10-13 14:23:59,40:4c:ca:5e:09:2c,-61,null
10169,2025-10-13 14:28:58,40:4c:ca:5e:00:a0,-80,40:4c:ca:5e:09:2d
10170,2025-10-13 14:28:59,40:4c:ca:5e:09:2c,-57,null
10171,2025-10-13 14:33:58,40:4c:ca:5e:00:a0,-80,40:4c:ca:5e:09:2d
10172,2025-10-13 14:33:59,40:4c:ca:5e:09:2c,-57,null
10173,2025-10-13 14:38:58,40:4c:ca:5e:00:a0,-80,40:4c:ca:5e:09:2d
10174,2025-10-13 14:38:59,40:4c:ca:5e:09:2c,-58,null
10175,2025-10-13 14:43:58,40:4c:ca:5e:00:a0,-80,40:4c:ca:5e:09:2d
10176,2025-10-13 14:43:59,40:4c:ca:5e:09:2c,-56,null
10177,2025-10-13 14:48:59,40:4c:ca:5e:00:a0,-80,40:4c:ca:5e:09:2d
10178,2025-10-13 14:48:59,40:4c:ca:5e:09:2c,-58,null
10179,2025-10-13 14:53:59,40:4c:ca:5e:00:a0,-79,40:4c:ca:5e:09:2d
10180,2025-10-13 14:53:59,40:4c:ca:5e:09:2c,-61,null
10181,2025-10-13 14:58:59,40:4c:ca:5e:00:a0,-79,40:4c:ca:5e:09:2d
10182,2025-10-13 14:58:59,40:4c:ca:5e:09:2c,-57,null
10183,2025-10-13 15:03:59,40:4c:ca:5e:09:2c,-57,null
10184,2025-10-13 15:03:59,40:4c:ca:5e:00:a0,-79,40:4c:ca:5e:09:2d
10185,2025-10-13 15:08:59,40:4c:ca:5e:09:2c,-57,null
10186,2025-10-13 15:08:59,40:4c:ca:5e:00:a0,-79,40:4c:ca:5e:09:2d
10187,2025-10-13 15:13:59,40:4c:ca:5e:09:2c,-61,null
10188,2025-10-13 15:13:59,40:4c:ca:5e:00:a0,-79,40:4c:ca:5e:09:2d
10189,2025-10-13 15:18:59,40:4c:ca:5e:09:2c,-61,null
10190,2025-10-13 15:18:59,40:4c:ca:5e:00:a0,-79,40:4c:ca:5e:09:2d
10191,2025-10-13 15:23:59,40:4c:ca:5e:09:2c,-61,null
10192,2025-10-13 15:23:59,40:4c:ca:5e:00:a0,-80,40:4c:ca:5e:09:2d
10193,2025-10-13 15:28:59,40:4c:ca:5e:09:2c,-61,null
10194,2025-10-13 15:29:00,40:4c:ca:5e:00:a0,-79,40:4c:ca:5e:09:2d
10195,2025-10-13 15:33:59,40:4c:ca:5e:09:2c,-56,null
10196,2025-10-13 15:34:00,40:4c:ca:5e:00:a0,-79,40:4c:ca:5e:09:2d
10197,2025-10-13 15:38:59,40:4c:ca:5e:09:2c,-61,null
10198,2025-10-13 15:39:00,40:4c:ca:5e:00:a0,-79,40:4c:ca:5e:09:2d
10199,2025-10-13 15:43:59,40:4c:ca:5e:09:2c,-56,null
10200,2025-10-13 15:44:00,40:4c:ca:5e:00:a0,-79,40:4c:ca:5e:09:2d
10201,2025-10-13 15:48:59,40:4c:ca:5e:09:2c,-61,null
10202,2025-10-13 15:49:00,40:4c:ca:5e:00:a0,-79,40:4c:ca:5e:09:2d
10203,2025-10-13 15:53:59,40:4c:ca:5e:09:2c,-57,null
10204,2025-10-13 15:54:00,40:4c:ca:5e:00:a0,-79,40:4c:ca:5e:09:2d
10205,2025-10-13 15:58:59,40:4c:ca:5e:09:2c,-60,null
10206,2025-10-13 15:59:01,40:4c:ca:5e:00:a0,-79,40:4c:ca:5e:09:2d
10207,2025-10-13 16:03:59,40:4c:ca:5e:09:2c,-57,null
10208,2025-10-13 16:04:01,40:4c:ca:5e:00:a0,-80,40:4c:ca:5e:09:2d
10209,2025-10-13 16:08:59,40:4c:ca:5e:09:2c,-57,null
10210,2025-10-13 16:09:01,40:4c:ca:5e:00:a0,-80,40:4c:ca:5e:09:2d
10211,2025-10-13 16:13:59,40:4c:ca:5e:09:2c,-56,null
10212,2025-10-13 16:14:01,40:4c:ca:5e:00:a0,-80,40:4c:ca:5e:09:2d
10213,2025-10-13 16:18:59,40:4c:ca:5e:09:2c,-61,null
10214,2025-10-13 16:19:01,40:4c:ca:5e:00:a0,-80,40:4c:ca:5e:09:2d
10215,2025-10-13 16:23:59,40:4c:ca:5e:09:2c,-56,null
10216,2025-10-13 16:24:01,40:4c:ca:5e:00:a0,-80,40:4c:ca:5e:09:2d
10217,2025-10-13 16:28:59,40:4c:ca:5e:09:2c,-56,null
10218,2025-10-13 16:29:01,40:4c:ca:5e:00:a0,-80,40:4c:ca:5e:09:2d
10219,2025-10-13 16:33:59,40:4c:ca:5e:09:2c,-56,null
10220,2025-10-13 16:34:01,40:4c:ca:5e:00:a0,-79,40:4c:ca:5e:09:2d
10221,2025-10-13 16:38:59,40:4c:ca:5e:09:2c,-61,null
10222,2025-10-13 16:39:02,40:4c:ca:5e:00:a0,-80,40:4c:ca:5e:09:2d
10223,2025-10-13 16:43:59,40:4c:ca:5e:09:2c,-56,null
10224,2025-10-13 16:44:02,40:4c:ca:5e:00:a0,-80,40:4c:ca:5e:09:2d
10225,2025-10-13 16:49:00,40:4c:ca:5e:09:2c,-56,null
10226,2025-10-13 16:49:02,40:4c:ca:5e:00:a0,-78,40:4c:ca:5e:09:2d
10227,2025-10-13 16:54:00,40:4c:ca:5e:09:2c,-61,null
10228,2025-10-13 16:54:02,40:4c:ca:5e:00:a0,-80,40:4c:ca:5e:09:2d
10229,2025-10-13 16:59:00,40:4c:ca:5e:09:2c,-61,null
10230,2025-10-13 16:59:02,40:4c:ca:5e:00:a0,-79,40:4c:ca:5e:09:2d
10231,2025-10-13 17:04:00,40:4c:ca:5e:09:2c,-56,null
10232,2025-10-13 17:04:02,40:4c:ca:5e:00:a0,-79,40:4c:ca:5e:09:2d
10233,2025-10-13 17:09:00,40:4c:ca:5e:09:2c,-57,null
10234,2025-10-13 17:09:03,40:4c:ca:5e:00:a0,-80,40:4c:ca:5e:09:2d
10235,2025-10-13 17:14:00,40:4c:ca:5e:09:2c,-60,null
10236,2025-10-13 17:14:02,40:4c:ca:5e:00:a0,-80,40:4c:ca:5e:09:2d
10237,2025-10-13 17:19:00,40:4c:ca:5e:09:2c,-56,null
10238,2025-10-13 17:19:03,40:4c:ca:5e:00:a0,-79,40:4c:ca:5e:09:2d
10239,2025-10-13 17:24:00,40:4c:ca:5e:09:2c,-57,null
10240,2025-10-13 17:24:03,40:4c:ca:5e:00:a0,-79,40:4c:ca:5e:09:2d
10241,2025-10-13 17:29:00,40:4c:ca:5e:09:2c,-63,null
10242,2025-10-13 17:29:03,40:4c:ca:5e:00:a0,-78,40:4c:ca:5e:09:2d
10243,2025-10-13 17:34:00,40:4c:ca:5e:09:2c,-62,null
10244,2025-10-13 17:34:03,40:4c:ca:5e:00:a0,-78,40:4c:ca:5e:09:2d
10245,2025-10-13 17:39:00,40:4c:ca:5e:09:2c,-65,null
10246,2025-10-13 17:39:03,40:4c:ca:5e:00:a0,-78,40:4c:ca:5e:09:2d
10247,2025-10-13 17:44:00,40:4c:ca:5e:09:2c,-65,null
10248,2025-10-13 17:44:03,40:4c:ca:5e:00:a0,-79,40:4c:ca:5e:09:2d
10249,2025-10-13 17:49:00,40:4c:ca:5e:09:2c,-63,null
10250,2025-10-13 17:54:00,40:4c:ca:5e:09:2c,-59,null
10251,2025-10-13 17:59:00,40:4c:ca:5e:09:2c,-56,null
10252,2025-10-13 18:04:00,40:4c:ca:5e:09:2c,-56,null
10253,2025-10-13 18:04:02,40:4c:ca:5e:00:a0,-80,40:4c:ca:5e:09:2d
10254,2025-10-13 18:09:00,40:4c:ca:5e:09:2c,-60,null
10255,2025-10-13 18:09:02,40:4c:ca:5e:00:a0,-77,40:4c:ca:5e:09:2d
10256,2025-10-13 18:14:00,40:4c:ca:5e:09:2c,-60,null
10257,2025-10-13 18:14:02,40:4c:ca:5e:00:a0,-76,40:4c:ca:5e:09:2d
10258,2025-10-13 18:19:00,40:4c:ca:5e:09:2c,-61,null
10259,2025-10-13 18:19:03,40:4c:ca:5e:00:a0,-76,40:4c:ca:5e:09:2d
10260,2025-10-13 18:24:00,40:4c:ca:5e:09:2c,-61,null
10261,2025-10-13 18:24:03,40:4c:ca:5e:00:a0,-76,40:4c:ca:5e:09:2d
10262,2025-10-13 18:29:00,40:4c:ca:5e:09:2c,-61,null
10263,2025-10-13 18:29:03,40:4c:ca:5e:00:a0,-76,40:4c:ca:5e:09:2d
10264,2025-10-13 18:34:00,40:4c:ca:5e:09:2c,-61,null
10265,2025-10-13 18:34:03,40:4c:ca:5e:00:a0,-76,40:4c:ca:5e:09:2d
10266,2025-10-13 18:39:00,40:4c:ca:5e:09:2c,-61,null
10267,2025-10-13 18:39:03,40:4c:ca:5e:00:a0,-77,40:4c:ca:5e:09:2d
10268,2025-10-13 18:44:00,40:4c:ca:5e:09:2c,-61,null
10269,2025-10-13 18:44:03,40:4c:ca:5e:00:a0,-76,40:4c:ca:5e:09:2d
10270,2025-10-13 18:49:00,40:4c:ca:5e:09:2c,-61,null
10271,2025-10-13 18:49:03,40:4c:ca:5e:00:a0,-76,40:4c:ca:5e:09:2d
10272,2025-10-13 18:54:00,40:4c:ca:5e:09:2c,-61,null
10273,2025-10-13 18:54:03,40:4c:ca:5e:00:a0,-76,40:4c:ca:5e:09:2d
10274,2025-10-13 18:59:00,40:4c:ca:5e:09:2c,-61,null
10275,2025-10-13 18:59:04,40:4c:ca:5e:00:a0,-75,40:4c:ca:5e:09:2d
10276,2025-10-13 19:04:00,40:4c:ca:5e:09:2c,-61,null
10277,2025-10-13 19:04:04,40:4c:ca:5e:00:a0,-76,40:4c:ca:5e:09:2d
10278,2025-10-13 19:09:00,40:4c:ca:5e:09:2c,-61,null
10279,2025-10-13 19:09:04,40:4c:ca:5e:00:a0,-76,40:4c:ca:5e:09:2d
10280,2025-10-13 19:14:00,40:4c:ca:5e:09:2c,-61,null
10281,2025-10-13 19:14:04,40:4c:ca:5e:00:a0,-76,40:4c:ca:5e:09:2d
10282,2025-10-13 19:19:00,40:4c:ca:5e:09:2c,-61,null
10283,2025-10-13 19:19:04,40:4c:ca:5e:00:a0,-76,40:4c:ca:5e:09:2d
10284,2025-10-13 19:24:00,40:4c:ca:5e:09:2c,-61,null
10285,2025-10-13 19:24:04,40:4c:ca:5e:00:a0,-76,40:4c:ca:5e:09:2d
10286,2025-10-13 19:29:00,40:4c:ca:5e:09:2c,-61,null
10287,2025-10-13 19:29:04,40:4c:ca:5e:00:a0,-76,40:4c:ca:5e:09:2d
10288,2025-10-13 19:34:00,40:4c:ca:5e:09:2c,-61,null
10289,2025-10-13 19:34:05,40:4c:ca:5e:00:a0,-76,40:4c:ca:5e:09:2d
10290,2025-10-13 19:39:00,40:4c:ca:5e:09:2c,-61,null
10291,2025-10-13 19:39:05,40:4c:ca:5e:00:a0,-76,40:4c:ca:5e:09:2d
10292,2025-10-13 19:44:00,40:4c:ca:5e:09:2c,-61,null
10293,2025-10-13 19:44:05,40:4c:ca:5e:00:a0,-76,40:4c:ca:5e:09:2d
10294,2025-10-13 19:49:00,40:4c:ca:5e:09:2c,-61,null
10295,2025-10-13 19:49:05,40:4c:ca:5e:00:a0,-76,40:4c:ca:5e:09:2d
10296,2025-10-13 19:54:00,40:4c:ca:5e:09:2c,-62,null
10297,2025-10-13 19:54:05,40:4c:ca:5e:00:a0,-75,40:4c:ca:5e:09:2d
10298,2025-10-13 19:59:00,40:4c:ca:5e:09:2c,-62,null
10299,2025-10-13 19:59:05,40:4c:ca:5e:00:a0,-76,40:4c:ca:5e:09:2d
10300,2025-10-13 20:04:00,40:4c:ca:5e:09:2c,-61,null
10301,2025-10-13 20:04:06,40:4c:ca:5e:00:a0,-76,40:4c:ca:5e:09:2d
10302,2025-10-13 20:09:00,40:4c:ca:5e:09:2c,-61,null
10303,2025-10-13 20:09:06,40:4c:ca:5e:00:a0,-76,40:4c:ca:5e:09:2d
10304,2025-10-13 20:14:00,40:4c:ca:5e:09:2c,-61,null
10305,2025-10-13 20:14:06,40:4c:ca:5e:00:a0,-76,40:4c:ca:5e:09:2d
10306,2025-10-13 20:19:00,40:4c:ca:5e:09:2c,-62,null
10307,2025-10-13 20:19:06,40:4c:ca:5e:00:a0,-76,40:4c:ca:5e:09:2d
10308,2025-10-13 20:24:00,40:4c:ca:5e:09:2c,-62,null
10309,2025-10-13 20:24:06,40:4c:ca:5e:00:a0,-76,40:4c:ca:5e:09:2d
10310,2025-10-13 20:29:00,40:4c:ca:5e:09:2c,-62,null
10311,2025-10-13 20:29:06,40:4c:ca:5e:00:a0,-76,40:4c:ca:5e:09:2d
10312,2025-10-13 20:34:00,40:4c:ca:5e:09:2c,-61,null
10313,2025-10-13 20:34:06,40:4c:ca:5e:00:a0,-76,40:4c:ca:5e:09:2d
10314,2025-10-13 20:39:00,40:4c:ca:5e:09:2c,-62,null
10315,2025-10-13 20:39:06,40:4c:ca:5e:00:a0,-76,40:4c:ca:5e:09:2d
10316,2025-10-13 20:44:00,40:4c:ca:5e:09:2c,-61,null
10317,2025-10-13 20:44:07,40:4c:ca:5e:00:a0,-76,40:4c:ca:5e:09:2d
10318,2025-10-13 20:49:01,40:4c:ca:5e:09:2c,-62,null
10319,2025-10-13 20:49:07,40:4c:ca:5e:00:a0,-76,40:4c:ca:5e:09:2d
10320,2025-10-13 20:54:01,40:4c:ca:5e:09:2c,-61,null
10321,2025-10-13 20:54:07,40:4c:ca:5e:00:a0,-76,40:4c:ca:5e:09:2d
10322,2025-10-13 20:59:01,40:4c:ca:5e:09:2c,-62,null
10323,2025-10-13 20:59:07,40:4c:ca:5e:00:a0,-76,40:4c:ca:5e:09:2d
10324,2025-10-13 21:04:01,40:4c:ca:5e:09:2c,-61,null
10325,2025-10-13 21:04:07,40:4c:ca:5e:00:a0,-76,40:4c:ca:5e:09:2d
10326,2025-10-13 21:09:01,40:4c:ca:5e:09:2c,-60,null
10327,2025-10-13 21:09:07,40:4c:ca:5e:00:a0,-76,40:4c:ca:5e:09:2d
10328,2025-10-13 21:14:01,40:4c:ca:5e:09:2c,-62,null
10329,2025-10-13 21:14:07,40:4c:ca:5e:00:a0,-76,40:4c:ca:5e:09:2d
10330,2025-10-13 21:19:21,40:4c:ca:5e:09:2c,-62,null
10331,2025-10-13 21:19:21,40:4c:ca:5e:00:a0,-76,40:4c:ca:5e:09:2d
10332,2025-10-13 21:24:05,40:4c:ca:5e:09:2c,-61,null
10333,2025-10-13 21:24:08,40:4c:ca:5e:00:a0,-76,40:4c:ca:5e:09:2d
10334,2025-10-13 21:29:05,40:4c:ca:5e:09:2c,-62,null
10335,2025-10-13 21:29:08,40:4c:ca:5e:00:a0,-76,40:4c:ca:5e:09:2d
10336,2025-10-13 21:34:05,40:4c:ca:5e:09:2c,-62,null
10337,2025-10-13 21:34:10,40:4c:ca:5e:00:a0,-76,40:4c:ca:5e:09:2d
10338,2025-10-13 21:34:11,40:4c:ca:5e:00:a0,-76,40:4c:ca:5e:09:2d
10339,2025-10-13 21:39:05,40:4c:ca:5e:09:2c,-61,null
10340,2025-10-13 21:39:08,40:4c:ca:5e:00:a0,-76,40:4c:ca:5e:09:2d
10341,2025-10-13 21:44:05,40:4c:ca:5e:09:2c,-62,null
10342,2025-10-13 21:44:08,40:4c:ca:5e:00:a0,-75,40:4c:ca:5e:09:2d
10343,2025-10-13 21:49:05,40:4c:ca:5e:09:2c,-61,null
10344,2025-10-13 21:49:08,40:4c:ca:5e:00:a0,-76,40:4c:ca:5e:09:2d
10345,2025-10-13 21:54:05,40:4c:ca:5e:09:2c,-61,null
10346,2025-10-13 21:54:09,40:4c:ca:5e:00:a0,-76,40:4c:ca:5e:09:2d
10347,2025-10-13 21:59:05,40:4c:ca:5e:09:2c,-61,null
10348,2025-10-13 21:59:09,40:4c:ca:5e:00:a0,-76,40:4c:ca:5e:09:2d
10349,2025-10-13 22:04:05,40:4c:ca:5e:09:2c,-62,null
10350,2025-10-13 22:04:09,40:4c:ca:5e:00:a0,-76,40:4c:ca:5e:09:2d
10351,2025-10-13 22:09:05,40:4c:ca:5e:09:2c,-61,null
10352,2025-10-13 22:09:09,40:4c:ca:5e:00:a0,-76,40:4c:ca:5e:09:2d
10353,2025-10-13 22:14:05,40:4c:ca:5e:09:2c,-62,null
10354,2025-10-13 22:14:09,40:4c:ca:5e:00:a0,-76,40:4c:ca:5e:09:2d
10355,2025-10-13 22:19:05,40:4c:ca:5e:09:2c,-62,null
10356,2025-10-13 22:19:09,40:4c:ca:5e:00:a0,-76,40:4c:ca:5e:09:2d
10357,2025-10-13 22:24:05,40:4c:ca:5e:09:2c,-61,null
10358,2025-10-13 22:24:09,40:4c:ca:5e:00:a0,-76,40:4c:ca:5e:09:2d
10359,2025-10-13 22:29:05,40:4c:ca:5e:09:2c,-62,null
10360,2025-10-13 22:29:09,40:4c:ca:5e:00:a0,-76,40:4c:ca:5e:09:2d
10361,2025-10-13 22:34:05,40:4c:ca:5e:09:2c,-58,null
10362,2025-10-13 22:34:10,40:4c:ca:5e:00:a0,-76,40:4c:ca:5e:09:2d
10363,2025-10-13 22:39:05,40:4c:ca:5e:09:2c,-58,null
10364,2025-10-13 22:39:10,40:4c:ca:5e:00:a0,-76,40:4c:ca:5e:09:2d
10365,2025-10-13 22:44:05,40:4c:ca:5e:09:2c,-59,null
10366,2025-10-13 22:44:10,40:4c:ca:5e:00:a0,-75,40:4c:ca:5e:09:2d
10367,2025-10-13 22:49:05,40:4c:ca:5e:09:2c,-57,null
10368,2025-10-13 22:49:10,40:4c:ca:5e:00:a0,-75,40:4c:ca:5e:09:2d
10369,2025-10-13 22:54:05,40:4c:ca:5e:09:2c,-58,null
10370,2025-10-13 22:54:10,40:4c:ca:5e:00:a0,-76,40:4c:ca:5e:09:2d
10371,2025-10-13 22:59:05,40:4c:ca:5e:09:2c,-58,null
10372,2025-10-13 22:59:10,40:4c:ca:5e:00:a0,-75,40:4c:ca:5e:09:2d
10373,2025-10-13 23:04:06,40:4c:ca:5e:09:2c,-55,null
10374,2025-10-13 23:04:11,40:4c:ca:5e:00:a0,-76,40:4c:ca:5e:09:2d
10375,2025-10-13 23:09:06,40:4c:ca:5e:09:2c,-58,null
10376,2025-10-13 23:09:11,40:4c:ca:5e:00:a0,-78,40:4c:ca:5e:09:2d
10377,2025-10-13 23:14:06,40:4c:ca:5e:09:2c,-55,null
10378,2025-10-13 23:14:11,40:4c:ca:5e:00:a0,-77,40:4c:ca:5e:09:2d
10379,2025-10-13 23:19:06,40:4c:ca:5e:09:2c,-56,null
10380,2025-10-13 23:19:11,40:4c:ca:5e:00:a0,-75,40:4c:ca:5e:09:2d
10381,2025-10-13 23:24:06,40:4c:ca:5e:09:2c,-59,null
10382,2025-10-13 23:24:11,40:4c:ca:5e:00:a0,-75,40:4c:ca:5e:09:2d
10383,2025-10-13 23:29:06,40:4c:ca:5e:09:2c,-57,null
10384,2025-10-13 23:29:12,40:4c:ca:5e:00:a0,-75,40:4c:ca:5e:09:2d
10385,2025-10-13 23:34:06,40:4c:ca:5e:09:2c,-57,null
10386,2025-10-13 23:34:12,40:4c:ca:5e:00:a0,-75,40:4c:ca:5e:09:2d
10387,2025-10-13 23:39:06,40:4c:ca:5e:09:2c,-57,null
10388,2025-10-13 23:39:12,40:4c:ca:5e:00:a0,-75,40:4c:ca:5e:09:2d
10389,2025-10-13 23:44:08,40:4c:ca:5e:09:2c,-56,null
10390,2025-10-13 23:44:12,40:4c:ca:5e:00:a0,-75,40:4c:ca:5e:09:2d
10391,2025-10-13 23:49:06,40:4c:ca:5e:09:2c,-58,null
10392,2025-10-13 23:49:12,40:4c:ca:5e:00:a0,-75,40:4c:ca:5e:09:2d
10393,2025-10-13 23:54:06,40:4c:ca:5e:09:2c,-57,null
10394,2025-10-13 23:54:12,40:4c:ca:5e:00:a0,-75,40:4c:ca:5e:09:2d
10395,2025-10-13 23:59:06,40:4c:ca:5e:09:2c,-56,null
10396,2025-10-13 23:59:12,40:4c:ca:5e:00:a0,-75,40:4c:ca:5e:09:2d
10397,2025-10-14 00:04:06,40:4c:ca:5e:09:2c,-58,null
10398,2025-10-14 00:04:12,40:4c:ca:5e:00:a0,-75,40:4c:ca:5e:09:2d
10399,2025-10-14 00:09:06,40:4c:ca:5e:09:2c,-56,null
10400,2025-10-14 00:09:12,40:4c:ca:5e:00:a0,-75,40:4c:ca:5e:09:2d
10401,2025-10-14 00:14:06,40:4c:ca:5e:09:2c,-57,null
10402,2025-10-14 00:14:12,40:4c:ca:5e:00:a0,-75,40:4c:ca:5e:09:2d
10403,2025-10-14 00:19:06,40:4c:ca:5e:09:2c,-58,null
10404,2025-10-14 00:19:13,40:4c:ca:5e:00:a0,-75,40:4c:ca:5e:09:2d
10405,2025-10-14 00:24:06,40:4c:ca:5e:09:2c,-59,null
10406,2025-10-14 00:24:13,40:4c:ca:5e:00:a0,-75,40:4c:ca:5e:09:2d
10407,2025-10-14 00:29:06,40:4c:ca:5e:09:2c,-58,null
10408,2025-10-14 00:29:13,40:4c:ca:5e:00:a0,-75,40:4c:ca:5e:09:2d
10409,2025-10-14 00:34:06,40:4c:ca:5e:09:2c,-56,null
10410,2025-10-14 00:34:13,40:4c:ca:5e:00:a0,-75,40:4c:ca:5e:09:2d
10411,2025-10-14 00:39:06,40:4c:ca:5e:09:2c,-58,null
10412,2025-10-14 00:39:13,40:4c:ca:5e:00:a0,-75,40:4c:ca:5e:09:2d
10413,2025-10-14 00:44:06,40:4c:ca:5e:09:2c,-58,null
10414,2025-10-14 00:44:13,40:4c:ca:5e:00:a0,-75,40:4c:ca:5e:09:2d
10415,2025-10-14 00:49:06,40:4c:ca:5e:09:2c,-56,null
10416,2025-10-14 00:49:13,40:4c:ca:5e:00:a0,-75,40:4c:ca:5e:09:2d
10417,2025-10-14 00:54:06,40:4c:ca:5e:09:2c,-56,null
10418,2025-10-14 00:54:13,40:4c:ca:5e:00:a0,-75,40:4c:ca:5e:09:2d
10419,2025-10-14 00:59:06,40:4c:ca:5e:09:2c,-56,null
10420,2025-10-14 00:59:14,40:4c:ca:5e:00:a0,-75,40:4c:ca:5e:09:2d
10421,2025-10-14 01:04:06,40:4c:ca:5e:09:2c,-56,null
10422,2025-10-14 01:04:14,40:4c:ca:5e:00:a0,-75,40:4c:ca:5e:09:2d
10423,2025-10-14 01:09:06,40:4c:ca:5e:09:2c,-55,null
10424,2025-10-14 01:09:14,40:4c:ca:5e:00:a0,-75,40:4c:ca:5e:09:2d
10425,2025-10-14 01:14:06,40:4c:ca:5e:09:2c,-56,null
10426,2025-10-14 01:14:14,40:4c:ca:5e:00:a0,-75,40:4c:ca:5e:09:2d
10427,2025-10-14 01:19:06,40:4c:ca:5e:09:2c,-56,null
10428,2025-10-14 01:19:14,40:4c:ca:5e:00:a0,-75,40:4c:ca:5e:09:2d
10429,2025-10-14 01:24:06,40:4c:ca:5e:09:2c,-58,null
10430,2025-10-14 01:24:14,40:4c:ca:5e:00:a0,-75,40:4c:ca:5e:09:2d
10431,2025-10-14 01:29:06,40:4c:ca:5e:09:2c,-56,null
10432,2025-10-14 01:29:15,40:4c:ca:5e:00:a0,-75,40:4c:ca:5e:09:2d
10433,2025-10-14 01:34:06,40:4c:ca:5e:09:2c,-57,null
10434,2025-10-14 01:34:15,40:4c:ca:5e:00:a0,-74,40:4c:ca:5e:09:2d
10435,2025-10-14 01:39:06,40:4c:ca:5e:09:2c,-56,null
10436,2025-10-14 01:39:15,40:4c:ca:5e:00:a0,-75,40:4c:ca:5e:09:2d
10437,2025-10-14 01:44:06,40:4c:ca:5e:09:2c,-56,null
10438,2025-10-14 01:44:15,40:4c:ca:5e:00:a0,-74,40:4c:ca:5e:09:2d
10439,2025-10-14 01:49:06,40:4c:ca:5e:09:2c,-57,null
10440,2025-10-14 01:49:15,40:4c:ca:5e:00:a0,-74,40:4c:ca:5e:09:2d
10441,2025-10-14 01:54:06,40:4c:ca:5e:09:2c,-56,null
10442,2025-10-14 01:54:15,40:4c:ca:5e:00:a0,-74,40:4c:ca:5e:09:2d
10443,2025-10-14 01:59:06,40:4c:ca:5e:09:2c,-57,null
10444,2025-10-14 01:59:15,40:4c:ca:5e:00:a0,-74,40:4c:ca:5e:09:2d
10445,2025-10-14 02:04:06,40:4c:ca:5e:09:2c,-55,null
10446,2025-10-14 02:04:15,40:4c:ca:5e:00:a0,-75,40:4c:ca:5e:09:2d
10447,2025-10-14 02:09:06,40:4c:ca:5e:09:2c,-56,null
10448,2025-10-14 02:09:16,40:4c:ca:5e:00:a0,-75,40:4c:ca:5e:09:2d
10449,2025-10-14 02:14:06,40:4c:ca:5e:09:2c,-55,null
10450,2025-10-14 02:14:16,40:4c:ca:5e:00:a0,-74,40:4c:ca:5e:09:2d
10451,2025-10-14 02:19:06,40:4c:ca:5e:09:2c,-55,null
10452,2025-10-14 02:19:16,40:4c:ca:5e:00:a0,-75,40:4c:ca:5e:09:2d
10453,2025-10-14 02:24:06,40:4c:ca:5e:09:2c,-56,null
10454,2025-10-14 02:24:16,40:4c:ca:5e:00:a0,-74,40:4c:ca:5e:09:2d
10455,2025-10-14 02:29:06,40:4c:ca:5e:09:2c,-56,null
10456,2025-10-14 02:29:16,40:4c:ca:5e:00:a0,-75,40:4c:ca:5e:09:2d
10457,2025-10-14 02:34:06,40:4c:ca:5e:09:2c,-57,null
10458,2025-10-14 02:34:16,40:4c:ca:5e:00:a0,-74,40:4c:ca:5e:09:2d
10459,2025-10-14 02:39:06,40:4c:ca:5e:09:2c,-57,null
10460,2025-10-14 02:39:17,40:4c:ca:5e:00:a0,-75,40:4c:ca:5e:09:2d
10461,2025-10-14 02:44:06,40:4c:ca:5e:09:2c,-58,null
10462,2025-10-14 02:44:17,40:4c:ca:5e:00:a0,-74,40:4c:ca:5e:09:2d
10463,2025-10-14 02:49:06,40:4c:ca:5e:09:2c,-56,null
10464,2025-10-14 02:49:17,40:4c:ca:5e:00:a0,-74,40:4c:ca:5e:09:2d
10465,2025-10-14 02:54:06,40:4c:ca:5e:09:2c,-56,null
10466,2025-10-14 02:54:17,40:4c:ca:5e:00:a0,-74,40:4c:ca:5e:09:2d
10467,2025-10-14 02:59:06,40:4c:ca:5e:09:2c,-56,null
10468,2025-10-14 02:59:17,40:4c:ca:5e:00:a0,-74,40:4c:ca:5e:09:2d
10469,2025-10-14 03:04:06,40:4c:ca:5e:09:2c,-56,null
10470,2025-10-14 03:04:17,40:4c:ca:5e:00:a0,-74,40:4c:ca:5e:09:2d
10471,2025-10-14 03:09:07,40:4c:ca:5e:09:2c,-57,null
10472,2025-10-14 03:09:17,40:4c:ca:5e:00:a0,-74,40:4c:ca:5e:09:2d
10473,2025-10-14 03:14:07,40:4c:ca:5e:09:2c,-57,null
10474,2025-10-14 03:14:17,40:4c:ca:5e:00:a0,-74,40:4c:ca:5e:09:2d
10475,2025-10-14 03:19:07,40:4c:ca:5e:09:2c,-56,null
10476,2025-10-14 03:19:18,40:4c:ca:5e:00:a0,-74,40:4c:ca:5e:09:2d
10477,2025-10-14 03:24:07,40:4c:ca:5e:09:2c,-56,null
10478,2025-10-14 03:24:18,40:4c:ca:5e:00:a0,-74,40:4c:ca:5e:09:2d
10479,2025-10-14 03:29:07,40:4c:ca:5e:09:2c,-57,null
10480,2025-10-14 03:29:18,40:4c:ca:5e:00:a0,-75,40:4c:ca:5e:09:2d
10481,2025-10-14 03:34:07,40:4c:ca:5e:09:2c,-56,null
10482,2025-10-14 03:34:18,40:4c:ca:5e:00:a0,-74,40:4c:ca:5e:09:2d
10483,2025-10-14 03:39:07,40:4c:ca:5e:09:2c,-56,null
10484,2025-10-14 03:39:18,40:4c:ca:5e:00:a0,-74,40:4c:ca:5e:09:2d
10485,2025-10-14 03:44:07,40:4c:ca:5e:09:2c,-56,null
10486,2025-10-14 03:44:18,40:4c:ca:5e:00:a0,-74,40:4c:ca:5e:09:2d
10487,2025-10-14 03:49:07,40:4c:ca:5e:09:2c,-59,null
10488,2025-10-14 03:49:19,40:4c:ca:5e:00:a0,-74,40:4c:ca:5e:09:2d
10489,2025-10-14 03:54:07,40:4c:ca:5e:09:2c,-58,null
10490,2025-10-14 03:54:19,40:4c:ca:5e:00:a0,-74,40:4c:ca:5e:09:2d
10491,2025-10-14 03:59:07,40:4c:ca:5e:09:2c,-60,null
10492,2025-10-14 03:59:19,40:4c:ca:5e:00:a0,-74,40:4c:ca:5e:09:2d
10493,2025-10-14 04:04:07,40:4c:ca:5e:09:2c,-56,null
10494,2025-10-14 04:04:19,40:4c:ca:5e:00:a0,-74,40:4c:ca:5e:09:2d
10495,2025-10-14 04:09:07,40:4c:ca:5e:09:2c,-56,null
10496,2025-10-14 04:09:19,40:4c:ca:5e:00:a0,-74,40:4c:ca:5e:09:2d
10497,2025-10-14 04:14:07,40:4c:ca:5e:09:2c,-55,null
10498,2025-10-14 04:14:19,40:4c:ca:5e:00:a0,-73,40:4c:ca:5e:09:2d
10499,2025-10-14 04:19:07,40:4c:ca:5e:09:2c,-56,null
10500,2025-10-14 04:19:19,40:4c:ca:5e:00:a0,-74,40:4c:ca:5e:09:2d
10501,2025-10-14 04:24:07,40:4c:ca:5e:09:2c,-55,null
10502,2025-10-14 04:24:19,40:4c:ca:5e:00:a0,-74,40:4c:ca:5e:09:2d
10503,2025-10-14 04:24:28,null,,null
10504,2025-10-14 04:29:07,40:4c:ca:5e:09:2c,-55,null
10505,2025-10-14 04:29:20,40:4c:ca:5e:00:a0,-73,40:4c:ca:5e:09:2d
10506,2025-10-14 04:34:07,40:4c:ca:5e:09:2c,-55,null
10507,2025-10-14 04:34:20,40:4c:ca:5e:00:a0,-74,40:4c:ca:5e:09:2d
10508,2025-10-14 04:39:07,40:4c:ca:5e:09:2c,-56,null
10509,2025-10-14 04:39:20,40:4c:ca:5e:00:a0,-74,40:4c:ca:5e:09:2d
10510,2025-10-14 04:44:07,40:4c:ca:5e:09:2c,-55,null
10511,2025-10-14 04:44:20,40:4c:ca:5e:00:a0,-73,40:4c:ca:5e:09:2d
10512,2025-10-14 04:49:07,40:4c:ca:5e:09:2c,-57,null
10513,2025-10-14 04:49:20,40:4c:ca:5e:00:a0,-73,40:4c:ca:5e:09:2d
10514,2025-10-14 04:54:07,40:4c:ca:5e:09:2c,-55,null
10515,2025-10-14 04:54:20,40:4c:ca:5e:00:a0,-73,40:4c:ca:5e:09:2d
10516,2025-10-14 04:59:07,40:4c:ca:5e:09:2c,-57,null
10517,2025-10-14 04:59:20,40:4c:ca:5e:00:a0,-73,40:4c:ca:5e:09:2d
10518,2025-10-14 05:04:07,40:4c:ca:5e:09:2c,-56,null
10519,2025-10-14 05:04:20,40:4c:ca:5e:00:a0,-73,40:4c:ca:5e:09:2d
10520,2025-10-14 05:09:07,40:4c:ca:5e:09:2c,-57,null
10521,2025-10-14 05:09:21,40:4c:ca:5e:00:a0,-73,40:4c:ca:5e:09:2d
10522,2025-10-14 05:12:11,null,,null
10523,2025-10-14 05:14:07,40:4c:ca:5e:09:2c,-56,null
10524,2025-10-14 05:14:21,40:4c:ca:5e:00:a0,-73,40:4c:ca:5e:09:2d
10525,2025-10-14 05:19:07,40:4c:ca:5e:09:2c,-57,null
10526,2025-10-14 05:19:21,40:4c:ca:5e:00:a0,-73,40:4c:ca:5e:09:2d
10527,2025-10-14 05:24:08,40:4c:ca:5e:09:2c,-60,null
10528,2025-10-14 05:24:21,40:4c:ca:5e:00:a0,-73,40:4c:ca:5e:09:2d
10529,2025-10-14 05:29:07,40:4c:ca:5e:09:2c,-57,null
10530,2025-10-14 05:29:21,40:4c:ca:5e:00:a0,-73,40:4c:ca:5e:09:2d
10531,2025-10-14 05:34:07,40:4c:ca:5e:09:2c,-58,null
10532,2025-10-14 05:34:21,40:4c:ca:5e:00:a0,-73,40:4c:ca:5e:09:2d
10533,2025-10-14 05:39:07,40:4c:ca:5e:09:2c,-56,null
10534,2025-10-14 05:39:22,40:4c:ca:5e:00:a0,-73,40:4c:ca:5e:09:2d
10535,2025-10-14 05:44:07,40:4c:ca:5e:09:2c,-57,null
10536,2025-10-14 05:44:22,40:4c:ca:5e:00:a0,-73,40:4c:ca:5e:09:2d
10537,2025-10-14 05:49:07,40:4c:ca:5e:09:2c,-56,null
10538,2025-10-14 05:49:22,40:4c:ca:5e:00:a0,-73,40:4c:ca:5e:09:2d
10539,2025-10-14 05:54:07,40:4c:ca:5e:09:2c,-56,null
10540,2025-10-14 05:54:22,40:4c:ca:5e:00:a0,-72,40:4c:ca:5e:09:2d
10541,2025-10-14 05:59:07,40:4c:ca:5e:09:2c,-57,null
10542,2025-10-14 06:04:07,40:4c:ca:5e:09:2c,-55,null
10543,2025-10-14 06:09:08,40:4c:ca:5e:09:2c,-55,null
10544,2025-10-14 06:14:07,40:4c:ca:5e:09:2c,-55,null
10545,2025-10-14 06:19:07,40:4c:ca:5e:09:2c,-56,null
10546,2025-10-14 06:24:07,40:4c:ca:5e:09:2c,-55,null
10547,2025-10-14 06:29:07,40:4c:ca:5e:09:2c,-55,null
10548,2025-10-14 06:34:07,40:4c:ca:5e:09:2c,-56,null
10549,2025-10-14 06:39:07,40:4c:ca:5e:09:2c,-55,null
10550,2025-10-14 06:44:07,40:4c:ca:5e:09:2c,-55,null
10551,2025-10-14 06:49:07,40:4c:ca:5e:09:2c,-56,null
10552,2025-10-14 06:54:07,40:4c:ca:5e:09:2c,-55,null
10553,2025-10-14 06:59:07,40:4c:ca:5e:09:2c,-56,null
10554,2025-10-14 07:04:08,40:4c:ca:5e:09:2c,-55,null
